Date,Country,Region,Petrol_Price_USD_per_Liter,Diesel_Price_USD_per_Liter,Natural_Gas_Price_USD_per_MMBtu,Crude_Oil_Price_USD_per_Barrel,Inflation_Rate (%),Exchange_Rate_vs_USD,GDP_Growth (%),Supply_Index,Demand_Index,Geopolitical_Risk_Index,Event_Flag,Event_Description,Currency_Devaluation (%),Subsidy_Level,Tax_Rate_on_Fuel (%),Petrol_7d_MA,Petrol_28d_vol,Petrol_lag_1,Crude_lag_1,Scarcity_Flag,Year,Month,Quarter,Week,Day_Of_Week
2015-01-05,Brazil,Latin America,0.675,0.609,1.769,50.91,2.42,5.1316,0.58,46.7,53.9,20.4,0,No Event,0.32,Medium,20.0,0.675,0.0111023655697216,0.675,50.91,0,2015,1,1,2,0
2015-01-12,Brazil,Latin America,0.687,0.602,1.565,51.57,3.39,5.2201,2.08,39.9,67.4,23.5,0,No Event,-0.41,Medium,20.0,0.681,0.0111023655697216,0.675,50.91,1,2015,1,1,3,0
2015-01-19,Brazil,Latin America,0.71,0.642,1.76,53.96,2.03,5.0857,3.43,60.2,53.8,21.1,0,No Event,0.35,Medium,20.0,0.6906666666666667,0.0111023655697216,0.687,51.57,0,2015,1,1,4,0
2015-01-26,Brazil,Latin America,0.802,0.713,1.5,58.69,2.3,5.2486,1.96,49.1,63.8,24.5,0,No Event,-0.46,Medium,20.0,0.7185,0.0605263446989129,0.71,53.96,0,2015,1,1,5,0
2015-02-02,Brazil,Latin America,0.685,0.65,1.5,52.61,1.96,5.2284,1.83,45.2,53.8,25.4,0,No Event,-0.74,Medium,20.0,0.721,0.1143158875935553,0.802,58.69,0,2015,2,1,6,0
2015-02-09,Brazil,Latin America,0.752,0.677,1.504,56.93,1.93,5.1652,2.23,49.0,52.0,26.9,0,No Event,-0.06,Medium,20.0,0.73725,0.1067140652307509,0.685,52.61,0,2015,2,1,7,0
2015-02-16,Brazil,Latin America,0.796,0.682,1.989,58.99,1.31,5.265,1.96,51.4,59.8,28.9,0,No Event,-0.06,Medium,20.0,0.75875,0.0963355651844082,0.752,56.93,0,2015,2,1,8,0
2015-02-23,Brazil,Latin America,0.754,0.676,1.815,56.16,1.64,5.2038,3.37,60.0,55.0,29.7,0,No Event,-0.46,Medium,20.0,0.74675,0.0935801990339206,0.796,58.99,0,2015,2,1,9,0
2015-03-02,Brazil,Latin America,0.789,0.719,1.589,59.08,1.79,5.3089,1.46,58.5,40.5,23.2,0,No Event,-1.11,Medium,20.0,0.77275,0.0871486027257478,0.754,56.16,0,2015,3,1,10,0
2015-03-09,Brazil,Latin America,0.814,0.699,2.078,60.67,1.82,5.3272,1.8,63.0,44.6,21.5,0,No Event,-0.57,Medium,20.0,0.7882500000000001,0.0815700909421352,0.789,59.08,0,2015,3,1,11,0
2015-03-16,Brazil,Latin America,0.792,0.708,1.617,59.27,1.84,5.2744,0.34,61.1,65.5,27.7,0,No Event,-0.12,Medium,20.0,0.78725,0.0785840355891539,0.814,60.67,0,2015,3,1,12,0
2015-03-23,Brazil,Latin America,0.768,0.707,1.853,59.56,2.02,5.2418,2.52,38.8,55.3,22.7,0,No Event,0.58,Medium,20.0,0.7907500000000001,0.0760165331107227,0.792,59.27,1,2015,3,1,13,0
2015-03-30,Brazil,Latin America,0.792,0.701,1.774,59.89,2.33,5.2205,0.19,35.0,39.8,24.5,0,No Event,0.22,Medium,20.0,0.7915,0.0726404146159293,0.768,59.56,1,2015,3,1,14,0
2015-04-06,Brazil,Latin America,0.782,0.682,1.74,57.41,2.14,5.2552,2.41,52.0,61.0,28.0,0,No Event,-1.63,Medium,20.0,0.7835000000000001,0.0730969162931642,0.792,59.89,0,2015,4,2,15,0
2015-04-13,Brazil,Latin America,0.745,0.663,2.035,56.78,2.4,5.301,3.69,67.0,45.0,28.8,0,No Event,0.44,Medium,20.0,0.77175,0.0747753090609305,0.782,57.41,0,2015,4,2,16,0
2015-04-20,Brazil,Latin America,0.807,0.73,2.056,61.61,1.66,5.2209,4.58,47.6,52.1,26.7,0,No Event,0.24,Medium,20.0,0.7815,0.068804178165552,0.745,56.78,0,2015,4,2,17,0
2015-04-27,Brazil,Latin America,0.761,0.666,2.007,58.07,1.74,5.3253,2.09,78.0,50.4,28.6,0,No Event,-0.15,Medium,20.0,0.77375,0.0546841351624618,0.807,61.61,0,2015,4,2,18,0
2015-05-04,Brazil,Latin America,0.776,0.7,1.942,59.25,1.7,5.2262,0.21,59.9,43.8,24.1,0,No Event,-0.17,Medium,20.0,0.77225,0.0474758331812257,0.761,58.07,0,2015,5,2,19,0
2015-05-11,Brazil,Latin America,0.759,0.677,1.873,57.05,1.78,5.271,1.75,54.5,45.5,26.5,0,No Event,-0.49,Medium,20.0,0.7757499999999999,0.044617111537252,0.776,59.25,0,2015,5,2,20,0
2015-05-18,Brazil,Latin America,0.719,0.659,1.688,55.04,2.3,5.1649,2.94,56.3,46.8,23.6,0,No Event,-0.32,Medium,20.0,0.75375,0.0446107443148076,0.759,57.05,0,2015,5,2,21,0
2015-05-25,Brazil,Latin America,0.808,0.689,2.127,59.82,2.16,5.2417,2.06,56.8,53.4,27.1,0,No Event,0.38,Medium,20.0,0.7655,0.0564332883005239,0.719,55.04,0,2015,5,2,22,0
2015-06-01,Brazil,Latin America,0.744,0.656,1.745,55.69,2.17,5.2269,1.49,64.9,26.0,29.7,0,No Event,-0.03,Medium,20.0,0.7575000000000001,0.0603252874934806,0.808,59.82,0,2015,6,2,23,0
2015-06-08,Brazil,Latin America,0.731,0.668,1.951,55.15,1.94,5.3095,2.15,51.8,53.2,27.8,0,No Event,0.42,Medium,20.0,0.7505,0.0600828552464519,0.744,55.69,0,2015,6,2,24,0
2015-06-15,Brazil,Latin America,0.67,0.618,1.5,51.31,2.83,5.2277,3.56,60.8,38.6,20.0,0,No Event,-0.98,Medium,20.0,0.73825,0.0639479807062304,0.731,55.15,0,2015,6,2,25,0
2015-06-22,Brazil,Latin America,0.686,0.608,1.5,51.28,1.95,5.1604,0.7,44.1,38.5,23.2,0,No Event,0.71,Medium,20.0,0.7077500000000001,0.0635554982750253,0.67,51.31,0,2015,6,2,26,0
2015-06-29,Brazil,Latin America,0.677,0.617,1.5,51.81,2.22,5.2393,1.77,49.9,30.4,28.1,0,No Event,0.86,Medium,20.0,0.6910000000000001,0.0635574471195254,0.686,51.28,0,2015,6,2,27,0
2015-07-06,Brazil,Latin America,0.68,0.592,1.5,50.2,1.85,5.3171,1.58,45.1,58.8,21.2,0,No Event,-0.22,Medium,20.0,0.67825,0.0625527989375329,0.677,51.81,0,2015,7,3,28,0
2015-07-13,Brazil,Latin America,0.637,0.576,1.5,48.69,1.39,5.2729,1.33,38.6,36.8,21.5,0,No Event,-0.1,Medium,20.0,0.67,0.0577000790592927,0.68,50.2,0,2015,7,3,29,0
2015-07-20,Brazil,Latin America,0.604,0.563,1.66,46.71,1.9,5.1255,3.44,53.6,51.6,20.6,0,No Event,0.13,Medium,20.0,0.6495,0.0573997094265426,0.637,48.69,0,2015,7,3,30,0
2015-07-27,Brazil,Latin America,0.62,0.567,1.649,47.45,2.04,5.0969,3.28,38.6,35.4,27.5,0,No Event,-0.9,Medium,20.0,0.63525,0.0578319431573678,0.604,46.71,0,2015,7,3,31,0
2015-08-03,Brazil,Latin America,0.612,0.534,1.5,44.16,2.41,5.3062,3.18,47.5,54.6,27.2,0,No Event,-0.07,Medium,20.0,0.61825,0.0578212642909765,0.62,47.45,0,2015,8,3,32,0
2015-08-10,Brazil,Latin America,0.659,0.598,1.5,49.0,1.0,5.1484,0.76,61.3,43.7,26.1,0,No Event,0.14,Medium,20.0,0.62375,0.0623148801240797,0.612,44.16,0,2015,8,3,33,0
2015-08-17,Brazil,Latin America,0.594,0.54,1.5,44.41,2.64,5.1074,1.7,49.6,50.1,23.6,0,No Event,0.37,Medium,20.0,0.62125,0.0527076781154127,0.659,49.0,0,2015,8,3,34,0
2015-08-24,Brazil,Latin America,0.599,0.528,1.5,43.26,1.88,5.1828,2.0,43.6,45.3,22.7,0,No Event,0.37,Medium,20.0,0.616,0.0503853625505677,0.594,44.41,0,2015,8,3,35,0
2015-08-31,Brazil,Latin America,0.596,0.535,1.5,45.17,1.52,5.2134,0.44,40.4,55.5,24.5,0,No Event,-0.92,Medium,20.0,0.612,0.0504967145291823,0.599,43.26,0,2015,8,3,36,0
2015-09-07,Brazil,Latin America,0.53,0.464,1.5,39.52,2.45,5.1947,1.91,38.8,55.2,27.2,0,No Event,0.45,Medium,20.0,0.57975,0.0542978328574402,0.596,45.17,1,2015,9,3,37,0
2015-09-14,Brazil,Latin America,0.549,0.482,1.5,42.23,2.17,5.2109,-0.38,43.6,34.3,24.5,0,No Event,0.41,Medium,20.0,0.5685,0.0552378810347193,0.53,39.52,0,2015,9,3,38,0
2015-09-21,Brazil,Latin America,0.499,0.46,1.5,38.1,1.53,5.1203,4.24,45.2,45.1,24.1,0,No Event,0.91,Medium,20.0,0.5435,0.0591885057418952,0.549,42.23,0,2015,9,3,39,0
2015-09-28,Brazil,Latin America,0.49,0.446,1.5,37.54,2.91,5.1219,1.05,55.0,43.3,29.5,0,No Event,-0.62,Medium,20.0,0.517,0.0585785379092434,0.499,38.1,0,2015,9,3,40,0
2015-10-05,Brazil,Latin America,0.555,0.5,1.5,40.47,2.38,5.1643,1.16,47.6,47.4,25.0,0,No Event,0.07,Medium,20.0,0.52325,0.0726557774460303,0.49,37.54,0,2015,10,4,41,0
2015-10-12,Brazil,Latin America,0.56,0.498,1.5,42.22,2.34,5.1446,2.27,36.3,37.4,29.4,0,No Event,0.42,Medium,20.0,0.526,0.071510483107494,0.555,40.47,1,2015,10,4,42,0
2015-10-19,Brazil,Latin America,0.538,0.509,1.5,42.98,2.85,5.1591,4.19,41.3,61.3,20.5,0,No Event,0.13,Medium,20.0,0.5357500000000001,0.0714875345085037,0.56,42.22,0,2015,10,4,43,0
2015-10-26,Brazil,Latin America,0.531,0.474,1.5,40.29,1.79,5.1653,-0.24,49.0,51.8,23.6,0,No Event,0.37,Medium,20.0,0.546,0.0714880203383356,0.538,42.98,0,2015,10,4,44,0
2015-11-02,Brazil,Latin America,0.537,0.509,1.5,41.4,1.92,5.1886,1.21,27.6,31.3,21.1,0,No Event,0.33,Medium,20.0,0.5415,0.0666428888262345,0.531,40.29,1,2015,11,4,45,0
2015-11-09,Brazil,Latin America,0.54,0.499,1.5,41.69,1.35,5.1411,-0.39,68.1,65.5,27.5,0,No Event,0.41,Medium,20.0,0.5365,0.0613136216254189,0.537,41.4,0,2015,11,4,46,0
2015-11-16,Brazil,Latin America,0.577,0.529,1.5,43.07,2.25,5.1977,1.19,39.0,40.7,29.4,0,No Event,-0.57,Medium,20.0,0.54625,0.0649618987999116,0.54,41.69,1,2015,11,4,47,0
2015-11-23,Brazil,Latin America,0.547,0.492,1.5,41.74,2.56,5.2239,1.71,50.3,46.7,21.8,0,No Event,-0.34,Medium,20.0,0.55025,0.0666082605299358,0.577,43.07,0,2015,11,4,48,0
2015-11-30,Brazil,Latin America,0.654,0.593,1.515,49.23,1.86,5.1513,0.76,52.7,64.2,29.1,0,No Event,-0.32,Medium,20.0,0.5795,0.0798348273098739,0.547,41.74,0,2015,11,4,49,0
2015-12-07,Brazil,Latin America,0.609,0.549,1.5,46.83,1.79,5.1629,0.65,47.3,58.0,24.5,0,No Event,-0.3,Medium,20.0,0.59675,0.083623526754385,0.654,49.23,0,2015,12,4,50,0
2015-12-14,Brazil,Latin America,0.588,0.531,1.5,43.87,2.2,5.2216,0.96,63.7,54.7,28.9,0,No Event,0.04,Medium,20.0,0.5995,0.0787542158068644,0.609,46.83,0,2015,12,4,51,0
2015-12-21,Brazil,Latin America,0.659,0.601,1.5,49.98,1.79,5.1038,0.07,50.0,51.7,26.7,0,No Event,-0.38,Medium,20.0,0.6275,0.0832935893052028,0.588,43.87,0,2015,12,4,52,0
2015-12-28,Brazil,Latin America,0.651,0.585,1.749,49.45,3.17,5.2053,2.33,50.3,46.7,26.8,0,No Event,-0.56,Medium,20.0,0.62675,0.0770030730959744,0.659,49.98,0,2015,12,4,53,0
2016-01-04,Brazil,Latin America,0.643,0.58,1.5,48.47,2.04,5.2469,1.76,54.8,49.8,20.6,0,No Event,0.38,Medium,20.0,0.6352500000000001,0.0774211810848169,0.651,49.45,0,2016,1,1,1,0
2016-01-11,Brazil,Latin America,0.652,0.585,1.642,50.75,2.26,5.1611,2.76,36.4,58.2,21.9,0,No Event,-0.23,Medium,20.0,0.65125,0.0755843158431745,0.643,48.47,1,2016,1,1,2,0
2016-01-18,Brazil,Latin America,0.71,0.659,1.666,54.77,1.77,5.1865,0.58,52.2,61.0,24.6,0,No Event,-0.98,Medium,20.0,0.664,0.0774185765000602,0.652,50.75,0,2016,1,1,3,0
2016-01-25,Brazil,Latin America,0.764,0.681,1.958,58.02,2.67,5.2705,5.45,54.5,54.1,27.6,0,No Event,0.96,Medium,20.0,0.6922499999999999,0.0784681071191777,0.71,54.77,0,2016,1,1,4,0
2016-02-01,Brazil,Latin America,0.716,0.636,1.5,53.83,2.17,5.122,-0.44,59.0,62.1,25.3,0,No Event,-0.23,Medium,20.0,0.7105,0.0829566746171265,0.764,58.02,0,2016,2,1,5,0
2016-02-08,Brazil,Latin America,0.713,0.637,1.853,53.53,1.94,5.2203,1.24,48.1,56.0,27.0,0,No Event,0.39,Medium,20.0,0.7257499999999999,0.082283482564345,0.716,53.83,0,2016,2,1,6,0
2016-02-15,Brazil,Latin America,0.793,0.734,1.528,59.96,1.64,5.1809,2.9,57.6,49.4,25.3,0,No Event,-0.02,Medium,20.0,0.7464999999999999,0.0827434787619663,0.713,53.53,0,2016,2,1,7,0
2016-02-22,Brazil,Latin America,0.797,0.755,1.718,61.14,2.29,5.1939,1.28,53.5,51.0,24.8,0,No Event,0.3,Medium,20.0,0.75475,0.0654762023007297,0.793,59.96,0,2016,2,1,8,0
2016-02-29,Brazil,Latin America,0.772,0.699,1.622,59.3,2.07,5.2036,4.41,50.2,49.6,20.8,0,No Event,1.17,Medium,20.0,0.76875,0.0617209135931423,0.797,61.14,0,2016,2,1,9,0
2016-03-07,Brazil,Latin America,0.796,0.707,1.628,59.85,2.36,5.277,1.51,54.5,55.0,20.6,0,No Event,-0.05,Medium,20.0,0.7895,0.0591493306966252,0.772,59.3,0,2016,3,1,10,0
2016-03-14,Brazil,Latin America,0.772,0.711,1.835,59.0,2.46,5.2008,1.28,52.1,33.3,26.7,0,No Event,-0.62,Medium,20.0,0.7842500000000001,0.0531696931739436,0.796,59.85,0,2016,3,1,11,0
2016-03-21,Brazil,Latin America,0.775,0.679,1.5,57.29,2.85,5.1872,1.06,48.0,52.9,29.5,0,No Event,0.35,Medium,20.0,0.77875,0.0526374815858545,0.772,59.0,0,2016,3,1,12,0
2016-03-28,Brazil,Latin America,0.837,0.782,1.802,63.52,1.35,5.2972,1.48,62.3,52.2,29.6,0,No Event,-0.89,Medium,20.0,0.7949999999999999,0.0548454367853565,0.775,57.29,0,2016,3,1,13,0
2016-04-04,Brazil,Latin America,0.87,0.759,1.635,64.3,2.63,5.2334,3.33,45.1,56.3,20.5,0,No Event,-0.31,Medium,20.0,0.8135,0.0549336394710247,0.837,63.52,0,2016,4,2,14,0
2016-04-11,Brazil,Latin America,0.79,0.726,1.5,60.43,1.5,5.2735,1.42,58.1,57.5,25.6,0,No Event,0.09,Medium,20.0,0.8180000000000001,0.0605280248281345,0.87,64.3,0,2016,4,2,15,0
2016-04-18,Brazil,Latin America,0.812,0.736,1.952,61.65,1.82,5.1804,2.42,49.4,46.0,26.3,0,No Event,-0.76,Medium,20.0,0.82725,0.0573025965558281,0.79,60.43,0,2016,4,2,16,0
2016-04-25,Brazil,Latin America,0.82,0.74,1.572,60.85,2.34,5.2345,3.9,56.3,52.6,21.0,0,No Event,0.62,Medium,20.0,0.8230000000000001,0.0529768971803648,0.812,61.65,0,2016,4,2,17,0
2016-05-02,Brazil,Latin America,0.755,0.716,2.073,57.62,1.85,5.2577,1.6,64.7,43.8,24.2,0,No Event,-0.1,Medium,20.0,0.79425,0.0592117033737275,0.82,60.85,0,2016,5,2,18,0
2016-05-09,Brazil,Latin America,0.796,0.733,1.805,60.58,1.94,5.2181,3.74,48.0,59.7,27.1,0,No Event,0.22,Medium,20.0,0.79575,0.0516860031499951,0.755,57.62,0,2016,5,2,19,0
2016-05-16,Brazil,Latin America,0.844,0.755,1.801,62.52,1.88,5.2361,-0.38,49.8,44.1,22.0,0,No Event,0.28,Medium,20.0,0.80375,0.054414194987091,0.796,60.58,0,2016,5,2,20,0
2016-05-23,Brazil,Latin America,0.778,0.679,1.5,57.13,2.42,5.2539,2.09,58.6,45.6,27.6,0,No Event,-0.45,Medium,20.0,0.79325,0.0588493256041098,0.844,62.52,0,2016,5,2,21,0
2016-05-30,Brazil,Latin America,0.811,0.726,2.087,60.69,2.18,5.2501,0.52,47.2,38.9,22.1,0,No Event,0.6,Medium,20.0,0.80725,0.0594416704964392,0.778,57.13,0,2016,5,2,22,0
2016-06-06,Brazil,Latin America,0.682,0.603,1.5,51.32,3.08,5.2621,0.12,45.0,49.7,26.2,0,No Event,0.23,Medium,20.0,0.7787499999999999,0.0754982867893718,0.811,60.69,0,2016,6,2,23,0
2016-06-13,Brazil,Latin America,0.745,0.669,1.5,56.18,2.63,5.1886,2.9,48.2,34.4,23.3,0,No Event,-1.11,Medium,20.0,0.754,0.0808474661318637,0.682,51.32,0,2016,6,2,24,0
2016-06-20,Brazil,Latin America,0.728,0.607,1.507,52.68,1.93,5.1842,5.57,44.8,48.0,26.8,0,No Event,-0.92,Medium,20.0,0.7415,0.0769330195543572,0.745,56.18,0,2016,6,2,25,0
2016-06-27,Brazil,Latin America,0.711,0.642,1.538,52.2,2.64,5.0502,2.61,63.6,44.7,28.2,0,No Event,-0.25,Medium,20.0,0.7165,0.0754813104958314,0.728,52.68,0,2016,6,2,26,0
2016-07-04,Brazil,Latin America,0.686,0.635,1.817,53.02,1.74,5.1781,0.71,49.9,45.9,20.7,0,No Event,-0.37,Medium,20.0,0.7175,0.0718392911748328,0.711,52.2,0,2016,7,3,27,0
2016-07-11,Brazil,Latin America,0.6,0.527,1.5,45.83,2.08,5.1675,-0.79,50.4,46.9,25.9,0,No Event,-0.69,Medium,20.0,0.68125,0.0780010856500773,0.686,53.02,0,2016,7,3,28,0
2016-07-18,Brazil,Latin America,0.635,0.566,1.5,47.87,2.14,5.1996,1.89,55.9,35.5,20.2,0,No Event,-0.83,Medium,20.0,0.658,0.0809987019891274,0.6,45.83,0,2016,7,3,29,0
2016-07-25,Brazil,Latin America,0.646,0.549,1.5,47.96,2.31,5.1896,2.06,38.3,49.8,26.0,0,No Event,-0.67,Medium,20.0,0.64175,0.0791299149682048,0.635,47.87,1,2016,7,3,30,0
2016-08-01,Brazil,Latin America,0.666,0.569,1.627,48.81,2.26,5.0973,1.6,52.4,43.6,23.9,0,No Event,1.01,Medium,20.0,0.63675,0.077681424238666,0.646,47.96,0,2016,8,3,31,0
2016-08-08,Brazil,Latin America,0.611,0.532,1.5,45.8,2.26,5.1071,-1.9,48.4,57.6,26.2,0,No Event,-0.18,Medium,20.0,0.6395,0.0765584758505688,0.666,48.81,0,2016,8,3,32,0
2016-08-15,Brazil,Latin America,0.607,0.518,1.539,43.93,2.4,5.2221,0.61,39.5,41.9,28.3,0,No Event,-0.97,Medium,20.0,0.6325000000000001,0.0746983100060102,0.611,45.8,1,2016,8,3,33,0
2016-08-22,Brazil,Latin America,0.571,0.519,1.5,43.87,1.04,5.19,3.21,45.4,47.2,22.3,0,No Event,-0.08,Medium,20.0,0.61375,0.0729973885605219,0.607,43.93,0,2016,8,3,34,0
2016-08-29,Brazil,Latin America,0.609,0.559,1.624,46.1,1.92,5.1716,2.19,57.0,57.4,20.4,0,No Event,0.86,Medium,20.0,0.5995,0.0642108273963984,0.571,43.87,0,2016,8,3,35,0
2016-09-05,Brazil,Latin America,0.587,0.54,1.5,44.76,2.03,5.0896,2.75,64.7,51.8,27.2,0,No Event,0.54,Medium,20.0,0.5934999999999999,0.0562707111856217,0.609,46.1,0,2016,9,3,36,0
2016-09-12,Brazil,Latin America,0.539,0.492,1.5,40.24,2.46,5.0875,5.0,45.8,46.0,25.7,0,No Event,-0.36,Medium,20.0,0.5765,0.0592097578795508,0.587,44.76,0,2016,9,3,37,0
2016-09-19,Brazil,Latin America,0.597,0.545,1.5,44.39,2.62,5.2227,2.53,48.1,51.6,29.9,0,No Event,0.22,Medium,20.0,0.583,0.0702044955902508,0.539,40.24,0,2016,9,3,38,0
2016-09-26,Brazil,Latin America,0.562,0.512,1.5,42.24,2.11,5.1076,2.14,50.7,53.5,23.0,0,No Event,-0.25,Medium,20.0,0.57125,0.0712223775334586,0.597,44.39,0,2016,9,3,39,0
2016-10-03,Brazil,Latin America,0.584,0.539,1.571,44.12,2.08,5.2048,3.31,42.1,46.7,22.0,0,No Event,0.64,Medium,20.0,0.5705,0.0632517359430871,0.562,42.24,0,2016,10,4,40,0
2016-10-10,Brazil,Latin America,0.54,0.494,1.5,41.2,2.2,5.1544,2.8,37.2,44.3,20.9,0,No Event,0.7,Medium,20.0,0.57075,0.0637330239161396,0.584,44.12,1,2016,10,4,41,0
2016-10-17,Brazil,Latin America,0.535,0.46,1.5,40.19,2.69,5.0547,3.12,42.0,61.8,22.9,0,No Event,0.19,Medium,20.0,0.55525,0.0630966670856133,0.54,41.2,0,2016,10,4,42,0
2016-10-24,Brazil,Latin America,0.571,0.514,1.5,42.17,1.48,5.1298,2.58,46.3,58.5,27.2,0,No Event,0.43,Medium,20.0,0.5575,0.0662319503444866,0.535,40.19,0,2016,10,4,43,0
2016-10-31,Brazil,Latin America,0.55,0.497,1.5,41.7,2.53,5.0931,3.8,45.4,58.9,25.5,0,No Event,-0.5,Medium,20.0,0.5489999999999999,0.0629544039409938,0.571,42.17,0,2016,10,4,44,0
2016-11-07,Brazil,Latin America,0.578,0.511,1.581,44.34,1.98,5.1583,2.16,56.6,41.7,26.5,0,No Event,0.05,Medium,20.0,0.5585,0.0651334219884472,0.55,41.7,0,2016,11,4,45,0
2016-11-14,Brazil,Latin America,0.592,0.532,1.5,44.52,1.58,5.1533,1.47,43.9,62.3,23.6,0,No Event,-0.07,Medium,20.0,0.57275,0.0628936328714493,0.578,44.34,0,2016,11,4,46,0
2016-11-21,Brazil,Latin America,0.595,0.546,1.576,45.4,1.76,5.1672,2.05,51.5,49.3,27.7,0,No Event,0.28,Medium,20.0,0.57875,0.0598376380218993,0.592,44.52,0,2016,11,4,47,0
2016-11-28,Brazil,Latin America,0.622,0.561,1.5,46.38,2.57,5.187,1.09,50.6,49.1,28.2,0,No Event,0.37,Medium,20.0,0.59675,0.0600275159231845,0.595,45.4,0,2016,11,4,48,0
2016-12-05,Brazil,Latin America,0.614,0.538,1.502,44.72,1.74,5.1338,2.67,43.6,55.9,28.0,0,No Event,-0.56,Medium,20.0,0.60575,0.0537886599093125,0.622,46.38,0,2016,12,4,49,0
2016-12-12,Brazil,Latin America,0.638,0.572,1.5,49.44,1.96,5.1715,1.4,44.7,49.8,20.9,0,No Event,0.17,Medium,20.0,0.61725,0.0457847939517707,0.614,44.72,0,2016,12,4,50,0
2016-12-19,Brazil,Latin America,0.687,0.619,1.736,49.84,1.75,5.3329,1.14,50.1,62.0,24.5,0,No Event,0.37,Medium,20.0,0.64025,0.0449505240976003,0.638,49.44,0,2016,12,4,51,0
2016-12-26,Brazil,Latin America,0.645,0.589,1.5,49.23,2.87,5.2355,1.42,57.3,74.1,27.2,0,No Event,0.3,Medium,20.0,0.646,0.049693778189954,0.687,49.84,0,2016,12,4,52,0
2017-01-02,Brazil,Latin America,0.691,0.608,1.627,51.97,2.08,5.1505,3.96,43.8,46.0,28.7,0,No Event,0.1,Medium,20.0,0.66525,0.0447316290747618,0.645,49.23,0,2017,1,1,1,0
2017-01-09,Brazil,Latin America,0.744,0.668,1.522,55.29,2.13,5.1949,2.59,70.0,58.2,20.4,0,No Event,0.29,Medium,20.0,0.6917500000000001,0.0461874386173594,0.691,51.97,0,2017,1,1,2,0
2017-01-16,Brazil,Latin America,0.78,0.685,1.657,59.38,2.96,5.1595,2.45,44.6,43.5,29.5,0,No Event,-0.19,Medium,20.0,0.715,0.0450653612568695,0.744,55.29,0,2017,1,1,3,0
2017-01-23,Brazil,Latin America,0.716,0.644,1.574,55.36,2.74,5.1719,2.86,52.8,47.0,20.3,0,No Event,-0.41,Medium,20.0,0.73275,0.052238021122054,0.78,59.38,0,2017,1,1,4,0
2017-01-30,Brazil,Latin America,0.75,0.686,1.509,57.44,1.67,5.1894,1.73,55.5,64.1,23.1,0,No Event,0.0,Medium,20.0,0.7475,0.0520837733127971,0.716,55.36,0,2017,1,1,5,0
2017-02-06,Brazil,Latin America,0.751,0.687,1.602,55.29,2.2,5.3171,3.72,60.7,52.6,20.0,0,No Event,0.1,Medium,20.0,0.7492500000000001,0.0524606939617311,0.75,57.44,0,2017,2,1,6,0
2017-02-13,Brazil,Latin America,0.765,0.688,1.992,55.37,2.64,5.2647,1.9,57.4,65.0,27.4,0,No Event,1.08,Medium,20.0,0.7455,0.0522248508854793,0.751,55.29,0,2017,2,1,7,0
2017-02-20,Brazil,Latin America,0.825,0.725,1.97,61.58,1.45,5.1936,-0.11,49.2,39.1,25.3,0,No Event,-0.48,Medium,20.0,0.7727499999999999,0.0543730232009598,0.765,55.37,0,2017,2,1,8,0
2017-02-27,Brazil,Latin America,0.831,0.733,1.751,61.6,2.99,5.2603,1.44,57.2,57.4,22.9,0,No Event,-0.71,Medium,20.0,0.793,0.053394299172879,0.825,61.58,0,2017,2,1,9,0
2017-03-06,Brazil,Latin America,0.877,0.783,2.308,66.59,1.68,5.1982,2.42,52.7,43.4,24.8,0,No Event,-0.26,Medium,20.0,0.8245,0.0539368124578404,0.831,61.6,0,2017,3,1,10,0
2017-03-13,Brazil,Latin America,0.816,0.756,2.077,62.79,2.43,5.2844,2.0,54.6,58.4,28.1,0,No Event,0.46,Medium,20.0,0.83725,0.0583198648659498,0.877,66.59,0,2017,3,1,11,0
2017-03-20,Brazil,Latin America,0.831,0.752,1.596,62.61,1.68,5.2458,1.13,60.1,53.5,28.5,0,No Event,-0.5,Medium,20.0,0.83875,0.0530349168932205,0.816,62.79,0,2017,3,1,12,0
2017-03-27,Brazil,Latin America,0.849,0.738,1.994,62.43,1.75,5.3005,2.71,48.4,42.5,24.0,0,No Event,0.74,Medium,20.0,0.8432499999999999,0.0507810320530947,0.831,62.61,0,2017,3,1,13,0
2017-04-03,Brazil,Latin America,0.78,0.722,1.77,60.52,1.73,5.365,3.49,50.5,59.0,27.4,0,No Event,-0.51,Medium,20.0,0.819,0.0546514395611372,0.849,62.43,0,2017,4,2,14,0
2017-04-10,Brazil,Latin America,0.833,0.758,1.881,64.14,1.72,5.2356,0.74,60.9,60.2,29.9,0,No Event,0.85,Medium,20.0,0.8232499999999999,0.0563185068063239,0.78,60.52,0,2017,4,2,15,0
2017-04-17,Brazil,Latin America,0.877,0.754,2.263,63.29,1.61,5.2854,-0.05,61.9,47.7,23.9,0,No Event,0.98,Medium,20.0,0.83475,0.0500466356255091,0.833,64.14,0,2017,4,2,16,0
2017-04-24,Brazil,Latin America,0.804,0.77,1.604,62.97,1.81,5.1913,1.0,58.6,39.7,29.9,0,No Event,0.23,Medium,20.0,0.8235,0.0568583687172768,0.877,63.29,0,2017,4,2,17,0
2017-05-01,Brazil,Latin America,0.793,0.72,2.009,59.85,1.65,5.263,3.21,56.5,57.1,21.8,0,No Event,-0.82,Medium,20.0,0.82675,0.0571663503273643,0.804,62.97,0,2017,5,2,18,0
2017-05-08,Brazil,Latin America,0.856,0.734,2.127,63.18,3.06,5.3257,2.61,43.7,32.5,27.1,0,No Event,-0.3,Medium,20.0,0.8325,0.0609518642310586,0.793,59.85,0,2017,5,2,19,0
2017-05-15,Brazil,Latin America,0.734,0.686,1.819,56.07,2.01,5.1823,2.96,52.6,32.7,21.4,0,No Event,-0.29,Medium,20.0,0.79675,0.0712730048372362,0.856,63.18,0,2017,5,2,20,0
2017-05-22,Brazil,Latin America,0.783,0.718,1.792,60.19,2.81,5.1564,0.96,49.2,49.1,25.9,0,No Event,-0.68,Medium,20.0,0.7915000000000001,0.0743782711501792,0.734,56.07,0,2017,5,2,21,0
2017-05-29,Brazil,Latin America,0.861,0.752,2.112,64.46,1.79,5.1845,3.74,53.2,51.2,21.6,0,No Event,0.32,Medium,20.0,0.8085,0.0784829466534254,0.783,60.19,0,2017,5,2,22,0
2017-06-05,Brazil,Latin America,0.723,0.618,1.725,55.45,3.06,5.1829,4.22,43.5,48.8,25.8,0,No Event,-0.02,Medium,20.0,0.77525,0.0895281272141152,0.861,64.46,0,2017,6,2,23,0
2017-06-12,Brazil,Latin America,0.699,0.645,1.5,53.89,2.67,5.1886,2.31,54.5,45.2,26.0,0,No Event,-0.0,Medium,20.0,0.7665,0.0894789074042546,0.723,55.45,0,2017,6,2,24,0
2017-06-19,Brazil,Latin America,0.737,0.645,1.784,55.33,0.87,5.2097,0.9,50.9,54.2,21.2,0,No Event,0.02,Medium,20.0,0.7549999999999999,0.0910318224140682,0.699,53.89,0,2017,6,2,25,0
2017-06-26,Brazil,Latin America,0.701,0.632,1.665,52.82,2.22,5.1188,-0.57,65.3,47.1,23.7,0,No Event,0.06,Medium,20.0,0.715,0.0891127068363137,0.737,55.33,0,2017,6,2,26,0
2017-07-03,Brazil,Latin America,0.65,0.595,1.558,49.62,2.22,5.1269,3.22,51.0,47.6,25.4,0,No Event,0.17,Medium,20.0,0.69675,0.0878800996012848,0.701,52.82,0,2017,7,3,27,0
2017-07-10,Brazil,Latin America,0.688,0.62,1.841,51.54,2.92,5.1875,1.63,47.7,38.8,22.2,0,No Event,-0.46,Medium,20.0,0.6940000000000001,0.0883003632047834,0.65,49.62,0,2017,7,3,28,0
2017-07-17,Brazil,Latin America,0.613,0.573,1.5,47.92,1.82,5.1971,1.55,43.8,47.5,29.6,0,No Event,-0.2,Medium,20.0,0.663,0.0903652577780379,0.688,51.54,0,2017,7,3,29,0
2017-07-24,Brazil,Latin America,0.667,0.603,1.5,49.98,1.86,5.2472,1.94,40.2,38.9,26.0,0,No Event,0.41,Medium,20.0,0.6545,0.0954863272878727,0.613,47.92,0,2017,7,3,30,0
2017-07-31,Brazil,Latin America,0.62,0.564,1.628,46.98,2.5,5.1436,4.76,40.8,51.8,25.8,0,No Event,-0.1,Medium,20.0,0.647,0.0924809599405089,0.667,49.98,0,2017,7,3,31,0
2017-08-07,Brazil,Latin America,0.689,0.621,1.5,51.66,2.46,5.158,2.04,47.8,43.8,29.9,0,No Event,0.25,Medium,20.0,0.64725,0.0915505883374902,0.62,46.98,0,2017,8,3,32,0
2017-08-14,Brazil,Latin America,0.558,0.505,1.5,42.29,2.59,5.1207,1.29,56.9,51.1,29.1,0,No Event,-0.26,Medium,20.0,0.6335,0.1034437482296696,0.689,51.66,0,2017,8,3,33,0
2017-08-21,Brazil,Latin America,0.582,0.533,1.5,44.13,1.87,5.1315,1.09,50.2,46.4,23.4,0,No Event,0.76,Medium,20.0,0.61225,0.0985309615444788,0.558,42.29,0,2017,8,3,34,0
2017-08-28,Brazil,Latin America,0.576,0.54,1.5,45.05,1.76,5.119,0.2,44.7,50.4,27.7,0,No Event,0.76,Medium,20.0,0.60125,0.0892236867167212,0.582,44.13,0,2017,8,3,35,0
2017-09-04,Brazil,Latin America,0.554,0.489,1.5,41.52,1.91,5.2168,1.02,48.0,48.6,29.9,0,No Event,0.83,Medium,20.0,0.5675,0.0893281953549804,0.576,45.05,0,2017,9,3,36,0
2017-09-11,Brazil,Latin America,0.57,0.531,1.5,44.02,2.09,5.2461,0.93,37.2,50.0,21.1,0,No Event,-0.49,Medium,20.0,0.5705,0.0878096325539526,0.554,41.52,1,2017,9,3,37,0
2017-09-18,Brazil,Latin America,0.612,0.542,1.5,46.57,2.42,5.175,2.46,40.3,52.2,27.9,0,No Event,-0.23,Medium,20.0,0.578,0.0909026190186367,0.57,44.02,0,2017,9,3,38,0
2017-09-25,Brazil,Latin America,0.519,0.452,1.5,39.16,1.7,5.243,1.28,47.1,68.7,29.8,0,No Event,-0.14,Medium,20.0,0.56375,0.0986352301412127,0.612,46.57,0,2017,9,3,39,0
2017-10-02,Brazil,Latin America,0.59,0.547,1.5,44.08,2.3,5.085,1.33,44.3,49.4,24.0,0,No Event,0.84,Medium,20.0,0.57275,0.1061642815510839,0.519,39.16,0,2017,10,4,40,0
2017-10-09,Brazil,Latin America,0.569,0.524,1.5,42.57,2.33,5.197,0.61,43.9,51.2,28.9,0,No Event,-0.18,Medium,20.0,0.5725,0.1017993490548665,0.59,44.08,0,2017,10,4,41,0
2017-10-16,Brazil,Latin America,0.564,0.541,1.5,44.1,2.57,5.0357,1.2,40.7,49.6,25.6,0,No Event,-0.34,Medium,20.0,0.5605,0.097835066693772,0.569,42.57,0,2017,10,4,42,0
2017-10-23,Brazil,Latin America,0.512,0.483,1.5,39.62,2.12,5.2338,2.92,51.2,56.8,26.7,0,No Event,0.13,Medium,20.0,0.55875,0.0992607951528167,0.564,44.1,0,2017,10,4,43,0
2017-10-30,Brazil,Latin America,0.543,0.48,1.5,40.3,1.88,5.132,1.05,42.7,47.9,28.6,0,No Event,0.59,Medium,20.0,0.547,0.0945402636569332,0.512,39.62,0,2017,10,4,44,0
2017-11-06,Brazil,Latin America,0.615,0.548,1.5,46.34,1.57,5.1784,-0.76,35.5,51.7,28.3,0,No Event,0.21,Medium,20.0,0.5585,0.0858008860694259,0.543,40.3,1,2017,11,4,45,0
2017-11-13,Brazil,Latin America,0.617,0.55,1.5,46.19,2.3,5.2087,1.63,39.8,58.6,21.1,0,No Event,0.71,Medium,20.0,0.57175,0.0852409669861267,0.615,46.34,1,2017,11,4,46,0
2017-11-20,Brazil,Latin America,0.64,0.578,1.676,47.53,1.96,5.1704,0.73,47.9,54.5,29.4,0,No Event,-0.09,Medium,20.0,0.60375,0.0854069945785716,0.617,46.19,0,2017,11,4,47,0
2017-11-27,Brazil,Latin America,0.648,0.595,1.5,48.32,2.39,5.2762,0.28,40.4,37.0,25.2,0,No Event,-0.77,Medium,20.0,0.63,0.0839291011297772,0.64,47.53,0,2017,11,4,48,0
2017-12-04,Brazil,Latin America,0.644,0.591,1.5,48.04,2.56,5.2344,1.83,46.6,56.0,24.6,0,No Event,0.17,Medium,20.0,0.6372500000000001,0.084065755368749,0.648,48.32,0,2017,12,4,49,0
2017-12-11,Brazil,Latin America,0.637,0.588,1.527,49.16,2.51,5.2175,0.36,61.5,49.0,28.8,0,No Event,-0.4,Medium,20.0,0.64225,0.0820824179217497,0.644,48.04,0,2017,12,4,50,0
2017-12-18,Brazil,Latin America,0.671,0.609,1.5,50.7,2.24,5.1269,1.32,69.8,56.9,23.2,0,No Event,-0.2,Medium,20.0,0.65,0.0658562192239275,0.637,49.16,0,2017,12,4,51,0
2017-12-25,Brazil,Latin America,0.688,0.617,1.512,50.97,2.54,5.2181,3.39,50.7,48.8,27.8,0,No Event,0.24,Medium,20.0,0.6599999999999999,0.055474577959501,0.671,50.7,0,2017,12,4,52,0
2018-01-01,Brazil,Latin America,0.779,0.669,1.605,58.27,2.7,5.136,2.11,43.9,56.7,26.2,0,No Event,-0.1,Medium,20.0,0.69375,0.0624791346815434,0.688,50.97,0,2018,1,1,1,0
2018-01-08,Brazil,Latin America,0.745,0.646,1.78,56.41,2.04,5.1201,0.85,52.4,54.7,23.7,0,No Event,-0.95,Medium,20.0,0.72075,0.0651130092881042,0.779,58.27,0,2018,1,1,2,0
2018-01-15,Brazil,Latin America,0.673,0.624,1.798,52.16,3.08,5.2201,1.72,37.9,64.2,25.6,0,No Event,-0.81,Medium,20.0,0.72125,0.0658511290874067,0.745,56.41,1,2018,1,1,3,0
2018-01-22,Brazil,Latin America,0.812,0.724,1.83,60.28,1.62,5.2985,3.57,54.7,56.9,28.9,0,No Event,-1.12,Medium,20.0,0.7522500000000001,0.0840026053904586,0.673,52.16,0,2018,1,1,4,0
2018-01-29,Brazil,Latin America,0.758,0.646,1.74,55.02,2.16,5.1826,1.48,50.0,58.9,21.4,0,No Event,-0.85,Medium,20.0,0.7470000000000001,0.0830944231488289,0.812,60.28,0,2018,1,1,5,0
2018-02-05,Brazil,Latin America,0.794,0.707,1.852,60.11,2.9,5.2227,2.67,57.3,60.9,23.9,0,No Event,0.0,Medium,20.0,0.75925,0.0832380603002535,0.758,55.02,0,2018,2,1,6,0
2018-02-12,Brazil,Latin America,0.815,0.76,1.762,62.39,2.42,5.3269,1.78,40.4,58.6,21.4,0,No Event,-0.09,Medium,20.0,0.7947500000000001,0.0831425874832798,0.794,60.11,0,2018,2,1,7,0
2018-02-19,Brazil,Latin America,0.797,0.714,1.84,59.74,2.01,5.3312,2.19,30.6,52.2,29.2,0,No Event,0.04,Medium,20.0,0.7909999999999999,0.0841460627764874,0.815,62.39,1,2018,2,1,8,0
2018-02-26,Brazil,Latin America,0.868,0.761,1.572,63.62,3.17,5.2481,4.14,42.3,55.0,26.1,0,No Event,0.11,Medium,20.0,0.8185,0.085880301833134,0.797,59.74,0,2018,2,1,9,0
2018-03-05,Brazil,Latin America,0.868,0.741,1.799,62.51,2.6,5.2858,1.03,54.5,44.6,23.3,0,No Event,-0.56,Medium,20.0,0.8370000000000001,0.0854848820181698,0.868,63.62,0,2018,3,1,10,0
2018-03-12,Brazil,Latin America,0.84,0.749,1.666,64.07,2.71,5.2021,2.45,59.8,48.0,29.5,0,No Event,0.79,Medium,20.0,0.84325,0.0868561568316882,0.868,62.51,0,2018,3,1,11,0
2018-03-19,Brazil,Latin America,0.913,0.786,2.134,66.16,2.19,5.2423,1.47,60.2,53.2,22.6,0,No Event,-0.64,Medium,20.0,0.87225,0.0888556971731532,0.84,64.07,0,2018,3,1,12,0
2018-03-26,Brazil,Latin America,0.823,0.744,2.043,62.81,2.18,5.2255,2.61,57.2,48.2,21.2,0,No Event,-0.17,Medium,20.0,0.861,0.0890528803754908,0.913,66.16,0,2018,3,1,13,0
2018-04-02,Brazil,Latin America,0.856,0.764,1.541,63.48,1.8,5.1547,-0.57,50.8,63.4,25.3,0,No Event,0.62,Medium,20.0,0.858,0.0879062340157227,0.823,62.81,0,2018,4,2,14,0
2018-04-09,Brazil,Latin America,0.802,0.765,2.057,61.38,3.21,5.1259,3.52,41.0,47.6,23.3,0,No Event,0.7,Medium,20.0,0.8485,0.0844977666380438,0.856,63.48,0,2018,4,2,15,0
2018-04-16,Brazil,Latin America,0.816,0.763,1.605,63.77,2.47,5.34,0.83,40.8,45.9,26.6,0,No Event,0.42,Medium,20.0,0.8242499999999999,0.0602659803852983,0.802,61.38,0,2018,4,2,16,0
2018-04-23,Brazil,Latin America,0.79,0.725,1.728,61.81,1.74,5.2954,2.71,44.6,54.4,20.5,0,No Event,-0.1,Medium,20.0,0.8160000000000001,0.0574458910972925,0.816,63.77,0,2018,4,2,17,0
2018-04-30,Brazil,Latin America,0.831,0.746,2.042,63.18,2.84,5.2723,1.61,52.7,49.4,28.2,0,No Event,0.06,Medium,20.0,0.80975,0.0577555980374108,0.79,61.81,0,2018,4,2,18,0
2018-05-07,Brazil,Latin America,0.835,0.744,1.596,63.38,1.9,5.3067,1.66,56.0,43.5,24.6,0,No Event,-0.16,Medium,20.0,0.818,0.0573730230992487,0.831,63.18,0,2018,5,2,19,0
2018-05-14,Brazil,Latin America,0.866,0.812,1.711,63.66,2.68,5.2325,-0.16,73.5,38.4,24.4,0,No Event,0.72,Medium,20.0,0.8305,0.0575155005675749,0.835,63.38,0,2018,5,2,20,0
2018-05-21,Brazil,Latin America,0.805,0.729,1.622,60.8,1.99,5.3803,4.51,46.2,47.8,28.1,0,No Event,0.27,Medium,20.0,0.8342499999999999,0.0555915472117027,0.866,63.66,0,2018,5,2,21,0
2018-05-28,Brazil,Latin America,0.832,0.725,1.699,62.34,2.1,5.3123,4.22,47.7,45.9,24.0,0,No Event,-0.31,Medium,20.0,0.8345,0.0566886455128329,0.805,60.8,0,2018,5,2,22,0
2018-06-04,Brazil,Latin America,0.74,0.666,1.842,55.78,2.16,5.2212,0.91,57.7,45.6,23.3,0,No Event,-0.14,Medium,20.0,0.81075,0.0644606082651947,0.832,62.34,0,2018,6,2,23,0
2018-06-11,Brazil,Latin America,0.855,0.788,1.921,64.63,2.22,5.2816,2.44,56.4,40.9,21.9,0,No Event,0.42,Medium,20.0,0.8079999999999999,0.0757308454066795,0.74,55.78,0,2018,6,2,24,0
2018-06-18,Brazil,Latin America,0.77,0.695,1.665,56.2,1.89,5.2328,2.1,49.3,41.1,28.9,0,No Event,-0.63,Medium,20.0,0.7992499999999999,0.0758275913633031,0.855,64.63,0,2018,6,2,25,0
2018-06-25,Brazil,Latin America,0.68,0.632,1.662,51.03,2.35,5.1802,2.06,52.3,33.6,22.4,0,No Event,-0.36,Medium,20.0,0.76125,0.0810900681808782,0.77,56.2,0,2018,6,2,26,0
2018-07-02,Brazil,Latin America,0.677,0.6,1.5,50.16,2.84,5.2367,2.44,48.2,39.7,22.5,0,No Event,0.17,Medium,20.0,0.7455,0.0797509175673644,0.68,51.03,0,2018,7,3,27,0
2018-07-09,Brazil,Latin America,0.683,0.645,1.864,53.71,2.54,5.1435,3.43,40.5,47.2,23.0,0,No Event,0.22,Medium,20.0,0.7025000000000001,0.0795092740853553,0.677,50.16,0,2018,7,3,28,0
2018-07-16,Brazil,Latin America,0.704,0.628,1.577,52.1,2.77,5.2344,0.95,56.2,54.5,23.9,0,No Event,-0.26,Medium,20.0,0.686,0.0801269382011255,0.683,53.71,0,2018,7,3,29,0
2018-07-23,Brazil,Latin America,0.67,0.61,1.71,51.29,1.83,5.2156,2.16,42.4,45.2,27.7,0,No Event,0.5,Medium,20.0,0.6835,0.0786830280936555,0.704,52.1,0,2018,7,3,30,0
2018-07-30,Brazil,Latin America,0.663,0.617,1.815,50.83,2.29,5.1899,2.45,36.3,54.3,26.9,0,No Event,0.48,Medium,20.0,0.68,0.0784573720343453,0.67,51.29,1,2018,7,3,31,0
2018-08-06,Brazil,Latin America,0.639,0.564,1.5,48.35,2.23,5.139,1.97,45.2,38.4,24.4,0,No Event,0.46,Medium,20.0,0.6689999999999999,0.0767609582285176,0.663,50.83,0,2018,8,3,32,0
2018-08-13,Brazil,Latin America,0.587,0.541,1.5,45.43,2.73,5.1269,0.65,55.1,54.0,29.2,0,No Event,-0.03,Medium,20.0,0.63975,0.077445905935358,0.639,48.35,0,2018,8,3,33,0
2018-08-20,Brazil,Latin America,0.56,0.492,1.5,42.46,2.95,5.1251,1.1,45.5,53.6,21.9,0,No Event,0.13,Medium,20.0,0.6122500000000001,0.0755229974831004,0.587,45.43,0,2018,8,3,34,0
2018-08-27,Brazil,Latin America,0.588,0.521,1.5,44.39,1.35,5.1276,3.26,69.4,51.9,21.6,0,No Event,-0.13,Medium,20.0,0.5934999999999999,0.0741385606931707,0.56,42.46,0,2018,8,3,35,0
2018-09-03,Brazil,Latin America,0.632,0.558,1.5,46.11,2.84,5.1999,4.07,37.7,44.7,25.6,0,No Event,-0.23,Medium,20.0,0.59175,0.0593221475151003,0.588,44.39,1,2018,9,3,36,0
2018-09-10,Brazil,Latin America,0.555,0.509,1.536,43.03,2.02,5.1423,0.68,45.5,56.2,28.3,0,No Event,-0.31,Medium,20.0,0.58375,0.0622223980594157,0.632,46.11,0,2018,9,3,37,0
2018-09-17,Brazil,Latin America,0.569,0.484,1.5,41.57,2.19,5.1732,3.58,40.8,37.7,21.0,0,No Event,-0.02,Medium,20.0,0.586,0.0564147916541581,0.555,43.03,0,2018,9,3,38,0
2018-09-24,Brazil,Latin America,0.599,0.532,1.539,44.75,3.02,5.0997,0.14,43.4,36.2,23.9,0,No Event,0.64,Medium,20.0,0.58875,0.0595516386790592,0.569,41.57,0,2018,9,3,39,0
2018-10-01,Brazil,Latin America,0.571,0.518,1.5,44.03,2.47,5.1164,2.5,42.6,39.1,26.7,0,No Event,0.1,Medium,20.0,0.5734999999999999,0.0602389771008755,0.599,44.75,0,2018,10,4,40,0
2018-10-08,Brazil,Latin America,0.572,0.506,1.5,42.07,2.15,5.2331,1.91,48.9,47.7,21.9,0,No Event,0.49,Medium,20.0,0.57775,0.0588860399058694,0.571,44.03,0,2018,10,4,41,0
2018-10-15,Brazil,Latin America,0.587,0.517,1.5,43.53,1.59,5.2362,1.06,46.5,55.5,26.2,0,No Event,-1.01,Medium,20.0,0.5822499999999999,0.0590456945095613,0.572,42.07,0,2018,10,4,42,0
2018-10-22,Brazil,Latin America,0.582,0.532,1.5,44.1,2.83,5.0972,2.85,36.8,57.7,23.3,0,No Event,-0.19,Medium,20.0,0.578,0.0590449733347135,0.587,43.53,1,2018,10,4,43,0
2018-10-29,Brazil,Latin America,0.564,0.515,1.5,43.1,1.88,5.1391,1.59,53.7,61.2,24.3,0,No Event,-1.13,Medium,20.0,0.5762499999999999,0.0588447919686846,0.582,44.1,0,2018,10,4,44,0
2018-11-05,Brazil,Latin America,0.632,0.572,1.647,46.72,2.86,5.1365,0.28,40.8,56.2,28.3,0,No Event,0.09,Medium,20.0,0.5912499999999999,0.0647566609269614,0.564,43.1,0,2018,11,4,45,0
2018-11-12,Brazil,Latin America,0.634,0.59,1.5,48.74,1.71,5.1489,2.27,45.5,57.1,25.4,0,No Event,0.23,Medium,20.0,0.603,0.062539716832316,0.632,46.72,0,2018,11,4,46,0
2018-11-19,Brazil,Latin America,0.687,0.611,1.5,50.95,2.92,5.1933,1.74,37.7,57.7,28.5,0,No Event,0.9,Medium,20.0,0.62925,0.0650856497117281,0.634,48.74,1,2018,11,4,47,0
2018-11-26,Brazil,Latin America,0.691,0.588,1.756,50.36,2.37,5.104,3.81,32.5,49.8,28.7,0,No Event,-0.31,Medium,20.0,0.661,0.0623086037508366,0.687,50.95,1,2018,11,4,48,0
2018-12-03,Brazil,Latin America,0.605,0.548,1.523,47.14,2.44,5.0861,3.31,61.6,62.9,22.1,0,No Event,0.34,Medium,20.0,0.65425,0.0628126237138929,0.691,50.36,0,2018,12,4,49,0
2018-12-10,Brazil,Latin America,0.658,0.59,1.592,48.68,2.23,5.1795,1.8,58.9,62.6,29.0,0,No Event,-0.43,Medium,20.0,0.66025,0.0667329886107429,0.605,47.14,0,2018,12,4,50,0
2018-12-17,Brazil,Latin America,0.696,0.639,1.5,52.19,3.32,5.246,0.91,57.2,42.8,20.8,0,No Event,0.12,Medium,20.0,0.6625,0.0670117549522251,0.658,48.68,0,2018,12,4,51,0
2018-12-24,Brazil,Latin America,0.707,0.63,1.5,53.07,1.98,5.175,1.95,55.1,57.1,27.8,0,No Event,0.29,Medium,20.0,0.6665,0.0641744778193528,0.696,52.19,0,2018,12,4,52,0
2018-12-31,Brazil,Latin America,0.723,0.679,1.718,55.27,2.07,5.1145,0.78,54.6,39.8,29.8,0,No Event,-0.52,Medium,20.0,0.696,0.0639212653694284,0.707,53.07,0,2018,12,4,1,0
2019-01-07,Brazil,Latin America,0.879,0.758,2.036,64.42,2.78,5.2388,4.1,60.6,43.9,29.1,0,No Event,-1.18,Medium,20.0,0.75125,0.0850823525259356,0.723,55.27,0,2019,1,1,2,0
2019-01-14,Brazil,Latin America,0.748,0.686,1.764,57.41,2.62,5.2474,-0.46,55.1,54.8,20.9,0,No Event,0.65,Medium,20.0,0.76425,0.1002871407782721,0.879,64.42,0,2019,1,1,3,0
2019-01-21,Brazil,Latin America,0.792,0.746,1.977,60.99,2.28,5.1602,1.79,43.5,61.7,25.4,0,No Event,-0.6,Medium,20.0,0.7855,0.0990194882321885,0.748,57.41,0,2019,1,1,4,0
2019-01-28,Brazil,Latin America,0.796,0.734,1.71,60.5,3.17,5.2606,1.91,62.4,59.4,28.5,0,No Event,0.44,Medium,20.0,0.8037500000000001,0.0952956451181507,0.792,60.99,0,2019,1,1,5,0
2019-02-04,Brazil,Latin America,0.836,0.735,1.571,62.23,1.98,5.2539,2.85,47.8,55.3,28.9,0,No Event,-0.23,Medium,20.0,0.793,0.0953496357720342,0.796,60.5,0,2019,2,1,6,0
2019-02-11,Brazil,Latin America,0.806,0.725,1.549,61.17,3.0,5.2883,2.29,61.5,51.2,20.3,0,No Event,-0.19,Medium,20.0,0.8075,0.0951938578539448,0.836,62.23,0,2019,2,1,7,0
2019-02-18,Brazil,Latin America,0.836,0.784,2.142,63.71,1.43,5.2523,1.2,41.6,56.3,22.9,0,No Event,0.07,Medium,20.0,0.8185,0.0952748607031038,0.806,61.17,0,2019,2,1,8,0
2019-02-25,Brazil,Latin America,0.826,0.745,1.559,61.96,3.2,5.2284,0.91,47.5,48.6,21.7,0,No Event,-0.31,Medium,20.0,0.826,0.0847030523494715,0.836,63.71,0,2019,2,1,9,0
2019-03-04,Brazil,Latin America,0.847,0.76,1.705,63.3,2.62,5.2533,3.54,61.0,63.3,20.7,0,No Event,1.25,Medium,20.0,0.82875,0.0827039354847388,0.826,61.96,0,2019,3,1,10,0
2019-03-11,Brazil,Latin America,0.83,0.749,2.205,62.36,1.71,5.2472,2.28,52.1,50.2,23.9,0,No Event,0.15,Medium,20.0,0.83475,0.0828951403177316,0.847,63.3,0,2019,3,1,11,0
2019-03-18,Brazil,Latin America,0.888,0.75,2.13,64.07,1.91,5.3174,2.4,47.4,51.5,20.2,0,No Event,0.48,Medium,20.0,0.84775,0.0842336910731862,0.83,62.36,0,2019,3,1,12,0
2019-03-25,Brazil,Latin America,0.933,0.813,1.874,68.25,1.75,5.2138,3.45,44.1,48.9,25.5,0,No Event,0.71,Medium,20.0,0.8745,0.0846305688010858,0.888,64.07,0,2019,3,1,13,0
2019-04-01,Brazil,Latin America,0.844,0.728,1.927,63.18,1.76,5.1972,1.63,58.3,63.4,21.9,0,No Event,0.48,Medium,20.0,0.87375,0.0664824122879399,0.933,68.25,0,2019,4,2,14,0
2019-04-08,Brazil,Latin America,0.878,0.821,1.677,67.47,2.06,5.2948,-0.39,51.0,54.0,28.4,0,No Event,0.29,Medium,20.0,0.88575,0.0481645761658664,0.844,63.18,0,2019,4,2,15,0
2019-04-15,Brazil,Latin America,0.827,0.767,2.102,63.22,2.63,5.2685,0.5,47.3,44.5,21.1,0,No Event,-0.05,Medium,20.0,0.8705,0.0501716881826644,0.878,67.47,0,2019,4,2,16,0
2019-04-22,Brazil,Latin America,0.824,0.741,1.5,62.02,3.32,5.2567,3.69,48.2,49.9,20.8,0,No Event,-0.49,Medium,20.0,0.84325,0.0502299833510267,0.827,63.22,0,2019,4,2,17,0
2019-04-29,Brazil,Latin America,0.846,0.782,1.752,64.95,2.42,5.2912,1.29,56.3,34.3,27.0,0,No Event,-0.29,Medium,20.0,0.84375,0.0486977703384429,0.824,62.02,0,2019,4,2,18,0
2019-05-06,Brazil,Latin America,0.817,0.743,1.877,61.47,2.81,5.2835,3.06,52.3,36.0,28.1,0,No Event,0.16,Medium,20.0,0.8284999999999999,0.0485859619250118,0.846,64.95,0,2019,5,2,19,0
2019-05-13,Brazil,Latin America,0.809,0.749,1.676,62.62,2.18,5.2797,2.57,49.7,51.5,20.1,0,No Event,-0.69,Medium,20.0,0.8240000000000001,0.047388707987124,0.817,61.47,0,2019,5,2,20,0
2019-05-20,Brazil,Latin America,0.865,0.786,1.871,64.24,2.72,5.1304,0.91,53.9,32.4,26.1,0,No Event,-0.31,Medium,20.0,0.8342499999999999,0.0514125983812554,0.809,62.62,0,2019,5,2,21,0
2019-05-27,Brazil,Latin America,0.863,0.798,2.031,65.61,3.18,5.1622,-1.33,57.0,29.4,21.6,0,No Event,0.96,Medium,20.0,0.8384999999999999,0.0510368577173999,0.865,64.24,0,2019,5,2,22,0
2019-06-03,Brazil,Latin America,0.852,0.773,2.295,64.08,1.58,5.1781,1.03,55.4,35.2,28.6,0,No Event,0.22,Medium,20.0,0.8472500000000001,0.0507820621113143,0.863,65.61,0,2019,6,2,23,0
2019-06-10,Brazil,Latin America,0.867,0.779,1.643,66.2,3.26,5.1522,1.94,63.8,36.5,25.1,0,No Event,0.11,Medium,20.0,0.86175,0.0466312057969601,0.852,64.08,0,2019,6,2,24,0
2019-06-17,Brazil,Latin America,0.907,0.82,2.168,67.47,2.85,5.227,2.25,59.8,60.3,21.7,0,No Event,-0.77,Medium,20.0,0.87225,0.046190388977573,0.867,66.2,0,2019,6,2,25,0
2019-06-24,Brazil,Latin America,0.912,0.817,1.84,67.98,2.27,5.2132,3.27,64.0,41.6,27.4,0,No Event,0.72,Medium,20.0,0.8845000000000001,0.0354521912912684,0.907,67.47,0,2019,6,2,26,0
2019-07-01,Brazil,Latin America,0.895,0.825,2.234,68.98,2.51,5.243,1.68,54.8,56.6,30.0,0,No Event,-0.7,Medium,20.0,0.89525,0.034498640950164,0.912,67.98,0,2019,7,3,27,0
2019-07-08,Brazil,Latin America,0.889,0.799,2.245,67.05,2.63,5.1737,1.85,58.0,41.4,21.4,0,No Event,0.63,Medium,20.0,0.90075,0.029111987564215,0.895,68.98,0,2019,7,3,28,0
2019-07-15,Brazil,Latin America,0.885,0.754,1.803,64.38,2.32,5.2594,2.58,52.2,39.1,26.4,0,No Event,0.4,Medium,20.0,0.89525,0.029140424938928,0.889,67.05,0,2019,7,3,29,0
2019-07-22,Brazil,Latin America,0.928,0.819,2.401,69.49,2.83,5.1792,1.69,43.7,39.3,25.8,0,No Event,0.01,Medium,20.0,0.89925,0.031145998330423,0.885,64.38,0,2019,7,3,30,0
2019-07-29,Brazil,Latin America,0.899,0.774,1.996,65.68,3.01,5.1898,1.77,44.6,60.6,21.0,0,No Event,0.03,Medium,20.0,0.90025,0.0307808051228769,0.928,69.49,0,2019,7,3,31,0
2019-08-05,Brazil,Latin America,0.945,0.867,2.433,72.46,1.8,5.1736,1.53,46.6,55.5,21.1,0,No Event,-0.68,Medium,20.0,0.91425,0.0324839416677952,0.899,65.68,0,2019,8,3,32,0
2019-08-12,Brazil,Latin America,0.964,0.827,2.0,69.79,1.57,5.1214,3.17,50.0,45.0,28.5,0,No Event,-0.16,Medium,20.0,0.934,0.0275444594192693,0.945,72.46,0,2019,8,3,33,0
2019-08-19,Brazil,Latin America,0.89,0.815,2.409,67.73,1.97,5.1727,0.13,57.0,40.7,25.8,0,No Event,-0.24,Medium,20.0,0.9245,0.0371394865352752,0.964,69.79,0,2019,8,3,34,0
2019-08-26,Brazil,Latin America,0.958,0.878,1.898,71.83,2.52,5.2016,3.27,36.0,41.2,23.6,0,No Event,0.49,Medium,20.0,0.93925,0.0422259950998776,0.89,67.73,1,2019,8,3,35,0
2019-09-02,Brazil,Latin America,0.626,0.578,1.5,46.84,2.08,5.1393,1.92,43.3,43.2,20.1,0,No Event,-0.49,Medium,20.0,0.8595,0.1112332656325293,0.958,71.83,0,2019,9,3,36,0
2019-09-09,Brazil,Latin America,0.59,0.535,1.5,44.97,2.19,5.0506,1.32,27.7,55.1,25.8,0,No Event,-0.8,Medium,20.0,0.766,0.1096686825883415,0.626,46.84,1,2019,9,3,37,0
2019-09-16,Brazil,Latin America,0.555,0.504,1.5,42.69,2.68,5.1355,3.82,37.8,35.7,26.1,0,No Event,-0.29,Medium,20.0,0.68225,0.1094458509887854,0.59,44.97,0,2019,9,3,38,0
2019-09-23,Brazil,Latin America,0.602,0.554,1.5,44.85,1.48,5.1389,1.79,60.8,59.1,27.7,0,No Event,0.26,Medium,20.0,0.59325,0.1146816688276206,0.555,42.69,0,2019,9,3,39,0
2019-09-30,Brazil,Latin America,0.547,0.504,1.5,41.87,1.99,5.2645,1.93,48.7,44.3,25.2,0,No Event,-0.13,Medium,20.0,0.5735,0.1160404970055037,0.602,44.85,0,2019,9,3,40,0
2019-10-07,Brazil,Latin America,0.645,0.58,1.5,48.41,2.48,5.1382,4.3,54.4,53.6,24.1,0,No Event,0.0,Medium,20.0,0.58725,0.1311526050175662,0.547,41.87,0,2019,10,4,41,0
2019-10-14,Brazil,Latin America,0.579,0.51,1.5,44.49,2.79,5.1846,0.83,43.8,64.0,21.9,0,No Event,-0.63,Medium,20.0,0.5932499999999999,0.1315383842676025,0.645,48.41,0,2019,10,4,42,0
2019-10-21,Brazil,Latin America,0.588,0.508,1.5,42.62,2.46,5.1068,1.71,47.4,38.4,20.7,0,No Event,-0.11,Medium,20.0,0.58975,0.1321726987569335,0.579,44.49,0,2019,10,4,43,0
2019-10-28,Brazil,Latin America,0.632,0.59,1.5,48.19,2.62,5.1943,1.46,38.1,46.6,22.6,0,No Event,0.11,Medium,20.0,0.611,0.1335904000635517,0.588,42.62,1,2019,10,4,44,0
2019-11-04,Brazil,Latin America,0.676,0.637,1.776,51.75,2.75,5.2148,2.87,43.8,53.7,26.8,0,No Event,-0.5,Medium,20.0,0.6187499999999999,0.1358090572074233,0.632,48.19,0,2019,11,4,45,0
2019-11-11,Brazil,Latin America,0.639,0.583,1.693,47.73,1.83,5.1755,1.31,36.1,51.2,29.9,0,No Event,0.13,Medium,20.0,0.63375,0.1351112256041868,0.676,51.75,1,2019,11,4,46,0
2019-11-18,Brazil,Latin America,0.614,0.546,1.5,45.83,2.28,5.1211,2.57,53.0,51.5,20.7,0,No Event,0.78,Medium,20.0,0.64025,0.1318789575537744,0.639,47.73,0,2019,11,4,47,0
2019-11-25,Brazil,Latin America,0.623,0.594,1.5,48.55,1.59,5.0956,0.1,54.5,53.5,22.4,0,No Event,-0.03,Medium,20.0,0.638,0.0854111382141421,0.614,45.83,0,2019,11,4,48,0
2019-12-02,Brazil,Latin America,0.719,0.629,1.5,53.96,2.0,5.1894,3.53,46.4,56.1,20.4,0,No Event,0.96,Medium,20.0,0.6487499999999999,0.0932974790263456,0.623,48.55,0,2019,12,4,49,0
2019-12-09,Brazil,Latin America,0.71,0.605,1.505,50.48,2.56,5.1717,0.86,61.9,61.0,29.1,0,No Event,0.24,Medium,20.0,0.6665,0.0905974206853133,0.719,53.96,0,2019,12,4,50,0
2019-12-16,Brazil,Latin America,0.67,0.624,1.5,52.66,3.1,5.1368,0.26,35.5,51.4,29.3,0,No Event,0.56,Medium,20.0,0.6805,0.091207802171876,0.71,50.48,1,2019,12,4,51,0
2019-12-23,Brazil,Latin America,0.731,0.651,1.786,54.66,3.32,5.2575,0.13,54.8,57.0,27.8,0,No Event,-0.4,Medium,20.0,0.7075,0.0874232266702299,0.67,52.66,0,2019,12,4,52,0
2019-12-30,Brazil,Latin America,0.711,0.64,1.856,54.14,2.65,5.1593,1.66,47.7,61.8,22.9,0,No Event,0.96,Medium,20.0,0.7055,0.0742603489873597,0.731,54.66,0,2019,12,4,1,0
2020-01-06,Brazil,Latin America,0.725,0.689,1.734,57.36,2.38,5.1184,-0.14,56.0,54.6,22.7,0,No Event,-1.01,Medium,20.0,0.7092499999999999,0.0651895697633064,0.711,54.14,0,2020,1,1,2,0
2020-01-13,Brazil,Latin America,0.651,0.6,1.706,50.2,2.7,5.2878,3.95,51.8,67.3,21.4,0,No Event,0.2,Medium,20.0,0.7045,0.0742594598428013,0.725,57.36,0,2020,1,1,3,0
2020-01-20,Brazil,Latin America,0.736,0.673,1.84,56.54,2.14,5.4099,0.22,42.8,51.5,24.7,0,No Event,0.01,Medium,20.0,0.7057499999999999,0.0801274431444252,0.651,50.2,0,2020,1,1,4,0
2020-01-27,Brazil,Latin America,0.791,0.702,1.919,59.71,2.99,5.2652,0.45,47.8,48.9,28.6,0,No Event,-0.32,Medium,20.0,0.72575,0.0804532522785528,0.736,56.54,0,2020,1,1,5,0
2020-02-03,Brazil,Latin America,0.767,0.714,2.054,59.43,2.67,5.18,1.25,60.0,34.6,24.4,0,No Event,-0.35,Medium,20.0,0.73625,0.0787932005133412,0.791,59.71,0,2020,2,1,6,0
2020-02-10,Brazil,Latin America,0.877,0.822,1.776,67.29,5.27,5.1058,3.64,59.7,44.6,42.7,1,COVID-19 Pandemic,-0.21,Medium,20.0,0.7927500000000001,0.0841804957796028,0.767,59.43,0,2020,2,1,7,0
2020-02-17,Brazil,Latin America,0.88,0.781,1.926,65.12,1.92,5.1066,2.36,65.6,61.7,24.9,0,No Event,-0.01,Medium,20.0,0.8287500000000001,0.0844687066550976,0.877,67.29,0,2020,2,1,8,0
2020-02-24,Brazil,Latin America,0.942,0.802,2.028,68.82,3.8,5.3059,2.61,56.8,54.3,49.0,1,COVID-19 Pandemic,-0.71,Medium,20.0,0.8664999999999999,0.0765946291028536,0.88,65.12,0,2020,2,1,9,0
2020-03-02,Brazil,Latin America,0.974,0.86,1.938,72.69,3.4,5.2811,1.64,60.0,64.1,48.2,1,COVID-19 Pandemic,-0.45,Medium,20.0,0.91825,0.0756730597768795,0.942,68.82,0,2020,3,1,10,0
2020-03-09,Brazil,Latin America,0.983,0.941,2.288,77.07,3.42,5.1966,-2.16,55.3,60.7,29.3,1,COVID-19 Pandemic,0.68,Medium,20.0,0.94475,0.0711625603212219,0.974,72.69,0,2020,3,1,11,0
2020-03-16,Brazil,Latin America,0.976,0.867,2.577,71.65,3.98,5.3445,4.43,63.3,59.4,39.4,1,COVID-19 Pandemic,-0.01,Medium,20.0,0.96875,0.0697282920037952,0.983,77.07,0,2020,3,1,12,0
2020-03-23,Brazil,Latin America,1.022,0.94,2.704,76.95,3.07,5.1198,-0.09,41.7,42.9,38.8,1,COVID-19 Pandemic,0.01,Medium,20.0,0.98875,0.0677812794661913,0.976,71.65,0,2020,3,1,13,0
2020-03-30,Brazil,Latin America,1.03,0.901,1.869,77.53,2.72,5.3141,0.96,40.6,47.1,29.2,0,No Event,-0.19,Medium,20.0,1.00275,0.0680750499099033,1.022,76.95,0,2020,3,1,14,0
2020-04-06,Brazil,Latin America,0.986,0.894,2.322,76.41,2.64,5.2589,4.71,62.2,59.6,26.4,0,No Event,0.89,Medium,20.0,1.0035,0.0590212562472596,1.03,77.53,0,2020,4,2,15,0
2020-04-13,Brazil,Latin America,1.08,0.959,2.042,82.91,2.11,5.3036,5.4,61.1,48.9,27.9,1,COVID-19 Pandemic,0.12,Medium,20.0,1.0295,0.0546417578581759,0.986,76.41,0,2020,4,2,16,0
2020-04-20,Brazil,Latin America,1.082,1.002,2.34,83.23,2.77,5.2373,1.75,51.1,40.8,39.8,1,COVID-19 Pandemic,0.06,Medium,20.0,1.0445,0.0537187922402636,1.08,82.91,0,2020,4,2,17,0
2020-04-27,Brazil,Latin America,1.084,1.001,2.789,81.21,3.11,5.1823,0.58,57.4,53.7,29.1,0,No Event,-0.23,Medium,20.0,1.058,0.051306208361721,1.082,83.23,0,2020,4,2,18,0
2020-05-04,Brazil,Latin America,1.068,0.97,2.467,79.07,1.62,5.1478,3.99,49.1,57.3,42.1,1,COVID-19 Pandemic,0.68,Medium,20.0,1.0785,0.0382974911738651,1.084,81.21,0,2020,5,2,19,0
2020-05-11,Brazil,Latin America,1.062,0.966,1.973,82.19,3.74,5.3088,1.22,56.9,37.4,25.8,0,No Event,-0.27,Medium,20.0,1.074,0.038680252154094,1.068,79.07,0,2020,5,2,20,0
2020-05-18,Brazil,Latin America,1.138,1.034,2.747,86.91,3.48,5.1701,3.93,61.5,56.9,32.6,1,COVID-19 Pandemic,-0.67,Medium,20.0,1.088,0.038822009368788,1.062,82.19,0,2020,5,2,21,0
2020-05-25,Brazil,Latin America,1.174,1.058,2.431,91.77,5.34,5.2626,5.16,27.4,54.8,44.3,1,COVID-19 Pandemic,-0.73,Medium,20.0,1.1105,0.0387324539127127,1.138,86.91,1,2020,5,2,22,0
2020-06-01,Brazil,Latin America,0.816,0.712,2.077,62.22,5.26,5.2515,1.17,53.9,29.5,35.3,1,COVID-19 Pandemic,-0.42,Medium,20.0,1.0475,0.1006588010604918,1.174,91.77,0,2020,6,2,23,0
2020-06-08,Brazil,Latin America,0.768,0.671,1.5,56.86,2.75,5.275,3.09,41.6,44.3,38.3,1,COVID-19 Pandemic,0.69,Medium,20.0,0.974,0.1016340786525164,0.816,62.22,0,2020,6,2,24,0
2020-06-15,Brazil,Latin America,0.808,0.743,2.019,62.43,2.65,5.2517,0.74,64.0,38.4,26.0,0,No Event,0.04,Medium,20.0,0.8915,0.1019151469739422,0.768,56.86,0,2020,6,2,25,0
2020-06-22,Brazil,Latin America,0.698,0.61,1.838,51.55,4.72,5.2551,2.93,50.4,37.8,48.0,1,COVID-19 Pandemic,-0.05,Medium,20.0,0.7725,0.1074695056300045,0.808,62.43,0,2020,6,2,26,0
2020-06-29,Brazil,Latin America,0.694,0.633,1.705,54.68,5.22,5.2061,1.95,56.7,64.7,45.8,1,COVID-19 Pandemic,-0.47,Medium,20.0,0.742,0.107468188200708,0.698,51.55,0,2020,6,2,27,0
2020-07-06,Brazil,Latin America,0.778,0.687,1.841,56.63,3.01,5.1752,2.47,53.0,49.2,23.4,0,No Event,0.78,Medium,20.0,0.7444999999999999,0.1102533145101049,0.694,54.68,0,2020,7,3,28,0
2020-07-13,Brazil,Latin America,0.72,0.641,1.572,53.89,3.17,5.3166,0.34,51.1,24.3,41.1,1,COVID-19 Pandemic,0.21,Medium,20.0,0.7225,0.1110483893787742,0.778,56.63,0,2020,7,3,29,0
2020-07-20,Brazil,Latin America,0.697,0.587,1.5,50.59,2.45,5.167,1.12,33.2,58.4,35.0,1,COVID-19 Pandemic,-0.58,Medium,20.0,0.7222500000000001,0.1106818892009306,0.72,53.89,1,2020,7,3,30,0
2020-07-27,Brazil,Latin America,0.661,0.614,1.66,51.1,2.46,5.1493,1.65,42.5,29.7,44.6,1,COVID-19 Pandemic,-0.56,Medium,20.0,0.714,0.1107420378086459,0.697,50.59,0,2020,7,3,31,0
2020-08-03,Brazil,Latin America,0.64,0.578,1.705,47.65,2.02,5.2039,1.44,41.6,31.9,42.1,1,COVID-19 Pandemic,0.02,Medium,20.0,0.6795,0.1104162663970956,0.661,51.1,0,2020,8,3,32,0
2020-08-10,Brazil,Latin America,0.634,0.566,1.5,48.31,2.86,5.237,0.59,31.2,49.8,40.8,1,COVID-19 Pandemic,-0.07,Medium,20.0,0.6579999999999999,0.1056902422073986,0.64,47.65,1,2020,8,3,33,0
2020-08-17,Brazil,Latin America,0.657,0.621,1.5,49.95,3.26,5.2802,-0.62,39.1,33.9,23.9,0,No Event,0.63,Medium,20.0,0.648,0.1059911185090213,0.634,48.31,0,2020,8,3,34,0
2020-08-24,Brazil,Latin America,0.65,0.589,1.5,49.63,2.27,5.1938,4.71,41.6,39.6,44.7,1,COVID-19 Pandemic,0.27,Medium,20.0,0.64525,0.0659114160298854,0.657,49.95,0,2020,8,3,35,0
2020-08-31,Brazil,Latin America,0.621,0.579,1.572,47.25,2.65,5.224,0.39,41.1,59.3,22.0,0,No Event,-0.71,Medium,20.0,0.6405,0.0652111968852066,0.65,49.63,0,2020,8,3,36,0
2020-09-07,Brazil,Latin America,0.635,0.563,1.541,47.66,1.63,5.0677,1.27,39.9,51.1,22.0,0,No Event,0.39,Medium,20.0,0.64075,0.062942670503878,0.621,47.25,1,2020,9,3,37,0
2020-09-14,Brazil,Latin America,0.62,0.568,1.689,48.13,1.83,5.0892,1.05,56.2,54.4,28.1,0,No Event,0.55,Medium,20.0,0.6315,0.0509992258702586,0.635,47.66,0,2020,9,3,38,0
2020-09-21,Brazil,Latin America,0.656,0.593,1.5,49.38,2.43,5.081,4.24,58.8,50.8,29.4,0,No Event,-0.35,Medium,20.0,0.633,0.0545360357752596,0.62,48.13,0,2020,9,3,39,0
2020-09-28,Brazil,Latin America,0.625,0.594,1.663,48.38,2.87,5.2007,1.11,53.3,45.4,28.7,0,No Event,-0.79,Medium,20.0,0.634,0.0390915391833449,0.656,49.38,0,2020,9,3,40,0
2020-10-05,Brazil,Latin America,0.601,0.537,1.5,43.82,3.41,5.0903,2.85,49.0,60.5,26.4,0,No Event,-0.03,Medium,20.0,0.6255,0.0355145216269531,0.625,48.38,0,2020,10,4,41,0
2020-10-12,Brazil,Latin America,0.594,0.551,1.561,46.27,2.45,5.205,5.13,34.2,48.6,23.4,0,No Event,0.13,Medium,20.0,0.619,0.0350819596446289,0.601,43.82,1,2020,10,4,42,0
2020-10-19,Brazil,Latin America,0.645,0.59,1.558,49.37,2.5,5.1798,3.05,46.0,50.3,24.6,0,No Event,0.21,Medium,20.0,0.61625,0.0428022700201179,0.594,46.27,0,2020,10,4,43,0
2020-10-26,Brazil,Latin America,0.606,0.552,1.5,46.67,3.16,5.0603,2.2,36.7,59.5,24.5,0,No Event,0.47,Medium,20.0,0.6114999999999999,0.045387876241651,0.645,49.37,1,2020,10,4,44,0
2020-11-02,Brazil,Latin America,0.629,0.59,1.705,48.32,1.58,5.0175,0.2,45.4,46.7,27.7,0,No Event,-0.55,Medium,20.0,0.6184999999999999,0.0468731992555949,0.606,46.67,0,2020,11,4,45,0
2020-11-09,Brazil,Latin America,0.646,0.581,1.5,48.94,3.42,5.1651,0.74,53.5,56.8,26.6,0,No Event,-0.22,Medium,20.0,0.6315,0.0463009481402771,0.629,48.32,0,2020,11,4,46,0
2020-11-16,Brazil,Latin America,0.679,0.626,1.768,51.22,3.25,5.0342,4.93,46.7,45.0,26.4,0,No Event,-0.23,Medium,20.0,0.64,0.0484426277937269,0.646,48.94,0,2020,11,4,47,0
2020-11-23,Brazil,Latin America,0.675,0.579,1.5,49.62,2.83,5.2375,5.04,61.4,49.9,25.5,0,No Event,1.03,Medium,20.0,0.6572500000000001,0.0460907752975358,0.679,51.22,0,2020,11,4,48,0
2020-11-30,Brazil,Latin America,0.685,0.596,1.563,52.45,1.94,5.1617,2.29,53.5,60.6,29.3,0,No Event,-0.74,Medium,20.0,0.6712500000000001,0.0459217874619999,0.675,49.62,0,2020,11,4,49,0
2020-12-07,Brazil,Latin America,0.7,0.608,1.5,52.28,2.45,5.1563,1.41,49.1,49.8,28.5,0,No Event,-0.52,Medium,20.0,0.6847500000000001,0.0450068365295321,0.685,52.45,0,2020,12,4,50,0
2020-12-14,Brazil,Latin America,0.697,0.615,1.838,53.62,1.89,5.2396,2.5,39.5,59.3,29.8,0,No Event,-0.1,Medium,20.0,0.68925,0.04262650120002,0.7,52.28,1,2020,12,4,51,0
2020-12-21,Brazil,Latin America,0.751,0.695,1.783,57.84,2.41,5.1588,2.88,35.3,49.7,27.8,0,No Event,0.63,Medium,20.0,0.7082499999999999,0.0436831484674097,0.697,53.62,1,2020,12,4,52,0
2020-12-28,Brazil,Latin America,0.776,0.707,2.031,58.76,3.35,5.2653,2.52,50.6,56.3,29.2,0,No Event,-0.51,Medium,20.0,0.7309999999999999,0.0402952565793878,0.751,57.84,0,2020,12,4,53,0
2021-01-04,Brazil,Latin America,0.781,0.724,1.942,59.6,2.6,5.1902,1.34,53.1,58.8,21.4,0,No Event,-0.1,Medium,20.0,0.75125,0.0392358921485641,0.776,58.76,0,2021,1,1,1,0
2021-01-11,Brazil,Latin America,0.824,0.733,1.832,62.35,2.75,5.2391,3.72,51.4,55.0,25.1,0,No Event,0.31,Medium,20.0,0.7829999999999999,0.0356481176385522,0.781,59.6,0,2021,1,1,2,0
2021-01-18,Brazil,Latin America,0.751,0.693,1.989,58.61,1.92,5.1869,1.14,54.0,54.8,27.3,0,No Event,0.19,Medium,20.0,0.783,0.04188500088339,0.824,62.35,0,2021,1,1,3,0
2021-01-25,Brazil,Latin America,0.814,0.745,1.771,62.69,2.42,5.2023,-1.48,60.6,56.0,21.1,0,No Event,0.08,Medium,20.0,0.7925,0.0457130418418498,0.751,58.61,0,2021,1,1,4,0
2021-02-01,Brazil,Latin America,0.805,0.731,1.988,63.01,2.34,5.2535,4.45,47.1,56.9,20.3,0,No Event,0.09,Medium,20.0,0.7985,0.046695528490454,0.814,62.69,0,2021,2,1,5,0
2021-02-08,Brazil,Latin America,0.86,0.761,1.675,64.26,2.55,5.1896,0.74,56.4,51.0,20.9,0,No Event,-0.01,Medium,20.0,0.8075000000000001,0.0480021162475944,0.805,63.01,0,2021,2,1,6,0
2021-02-15,Brazil,Latin America,0.845,0.756,2.064,63.58,2.28,5.2629,-1.3,56.9,67.1,22.7,0,No Event,-0.92,Medium,20.0,0.831,0.0486999532857318,0.86,64.26,0,2021,2,1,7,0
2021-02-22,Brazil,Latin America,0.897,0.774,1.982,66.41,2.03,5.3207,5.12,58.8,40.7,23.0,0,No Event,-0.68,Medium,20.0,0.85175,0.0500968472551318,0.845,63.58,0,2021,2,1,8,0
2021-03-01,Brazil,Latin America,0.858,0.775,2.074,65.04,3.17,5.3176,4.56,36.1,59.6,29.2,0,No Event,0.05,Medium,20.0,0.865,0.0537531469937709,0.897,66.41,1,2021,3,1,9,0
2021-03-08,Brazil,Latin America,0.848,0.757,2.118,64.16,2.89,5.3188,2.04,53.4,50.0,27.4,0,No Event,0.22,Medium,20.0,0.8619999999999999,0.0540773749970793,0.858,65.04,0,2021,3,1,10,0
2021-03-15,Brazil,Latin America,0.914,0.778,2.044,66.45,2.73,5.1356,4.0,52.1,54.0,21.1,0,No Event,-0.53,Medium,20.0,0.87925,0.0541130939657823,0.848,64.16,0,2021,3,1,11,0
2021-03-22,Brazil,Latin America,0.879,0.782,2.192,65.0,3.19,5.072,-0.06,54.2,50.3,26.2,0,No Event,-0.33,Medium,20.0,0.87475,0.0561625469355394,0.914,66.45,0,2021,3,1,12,0
2021-03-29,Brazil,Latin America,0.824,0.742,2.161,63.81,2.45,5.1704,0.34,65.4,44.4,29.9,0,No Event,0.89,Medium,20.0,0.86625,0.0601612102250136,0.879,65.0,0,2021,3,1,13,0
2021-04-05,Brazil,Latin America,0.899,0.838,2.225,68.46,2.48,5.1491,1.62,59.9,46.4,20.1,0,No Event,-0.32,Medium,20.0,0.879,0.0636165205317532,0.824,63.81,0,2021,4,2,14,0
2021-04-12,Brazil,Latin America,0.885,0.823,1.713,67.74,2.78,5.2648,2.23,54.0,47.4,28.3,0,No Event,0.09,Medium,20.0,0.87175,0.0565159286985969,0.899,68.46,0,2021,4,2,15,0
2021-04-19,Brazil,Latin America,0.891,0.805,2.165,65.22,3.25,5.2754,2.73,62.6,46.1,23.2,0,No Event,-1.0,Medium,20.0,0.87475,0.0522177184911142,0.885,67.74,0,2021,4,2,16,0
2021-04-26,Brazil,Latin America,0.861,0.742,1.633,65.03,2.16,5.2307,3.78,50.6,46.7,27.7,0,No Event,-1.11,Medium,20.0,0.8839999999999999,0.0533936738849409,0.891,65.22,0,2021,4,2,17,0
2021-05-03,Brazil,Latin America,0.854,0.788,1.998,65.57,2.48,5.2876,3.1,54.8,53.1,28.6,0,No Event,-0.23,Medium,20.0,0.8727499999999999,0.0498414454900467,0.861,65.03,0,2021,5,2,18,0
2021-05-10,Brazil,Latin America,0.797,0.723,1.714,61.35,2.85,5.3645,0.45,26.5,41.0,26.5,0,No Event,0.46,Medium,20.0,0.85075,0.0533650934348255,0.854,65.57,1,2021,5,2,19,0
2021-05-17,Brazil,Latin America,0.842,0.748,1.669,63.04,2.4,5.2861,1.98,53.8,56.9,24.5,0,No Event,-0.74,Medium,20.0,0.8385,0.0528192659504265,0.797,61.35,0,2021,5,2,20,0
2021-05-24,Brazil,Latin America,0.817,0.744,1.909,61.74,2.67,5.2996,1.5,44.6,42.9,21.0,0,No Event,-0.16,Medium,20.0,0.8275,0.0520265179579039,0.842,63.04,0,2021,5,2,21,0
2021-05-31,Brazil,Latin America,0.863,0.8,2.059,64.84,2.76,5.2529,-0.23,53.3,42.8,22.5,0,No Event,-0.12,Medium,20.0,0.82975,0.0546156125996835,0.817,61.74,0,2021,5,2,22,0
2021-06-07,Brazil,Latin America,0.761,0.649,1.738,57.48,3.29,5.2289,3.36,47.1,33.7,29.0,0,No Event,-0.26,Medium,20.0,0.82075,0.059255249279683,0.863,64.84,0,2021,6,2,23,0
2021-06-14,Brazil,Latin America,0.757,0.675,1.871,56.87,2.97,5.2402,2.31,37.0,45.8,23.0,0,No Event,-0.23,Medium,20.0,0.7995,0.058765320119371,0.761,57.48,1,2021,6,2,24,0
2021-06-21,Brazil,Latin America,0.77,0.681,1.5,58.29,2.27,5.1817,-0.32,38.6,39.1,25.1,0,No Event,0.86,Medium,20.0,0.7877500000000001,0.0568529570394776,0.757,56.87,1,2021,6,2,25,0
2021-06-28,Brazil,Latin America,0.773,0.669,1.587,57.47,2.33,5.1312,3.85,55.3,35.3,24.5,0,No Event,0.87,Medium,20.0,0.76525,0.0485553973568376,0.77,58.29,0,2021,6,2,26,0
2021-07-05,Brazil,Latin America,0.741,0.666,1.543,56.01,3.84,5.2316,1.04,41.7,39.0,25.9,0,No Event,-0.22,Medium,20.0,0.76025,0.0493239833554568,0.773,57.47,0,2021,7,3,27,0
2021-07-12,Brazil,Latin America,0.678,0.608,1.538,52.08,2.48,5.2033,2.22,48.6,39.6,24.6,0,No Event,0.43,Medium,20.0,0.7404999999999999,0.0528770999772635,0.741,56.01,0,2021,7,3,28,0
2021-07-19,Brazil,Latin America,0.709,0.635,1.862,53.65,2.34,5.146,4.06,45.8,57.2,24.0,0,No Event,0.34,Medium,20.0,0.72525,0.0560454308156786,0.678,52.08,0,2021,7,3,29,0
2021-07-26,Brazil,Latin America,0.765,0.64,1.747,55.08,3.18,5.2384,2.26,46.2,37.1,23.3,0,No Event,0.29,Medium,20.0,0.7232500000000001,0.0622539202853515,0.709,53.65,0,2021,7,3,30,0
2021-08-02,Brazil,Latin America,0.673,0.588,1.5,50.41,2.75,5.1695,1.08,41.9,54.7,20.2,0,No Event,-0.72,Medium,20.0,0.70625,0.0685018694860884,0.765,55.08,0,2021,8,3,31,0
2021-08-09,Brazil,Latin America,0.657,0.566,1.5,48.9,1.97,5.2161,3.53,57.1,47.0,21.9,0,No Event,-0.7,Medium,20.0,0.7010000000000001,0.0650657847768687,0.673,50.41,0,2021,8,3,32,0
2021-08-16,Brazil,Latin America,0.673,0.595,1.5,49.94,2.74,5.1542,2.46,48.2,39.2,20.4,0,No Event,-0.35,Medium,20.0,0.6920000000000001,0.0660801715035534,0.657,48.9,0,2021,8,3,33,0
2021-08-23,Brazil,Latin America,0.585,0.512,1.5,45.59,2.25,5.0764,0.59,58.9,37.8,20.7,0,No Event,-0.31,Medium,20.0,0.647,0.0699498833127154,0.673,49.94,0,2021,8,3,34,0
2021-08-30,Brazil,Latin America,0.6,0.558,1.633,46.2,3.05,5.1919,1.72,58.7,34.8,20.0,0,No Event,-0.86,Medium,20.0,0.62875,0.0655645045359103,0.585,45.59,0,2021,8,3,35,0
2021-09-06,Brazil,Latin America,0.625,0.558,1.66,46.78,2.84,5.1182,-0.58,55.1,48.5,25.8,0,No Event,0.2,Medium,20.0,0.62075,0.0677284006731125,0.6,46.2,0,2021,9,3,36,0
2021-09-13,Brazil,Latin America,0.643,0.573,1.5,46.84,2.62,5.1621,4.28,44.8,54.3,23.6,0,No Event,-0.56,Medium,20.0,0.61325,0.0682902390236411,0.625,46.78,0,2021,9,3,37,0
2021-09-20,Brazil,Latin America,0.625,0.573,1.543,48.58,2.54,5.1366,2.02,50.4,58.3,24.2,0,No Event,0.79,Medium,20.0,0.62325,0.0682070328514977,0.643,46.84,0,2021,9,3,38,0
2021-09-27,Brazil,Latin America,0.64,0.597,1.504,48.8,3.8,5.1928,0.28,44.2,50.4,24.0,0,No Event,-0.52,Medium,20.0,0.63325,0.0685472500521966,0.625,48.58,0,2021,9,3,39,0
2021-10-04,Brazil,Latin America,0.656,0.588,1.762,50.03,2.01,5.0343,3.24,35.2,46.8,20.5,0,No Event,1.5,Medium,20.0,0.641,0.0648419687567485,0.64,48.8,1,2021,10,4,40,0
2021-10-11,Brazil,Latin America,0.649,0.571,1.5,48.24,2.87,5.1685,1.88,53.1,51.5,25.1,0,No Event,0.21,Medium,20.0,0.6425000000000001,0.0631927491395373,0.656,50.03,0,2021,10,4,41,0
2021-10-18,Brazil,Latin America,0.634,0.566,1.5,48.06,2.32,5.1569,-1.4,37.6,52.2,29.1,0,No Event,0.26,Medium,20.0,0.64475,0.0574038982020348,0.649,48.24,1,2021,10,4,42,0
2021-10-25,Brazil,Latin America,0.613,0.564,1.614,46.02,2.13,5.1929,0.36,50.6,60.0,26.6,0,No Event,0.73,Medium,20.0,0.638,0.0473629980625999,0.634,48.06,0,2021,10,4,43,0
2021-11-01,Brazil,Latin America,0.66,0.57,1.5,48.97,3.02,5.1823,2.64,59.6,48.8,25.4,0,No Event,0.09,Medium,20.0,0.639,0.0526456456167494,0.613,46.02,0,2021,11,4,44,0
2021-11-08,Brazil,Latin America,0.66,0.575,1.5,48.42,2.21,5.1246,1.83,54.2,50.0,27.2,0,No Event,-0.29,Medium,20.0,0.64175,0.0521604274430583,0.66,48.97,0,2021,11,4,45,0
2021-11-15,Brazil,Latin America,0.663,0.612,1.5,51.11,3.47,5.2774,-0.95,45.3,55.8,29.7,0,No Event,0.63,Medium,20.0,0.649,0.0322105874785275,0.66,48.42,0,2021,11,4,46,0
2021-11-22,Brazil,Latin America,0.637,0.555,1.562,47.9,3.26,5.2267,1.02,36.8,68.7,26.7,0,No Event,0.58,Medium,20.0,0.655,0.034854569580704,0.663,51.11,1,2021,11,4,47,0
2021-11-29,Brazil,Latin America,0.706,0.623,1.644,52.31,1.98,5.136,3.5,64.3,60.7,25.7,0,No Event,0.7,Medium,20.0,0.6665,0.0449754345395709,0.637,47.9,0,2021,11,4,48,0
2021-12-06,Brazil,Latin America,0.735,0.655,1.919,54.63,2.88,5.1887,2.27,41.2,47.5,23.5,0,No Event,0.23,Medium,20.0,0.68525,0.0455505533835391,0.706,52.31,0,2021,12,4,49,0
2021-12-13,Brazil,Latin America,0.76,0.663,1.787,55.97,3.33,5.188,0.73,53.2,55.2,27.6,0,No Event,-0.18,Medium,20.0,0.7095,0.0440790421967119,0.735,54.63,0,2021,12,4,50,0
2021-12-20,Brazil,Latin America,0.748,0.676,1.5,57.16,1.82,5.1168,3.78,41.0,54.3,28.9,0,No Event,-1.12,Medium,20.0,0.73725,0.0450151972236843,0.76,55.97,0,2021,12,4,51,0
2021-12-27,Brazil,Latin America,0.761,0.695,1.664,59.16,3.02,5.1108,-0.89,62.5,51.6,22.9,0,No Event,-0.78,Medium,20.0,0.751,0.0448991504859849,0.748,57.16,0,2021,12,4,52,0
2022-01-03,Brazil,Latin America,0.791,0.722,1.86,60.03,2.19,5.16,2.79,62.1,49.8,26.0,0,No Event,-0.15,Medium,20.0,0.765,0.0447922236172139,0.761,59.16,0,2022,1,1,1,0
2022-01-10,Brazil,Latin America,0.809,0.731,1.5,60.21,2.66,5.2676,1.26,57.8,43.7,25.2,0,No Event,0.24,Medium,20.0,0.77725,0.0429283324494181,0.791,60.03,0,2022,1,1,2,0
2022-01-17,Brazil,Latin America,0.823,0.761,1.814,61.78,2.76,5.2331,-0.67,49.1,39.3,21.9,0,No Event,-0.42,Medium,20.0,0.796,0.0394387783195123,0.809,60.21,0,2022,1,1,3,0
2022-01-24,Brazil,Latin America,0.84,0.734,1.882,62.25,2.75,5.2788,0.63,55.8,50.2,27.5,0,No Event,0.54,Medium,20.0,0.81575,0.0360019179919387,0.823,61.78,0,2022,1,1,4,0
2022-01-31,Brazil,Latin America,0.842,0.753,2.224,63.41,2.02,5.2684,0.55,28.7,37.7,29.2,0,No Event,0.34,Medium,20.0,0.8285,0.0358827926851501,0.84,62.25,1,2022,1,1,5,0
2022-02-07,Brazil,Latin America,0.92,0.819,2.205,66.42,2.2,5.1964,3.76,39.2,54.5,27.5,0,No Event,0.11,Medium,20.0,0.85625,0.0408603078798419,0.842,63.41,1,2022,2,1,6,0
2022-02-14,Brazil,Latin America,0.88,0.827,2.021,68.93,2.45,5.1413,0.38,54.4,64.3,26.2,0,No Event,-0.86,Medium,20.0,0.8705,0.0415149504613647,0.92,66.42,0,2022,2,1,7,0
2022-02-21,Brazil,Latin America,0.968,0.834,2.474,71.71,8.28,5.2403,1.86,50.1,48.2,39.9,1,Russia-Ukraine War,0.06,Medium,20.0,0.9025,0.0400978715136706,0.88,68.93,0,2022,2,1,8,0
2022-02-28,Brazil,Latin America,0.993,0.894,2.653,74.0,2.97,5.2992,1.42,67.5,51.2,27.5,0,No Event,0.26,Medium,20.0,0.94025,0.0398647263393566,0.968,71.71,0,2022,2,1,9,0
2022-03-07,Brazil,Latin America,1.043,0.963,2.803,79.23,10.29,5.2669,0.72,59.1,60.4,47.1,1,Russia-Ukraine War,-0.11,Medium,20.0,0.971,0.0404348177004268,0.993,74.0,0,2022,3,1,10,0
2022-03-14,Brazil,Latin America,0.969,0.898,2.302,74.26,3.22,5.3277,-0.21,42.4,57.6,20.1,0,No Event,0.4,Medium,20.0,0.99325,0.048189357096023,1.043,79.23,0,2022,3,1,11,0
2022-03-21,Brazil,Latin America,1.061,0.961,2.014,79.91,3.57,5.2661,0.28,60.8,36.4,21.0,0,No Event,-1.44,Medium,20.0,1.0165,0.0524052281537055,0.969,74.26,0,2022,3,1,12,0
2022-03-28,Brazil,Latin America,1.037,0.935,2.469,79.7,4.29,5.1803,0.74,61.3,56.8,23.2,0,No Event,0.43,Medium,20.0,1.0275,0.0543427452845139,1.061,79.91,0,2022,3,1,13,0
2022-04-04,Brazil,Latin America,1.15,1.013,2.313,86.54,2.2,5.3633,2.04,55.3,40.8,21.4,0,No Event,0.48,Medium,20.0,1.05425,0.0595873221019178,1.037,79.7,0,2022,4,2,14,0
2022-04-11,Brazil,Latin America,1.072,0.991,2.882,82.27,7.75,5.2005,4.36,56.6,51.7,47.8,1,Russia-Ukraine War,-1.03,Medium,20.0,1.08,0.0661192486237503,1.15,86.54,0,2022,4,2,15,0
2022-04-18,Brazil,Latin America,1.146,1.01,2.688,84.23,2.47,5.2498,3.37,58.2,53.6,29.8,0,No Event,-0.19,Medium,20.0,1.1012499999999998,0.0673441012471994,1.072,82.27,0,2022,4,2,16,0
2022-04-25,Brazil,Latin America,1.112,0.962,2.968,83.48,2.99,5.1883,2.46,69.1,57.4,27.3,0,No Event,-0.48,Medium,20.0,1.12,0.0690774637180787,1.146,84.23,0,2022,4,2,17,0
2022-05-02,Brazil,Latin America,1.116,0.98,2.331,83.77,2.92,5.1804,3.3,61.1,42.1,20.2,0,No Event,0.02,Medium,20.0,1.1115,0.065932767530759,1.112,83.48,0,2022,5,2,18,0
2022-05-09,Brazil,Latin America,1.165,1.053,2.382,86.37,7.6,5.2206,1.32,42.5,45.7,52.1,1,Russia-Ukraine War,0.03,Medium,20.0,1.13475,0.0632757232507545,1.116,83.77,0,2022,5,2,19,0
2022-05-16,Brazil,Latin America,1.116,1.032,2.151,84.68,2.98,5.1954,1.78,47.9,37.7,22.1,0,No Event,0.22,Medium,20.0,1.12725,0.0613217569684983,1.165,86.37,0,2022,5,2,20,0
2022-05-23,Brazil,Latin America,1.164,1.073,2.319,90.35,2.95,5.3163,1.56,61.7,49.4,21.8,0,No Event,-0.31,Medium,20.0,1.14025,0.0618311299627594,1.116,84.68,0,2022,5,2,21,0
2022-05-30,Brazil,Latin America,0.795,0.729,1.671,60.99,2.09,5.2625,1.27,57.4,38.4,20.4,0,No Event,0.08,Medium,20.0,1.06,0.1127469605280433,1.164,90.35,0,2022,5,2,22,0
2022-06-06,Brazil,Latin America,0.85,0.803,2.189,66.67,2.73,5.1604,5.35,47.8,53.3,25.8,0,No Event,0.08,Medium,20.0,0.98125,0.1137407659121866,0.795,60.99,0,2022,6,2,23,0
2022-06-13,Brazil,Latin America,0.823,0.754,1.99,62.99,6.99,5.1258,0.46,46.9,56.1,53.3,1,Russia-Ukraine War,0.28,Medium,20.0,0.908,0.1095364098494858,0.85,66.67,0,2022,6,2,24,0
2022-06-20,Brazil,Latin America,0.796,0.685,1.851,59.53,2.11,5.1441,2.89,60.4,41.8,25.1,0,No Event,-1.05,Medium,20.0,0.8160000000000001,0.1096450040125996,0.823,62.99,0,2022,6,2,25,0
2022-06-27,Brazil,Latin America,0.766,0.682,1.839,55.59,2.64,5.2621,1.71,46.1,51.4,22.1,0,No Event,-0.18,Medium,20.0,0.80875,0.102475048142784,0.796,59.53,0,2022,6,2,26,0
2022-07-04,Brazil,Latin America,0.744,0.68,1.671,56.91,3.04,5.1236,3.55,45.7,34.5,21.2,0,No Event,0.09,Medium,20.0,0.7822499999999999,0.1016951723344183,0.766,55.59,0,2022,7,3,27,0
2022-07-11,Brazil,Latin America,0.725,0.652,1.807,53.11,2.87,5.2408,2.84,55.3,46.1,27.7,0,No Event,0.11,Medium,20.0,0.75775,0.0973822759437101,0.744,56.91,0,2022,7,3,28,0
2022-07-18,Brazil,Latin America,0.766,0.712,1.743,59.15,6.48,5.1764,1.52,49.6,39.7,39.5,1,Russia-Ukraine War,-0.29,Medium,20.0,0.75025,0.1007044639664715,0.725,53.11,0,2022,7,3,29,0
2022-07-25,Brazil,Latin America,0.72,0.621,1.863,54.66,3.12,5.1738,2.61,51.0,30.9,24.2,0,No Event,0.27,Medium,20.0,0.73875,0.100740685375875,0.766,59.15,0,2022,7,3,30,0
2022-08-01,Brazil,Latin America,0.69,0.632,1.5,51.81,3.32,5.1589,5.45,44.2,42.5,25.3,0,No Event,-0.3,Medium,20.0,0.7252500000000001,0.098005830127701,0.72,54.66,0,2022,8,3,31,0
2022-08-08,Brazil,Latin America,0.62,0.57,1.5,47.69,2.52,5.2132,0.53,42.2,64.3,27.7,0,No Event,-0.7,Medium,20.0,0.6990000000000001,0.0997476771086238,0.69,51.81,0,2022,8,3,32,0
2022-08-15,Brazil,Latin America,0.649,0.621,1.5,51.76,2.24,5.2319,1.9,38.4,48.2,22.3,0,No Event,0.15,Medium,20.0,0.6697500000000001,0.1000458612063348,0.62,47.69,1,2022,8,3,33,0
2022-08-22,Brazil,Latin America,0.675,0.566,1.5,48.82,1.5,5.1882,4.5,41.9,54.6,29.7,0,No Event,-1.06,Medium,20.0,0.6585,0.0527347900388161,0.649,51.76,0,2022,8,3,34,0
2022-08-29,Brazil,Latin America,0.681,0.605,1.79,52.08,2.96,5.14,1.43,46.4,48.9,23.8,0,No Event,0.07,Medium,20.0,0.65625,0.0468091338729003,0.675,48.82,0,2022,8,3,35,0
2022-09-05,Brazil,Latin America,0.594,0.539,1.589,44.67,3.36,5.0451,1.59,46.2,68.6,29.2,0,No Event,0.19,Medium,20.0,0.6497499999999999,0.056671279315939,0.681,52.08,0,2022,9,3,36,0
2022-09-12,Brazil,Latin America,0.608,0.559,1.5,47.4,3.67,5.1491,3.29,36.7,48.8,20.0,0,No Event,-0.12,Medium,20.0,0.6395,0.058304105918339,0.594,44.67,1,2022,9,3,37,0
2022-09-19,Brazil,Latin America,0.639,0.582,1.5,47.72,2.84,5.0779,-0.42,34.5,61.3,20.5,0,No Event,0.15,Medium,20.0,0.6305000000000001,0.0614727003407184,0.608,47.4,1,2022,9,3,38,0
2022-09-26,Brazil,Latin America,0.649,0.607,1.5,48.92,2.4,5.1532,3.03,40.4,54.9,27.5,0,No Event,0.76,Medium,20.0,0.6225,0.0617875946080902,0.639,47.72,0,2022,9,3,39,0
2022-10-03,Brazil,Latin America,0.62,0.558,1.512,46.93,3.31,5.2217,2.44,42.6,50.0,26.7,0,No Event,0.07,Medium,20.0,0.629,0.062482736415361,0.649,48.92,0,2022,10,4,40,0
2022-10-10,Brazil,Latin America,0.661,0.577,1.647,49.54,2.25,5.1437,2.37,39.6,47.5,24.1,0,No Event,-0.49,Medium,20.0,0.64225,0.0634785706041483,0.62,46.93,1,2022,10,4,41,0
2022-10-17,Brazil,Latin America,0.63,0.552,1.613,47.38,2.49,5.1365,5.03,42.3,69.6,20.4,0,No Event,0.66,Medium,20.0,0.64,0.0626494285777263,0.661,49.54,0,2022,10,4,42,0
2022-10-24,Brazil,Latin America,0.659,0.605,1.719,49.1,2.72,5.1441,1.12,34.8,61.4,21.4,0,No Event,-0.16,Medium,20.0,0.6425000000000001,0.0636252526547292,0.63,47.38,1,2022,10,4,43,0
2022-10-31,Brazil,Latin America,0.639,0.588,1.57,48.51,3.08,5.3142,1.93,49.7,41.5,28.6,0,No Event,-0.07,Medium,20.0,0.64725,0.0564129807102223,0.659,49.1,0,2022,10,4,44,0
2022-11-07,Brazil,Latin America,0.701,0.614,1.5,51.8,2.99,5.1832,0.56,53.9,68.0,26.1,0,No Event,0.73,Medium,20.0,0.65725,0.0615091608578338,0.639,48.51,0,2022,11,4,45,0
2022-11-14,Brazil,Latin America,0.702,0.619,1.696,52.75,1.91,5.1956,4.48,50.6,55.4,24.6,0,No Event,0.07,Medium,20.0,0.67525,0.0606968133681097,0.701,51.8,0,2022,11,4,46,0
2022-11-21,Brazil,Latin America,0.681,0.595,1.5,50.48,2.22,5.2275,3.5,40.3,50.2,28.5,0,No Event,-0.27,Medium,20.0,0.68075,0.0614992307198906,0.702,52.75,0,2022,11,4,47,0
2022-11-28,Brazil,Latin America,0.694,0.596,1.5,50.87,9.34,5.1907,1.86,49.1,58.0,60.0,1,Russia-Ukraine War,-0.55,Medium,20.0,0.6945,0.0460543027236215,0.681,50.48,0,2022,11,4,48,0
2022-12-05,Brazil,Latin America,0.763,0.655,1.854,56.64,2.88,5.1642,1.25,40.0,56.4,21.3,0,No Event,0.22,Medium,20.0,0.71,0.0522723060428558,0.694,50.87,0,2022,12,4,49,0
2022-12-12,Brazil,Latin America,0.79,0.682,1.5,56.4,2.87,5.1331,2.41,50.7,57.7,27.0,0,No Event,0.02,Medium,20.0,0.732,0.0516305070867398,0.763,56.64,0,2022,12,4,50,0
2022-12-19,Brazil,Latin America,0.734,0.664,1.5,54.35,2.74,5.1199,-0.2,73.3,65.8,20.2,0,No Event,-1.18,Medium,20.0,0.74525,0.0578175969221842,0.79,56.4,0,2022,12,4,51,0
2022-12-26,Brazil,Latin America,0.793,0.714,1.678,60.64,2.93,5.1562,5.05,46.9,51.6,25.6,0,No Event,-0.19,Medium,20.0,0.77,0.0579791108043873,0.734,54.35,0,2022,12,4,52,0
2023-01-02,Brazil,Latin America,0.77,0.742,1.798,59.99,1.9,5.1802,2.94,53.7,48.1,29.8,0,No Event,-0.14,Medium,20.0,0.77175,0.0579359496361992,0.793,60.64,0,2023,1,1,1,0
2023-01-09,Brazil,Latin America,0.856,0.749,2.111,62.24,3.21,5.1705,4.0,48.3,65.8,24.4,0,No Event,0.13,Medium,20.0,0.78825,0.0607249321518239,0.77,59.99,0,2023,1,1,2,0
2023-01-16,Brazil,Latin America,0.835,0.724,1.971,62.08,3.67,5.2706,3.06,55.0,51.6,26.2,0,No Event,0.13,Medium,20.0,0.8135,0.0621693175754814,0.856,62.24,0,2023,1,1,3,0
2023-01-23,Brazil,Latin America,0.914,0.823,2.312,67.88,3.11,5.1946,3.79,47.3,57.4,28.7,0,No Event,-1.34,Medium,20.0,0.84375,0.0631266518907198,0.835,62.08,0,2023,1,1,4,0
2023-01-30,Brazil,Latin America,0.872,0.787,1.919,66.43,2.64,5.2756,1.48,43.4,57.4,26.6,0,No Event,-0.55,Medium,20.0,0.86925,0.0632425166370195,0.914,67.88,0,2023,1,1,5,0
2023-02-06,Brazil,Latin America,0.839,0.751,2.109,63.73,4.03,5.3061,2.26,54.1,68.1,28.7,0,No Event,0.54,Medium,20.0,0.865,0.0652822288426302,0.872,66.43,0,2023,2,1,6,0
2023-02-13,Brazil,Latin America,0.909,0.826,1.702,69.06,2.9,5.3239,0.68,56.2,49.0,20.5,0,No Event,0.19,Medium,20.0,0.8835,0.0660925567898467,0.839,63.73,0,2023,2,1,7,0
2023-02-20,Brazil,Latin America,0.921,0.819,2.223,67.05,8.94,5.2732,2.38,61.3,53.5,55.8,1,Russia-Ukraine War,-0.04,Medium,20.0,0.88525,0.0661728958097706,0.909,69.06,0,2023,2,1,8,0
2023-02-27,Brazil,Latin America,0.902,0.824,2.137,68.6,3.33,5.2022,1.67,61.7,51.9,25.5,0,No Event,0.09,Medium,20.0,0.89275,0.063035140111414,0.921,67.05,0,2023,2,1,9,0
2023-03-06,Brazil,Latin America,0.901,0.803,2.239,66.87,2.07,5.264,3.81,53.9,48.2,24.6,0,No Event,-0.81,Medium,20.0,0.90825,0.0628855601925983,0.902,68.6,0,2023,3,1,10,0
2023-03-13,Brazil,Latin America,0.98,0.829,1.795,69.55,2.61,5.1777,-0.85,61.1,61.0,28.7,0,No Event,0.37,Medium,20.0,0.926,0.060313850933284,0.901,66.87,0,2023,3,1,11,0
2023-03-20,Brazil,Latin America,0.982,0.854,2.266,73.02,1.88,5.2215,3.69,49.2,56.8,21.5,0,No Event,-0.39,Medium,20.0,0.94125,0.0580905529057053,0.98,69.55,0,2023,3,1,12,0
2023-03-27,Brazil,Latin America,0.865,0.779,1.645,66.13,3.24,5.3106,2.76,49.6,47.1,21.6,0,No Event,1.14,Medium,20.0,0.932,0.0696131992996421,0.982,73.02,0,2023,3,1,13,0
2023-04-03,Brazil,Latin America,0.9,0.808,1.838,68.56,3.7,5.2771,1.56,57.4,64.7,26.4,0,No Event,0.56,Medium,20.0,0.93175,0.063064862671805,0.865,66.13,0,2023,4,2,14,0
2023-04-10,Brazil,Latin America,0.861,0.785,1.984,63.84,3.31,5.2503,2.41,60.6,58.0,24.9,0,No Event,0.45,Medium,20.0,0.902,0.064117577510538,0.9,68.56,0,2023,4,2,15,0
2023-04-17,Brazil,Latin America,0.897,0.812,1.844,69.04,3.47,5.2214,3.85,51.1,48.0,22.5,0,No Event,0.5,Medium,20.0,0.8807499999999999,0.0589733947114922,0.861,63.84,0,2023,4,2,16,0
2023-04-24,Brazil,Latin America,0.92,0.788,2.172,67.59,2.24,5.3653,0.02,60.9,62.4,24.5,0,No Event,-0.0,Medium,20.0,0.8945000000000001,0.057499304345392,0.897,69.04,0,2023,4,2,17,0
2023-05-01,Brazil,Latin America,0.881,0.808,2.087,67.09,2.61,5.237,0.62,63.2,53.3,29.6,0,No Event,0.42,Medium,20.0,0.8897499999999999,0.0578286849725109,0.92,67.59,0,2023,5,2,18,0
2023-05-08,Brazil,Latin America,0.922,0.811,2.223,67.34,2.89,5.2663,0.38,58.1,46.8,29.4,0,No Event,0.05,Medium,20.0,0.905,0.0541824657076268,0.881,67.09,0,2023,5,2,19,0
2023-05-15,Brazil,Latin America,0.902,0.806,1.632,67.94,2.8,5.2178,2.41,56.8,41.2,20.5,0,No Event,0.36,Medium,20.0,0.90625,0.0544950993558405,0.922,67.34,0,2023,5,2,20,0
2023-05-22,Brazil,Latin America,0.81,0.763,2.05,62.26,2.73,5.2418,2.33,60.4,33.4,28.3,0,No Event,-0.82,Medium,20.0,0.87875,0.0618184607143938,0.902,67.94,0,2023,5,2,21,0
2023-05-29,Brazil,Latin America,0.778,0.71,2.008,59.42,3.01,5.2357,1.95,55.1,44.4,26.1,0,No Event,0.37,Medium,20.0,0.8530000000000001,0.0624691055777253,0.81,62.26,0,2023,5,2,22,0
2023-06-05,Brazil,Latin America,0.847,0.753,2.107,61.8,3.14,5.1991,2.69,39.2,36.0,28.0,0,No Event,-0.64,Medium,20.0,0.83425,0.0626134648763424,0.778,59.42,0,2023,6,2,23,0
2023-06-12,Brazil,Latin America,0.804,0.706,1.532,59.54,2.24,5.1731,0.79,55.5,67.3,29.5,0,No Event,-0.21,Medium,20.0,0.80975,0.06352105408987,0.847,61.8,0,2023,6,2,24,0
2023-06-19,Brazil,Latin America,0.775,0.752,1.781,60.26,3.06,5.1087,0.75,60.9,39.0,26.6,0,No Event,0.36,Medium,20.0,0.8009999999999999,0.0550596179923703,0.804,59.54,0,2023,6,2,25,0
2023-06-26,Brazil,Latin America,0.701,0.634,1.702,52.97,3.07,5.1442,-0.69,52.1,49.6,29.2,0,No Event,-0.7,Medium,20.0,0.78175,0.0581445062681174,0.775,60.26,0,2023,6,2,26,0
2023-07-03,Brazil,Latin America,0.802,0.694,1.937,59.98,3.16,5.1749,3.3,39.1,41.0,21.3,0,No Event,-0.49,Medium,20.0,0.7705,0.0740282845597911,0.701,52.97,1,2023,7,3,27,0
2023-07-10,Brazil,Latin America,0.707,0.638,1.864,54.03,2.09,5.2399,3.45,33.4,34.9,25.8,0,No Event,-0.33,Medium,20.0,0.7462500000000001,0.0793872350941162,0.802,59.98,1,2023,7,3,28,0
2023-07-17,Brazil,Latin America,0.71,0.665,1.901,54.98,2.58,5.1616,1.64,55.5,41.8,26.7,0,No Event,-0.46,Medium,20.0,0.73,0.0785839206855756,0.707,54.03,0,2023,7,3,29,0
2023-07-24,Brazil,Latin America,0.711,0.665,1.5,55.98,2.8,5.1802,3.51,39.8,49.5,26.3,0,No Event,0.22,Medium,20.0,0.7325,0.0783937340396775,0.71,54.98,1,2023,7,3,30,0
2023-07-31,Brazil,Latin America,0.633,0.607,1.826,51.02,3.2,5.1711,-0.22,49.0,46.1,25.2,0,No Event,0.35,Medium,20.0,0.69025,0.0802127065565295,0.711,55.98,0,2023,7,3,31,0
2023-08-07,Brazil,Latin America,0.664,0.63,1.758,51.51,3.32,5.2108,1.83,53.3,43.2,29.2,0,No Event,-0.42,Medium,20.0,0.6795,0.0832493529180253,0.633,51.02,0,2023,8,3,32,0
2023-08-14,Brazil,Latin America,0.614,0.569,1.5,47.49,2.72,5.1846,0.29,45.3,35.6,25.9,0,No Event,-0.49,Medium,20.0,0.6555000000000001,0.0812515519430503,0.664,51.51,0,2023,8,3,33,0
2023-08-21,Brazil,Latin America,0.672,0.617,1.554,51.23,3.44,5.0549,2.26,42.7,46.0,27.8,0,No Event,0.17,Medium,20.0,0.64575,0.0872813978824246,0.614,47.49,0,2023,8,3,34,0
2023-08-28,Brazil,Latin America,0.659,0.595,1.5,50.35,2.68,5.1778,0.83,33.9,59.3,22.0,0,No Event,0.2,Medium,20.0,0.65225,0.0817218836634172,0.672,51.23,1,2023,8,3,35,0
2023-09-04,Brazil,Latin America,0.633,0.554,1.5,47.34,1.95,5.1379,0.73,37.3,39.3,24.8,0,No Event,0.74,Medium,20.0,0.6445000000000001,0.0813697510917969,0.659,50.35,1,2023,9,3,36,0
2023-09-11,Brazil,Latin America,0.65,0.604,1.536,50.63,2.8,5.0988,0.16,34.7,57.0,29.7,0,No Event,-0.12,Medium,20.0,0.6535000000000001,0.0820343381194567,0.633,47.34,1,2023,9,3,37,0
2023-09-18,Brazil,Latin America,0.644,0.615,1.575,49.45,2.75,5.1046,1.97,39.6,63.8,22.8,0,No Event,0.25,Medium,20.0,0.6465000000000001,0.0776670116689405,0.65,50.63,1,2023,9,3,38,0
2023-09-25,Brazil,Latin America,0.688,0.617,1.848,51.65,2.68,5.139,1.45,41.8,58.7,25.6,0,No Event,0.01,Medium,20.0,0.65375,0.0668340909212891,0.644,49.45,0,2023,9,3,39,0
2023-10-02,Brazil,Latin America,0.714,0.633,1.552,53.56,7.21,5.206,4.86,41.7,29.5,32.7,1,Middle East Crisis,-0.52,Medium,20.0,0.6739999999999999,0.0586284031550361,0.688,51.65,0,2023,10,4,40,0
2023-10-09,Brazil,Latin America,0.706,0.629,1.662,53.14,4.89,5.3561,4.41,26.0,54.9,40.2,1,Middle East Crisis,0.09,Medium,20.0,0.688,0.0587541528939517,0.714,53.56,1,2023,10,4,41,0
2023-10-16,Brazil,Latin America,0.737,0.657,1.837,55.77,4.88,5.6354,2.23,47.2,61.4,54.0,1,Middle East Crisis,0.72,Medium,20.0,0.7112499999999999,0.0600393235176899,0.706,53.14,0,2023,10,4,42,0
2023-10-23,Brazil,Latin America,0.759,0.704,2.062,57.95,4.16,5.7092,1.83,46.4,52.8,39.4,1,Middle East Crisis,0.36,Medium,20.0,0.7290000000000001,0.0482235779836818,0.737,55.77,0,2023,10,4,43,0
2023-10-30,Brazil,Latin America,0.9,0.809,1.761,68.08,7.47,5.7366,1.13,42.6,58.7,43.7,1,Middle East Crisis,0.33,Medium,20.0,0.7755,0.0685388366066088,0.759,57.95,0,2023,10,4,44,0
2023-11-06,Brazil,Latin America,0.868,0.808,2.284,66.43,4.06,5.7983,1.58,35.2,37.7,56.8,1,Middle East Crisis,0.61,Medium,20.0,0.816,0.0639129255969214,0.9,68.08,1,2023,11,4,45,0
2023-11-13,Brazil,Latin America,0.87,0.769,1.6,65.09,4.99,6.0922,0.76,57.0,63.8,43.3,1,Middle East Crisis,-0.53,Medium,20.0,0.8492500000000001,0.0610695147696701,0.868,66.43,0,2023,11,4,46,0
2023-11-20,Brazil,Latin America,0.928,0.85,2.145,71.75,6.18,6.3049,2.53,50.2,61.6,51.5,1,Middle East Crisis,-0.72,Medium,20.0,0.8915,0.0606509672680822,0.87,65.09,0,2023,11,4,47,0
2023-11-27,Brazil,Latin America,0.941,0.815,1.865,71.1,5.28,6.5444,-1.21,47.7,60.3,45.6,1,Middle East Crisis,-0.05,Medium,20.0,0.90175,0.0568922066051409,0.928,71.75,0,2023,11,4,48,0
2023-12-04,Brazil,Latin America,0.937,0.841,2.116,71.06,6.02,6.592,4.35,30.8,50.1,56.9,1,Middle East Crisis,0.53,Medium,20.0,0.919,0.057992926355994,0.941,71.1,1,2023,12,4,49,0
2023-12-11,Brazil,Latin America,1.036,0.917,1.95,78.18,5.81,6.5787,3.63,57.3,53.7,53.4,1,Middle East Crisis,0.04,Medium,20.0,0.9605,0.0599518159522836,0.937,71.06,0,2023,12,4,50,0
2023-12-18,Brazil,Latin America,1.048,0.994,2.348,80.67,6.94,6.9316,3.54,57.1,73.8,45.4,1,Middle East Crisis,0.02,Medium,20.0,0.9905,0.0599192811273838,1.036,78.18,0,2023,12,4,51,0
2023-12-25,Brazil,Latin America,1.07,0.987,2.454,80.54,8.87,7.2569,3.32,47.7,53.3,39.4,1,Middle East Crisis,-0.08,Medium,20.0,1.02275,0.0601004526327832,1.048,80.67,0,2023,12,4,52,0
2024-01-01,Brazil,Latin America,1.087,1.03,2.395,85.0,3.47,7.5544,2.25,48.5,65.0,34.8,1,Middle East Crisis,-0.03,Medium,20.0,1.06025,0.0586654787414806,1.07,80.54,0,2024,1,1,1,0
2024-01-08,Brazil,Latin America,0.813,0.749,1.504,60.86,4.09,7.7908,1.69,43.1,44.3,51.0,1,Middle East Crisis,-1.05,Medium,20.0,1.0045,0.1021157862523728,1.087,85.0,0,2024,1,1,2,0
2024-01-15,Brazil,Latin America,0.782,0.721,1.5,57.86,4.75,8.0508,-0.37,54.7,49.4,47.2,1,Middle East Crisis,0.56,Medium,20.0,0.938,0.1030022536148276,0.813,60.86,0,2024,1,1,3,0
2024-01-22,Brazil,Latin America,0.784,0.732,1.827,61.67,5.73,8.4515,3.15,52.3,66.4,46.2,1,Middle East Crisis,0.47,Medium,20.0,0.8664999999999999,0.0864650449959164,0.782,57.86,0,2024,1,1,4,0
2024-01-29,Brazil,Latin America,0.872,0.831,2.414,68.33,8.12,8.4454,2.83,44.3,49.2,54.3,1,Middle East Crisis,0.35,Medium,20.0,0.81275,0.0924308979903077,0.784,61.67,0,2024,1,1,5,0
2024-02-05,Brazil,Latin America,0.948,0.829,2.501,71.72,7.71,8.7091,3.04,54.5,50.4,57.1,1,Middle East Crisis,-0.05,Medium,20.0,0.8464999999999999,0.0954208790079833,0.872,68.33,0,2024,2,1,6,0
2024-02-12,Brazil,Latin America,0.886,0.844,2.27,67.55,4.2,8.7561,2.4,52.9,74.9,56.0,1,Middle East Crisis,-0.36,Medium,20.0,0.8725,0.0961382409066775,0.948,71.72,0,2024,2,1,7,0
2024-02-19,Brazil,Latin America,0.887,0.833,1.884,68.35,3.28,9.2201,3.02,46.7,42.6,40.5,1,Middle East Crisis,-0.2,Medium,20.0,0.89825,0.0960498702628865,0.886,67.55,0,2024,2,1,8,0
2024-02-26,Brazil,Latin America,0.865,0.761,2.185,64.59,7.79,9.4605,1.89,48.9,44.7,49.8,1,Middle East Crisis,-0.41,Medium,20.0,0.8965000000000001,0.0963111430014364,0.887,68.35,0,2024,2,1,9,0
2024-03-04,Brazil,Latin America,0.997,0.917,2.57,75.77,7.98,9.4839,1.15,51.2,54.0,40.5,1,Middle East Crisis,0.14,Medium,20.0,0.90875,0.1018715296987248,0.865,64.59,0,2024,3,1,10,0
2024-03-11,Brazil,Latin America,0.976,0.857,2.183,71.75,5.98,9.8027,1.69,53.3,53.8,37.3,1,Middle East Crisis,-0.73,Medium,20.0,0.93125,0.1020275288163473,0.997,75.77,0,2024,3,1,11,0
2024-03-18,Brazil,Latin America,0.86,0.795,1.861,67.42,6.95,10.2614,0.7,51.5,40.7,47.3,1,Middle East Crisis,0.27,Medium,20.0,0.9245,0.107176105005669,0.976,71.75,0,2024,3,1,12,0
2024-03-25,Brazil,Latin America,0.93,0.801,1.852,67.0,6.85,10.498,2.62,56.9,53.8,40.4,1,Middle East Crisis,0.13,Medium,20.0,0.94075,0.1103684065593049,0.86,67.42,0,2024,3,1,13,0
2024-04-01,Brazil,Latin America,0.851,0.788,2.167,65.61,3.5,10.7573,1.08,59.9,45.7,37.5,1,Middle East Crisis,0.31,Medium,20.0,0.90425,0.0840241191261107,0.93,67.0,0,2024,4,2,14,0
2024-04-08,Brazil,Latin America,0.926,0.843,2.232,70.64,4.37,11.0631,3.52,45.7,45.7,48.4,1,Middle East Crisis,-0.33,Medium,20.0,0.89175,0.0857480557376016,0.851,65.61,0,2024,4,2,15,0
2024-04-15,Brazil,Latin America,0.868,0.796,1.986,66.46,8.5,11.4788,3.82,57.7,33.0,45.0,1,Middle East Crisis,0.65,Medium,20.0,0.89375,0.0887928202214445,0.926,70.64,0,2024,4,2,16,0
2024-04-22,Brazil,Latin America,0.896,0.812,1.804,66.37,7.26,12.0286,3.76,62.8,41.6,53.8,1,Middle East Crisis,-0.12,Medium,20.0,0.88525,0.0834303012345507,0.868,66.46,0,2024,4,2,17,0
2024-04-29,Brazil,Latin America,0.877,0.823,2.174,66.8,7.21,12.5271,0.72,61.9,57.6,59.4,1,Middle East Crisis,-0.81,Medium,20.0,0.89175,0.0795528051466195,0.896,66.37,0,2024,4,2,18,0
2024-05-06,Brazil,Latin America,0.873,0.772,2.168,65.44,3.77,12.8659,2.47,42.5,61.1,46.4,1,Middle East Crisis,-0.49,Medium,20.0,0.8785,0.0771599254068066,0.877,66.8,0,2024,5,2,19,0
2024-05-13,Brazil,Latin America,0.932,0.848,2.475,70.57,7.0,13.3585,2.84,60.0,47.6,39.1,1,Middle East Crisis,1.05,Medium,20.0,0.8945,0.0794841977279319,0.873,65.44,0,2024,5,2,20,0
2024-05-20,Brazil,Latin America,0.911,0.811,1.809,68.97,6.65,13.9003,2.02,46.1,49.6,59.1,1,Middle East Crisis,0.06,Medium,20.0,0.89825,0.0794042932503287,0.932,70.57,0,2024,5,2,21,0
2024-05-27,Brazil,Latin America,0.816,0.754,2.093,63.16,5.24,14.2174,2.79,60.9,50.1,37.5,1,Middle East Crisis,1.13,Medium,20.0,0.883,0.0707962874054422,0.911,68.97,0,2024,5,2,22,0
2024-06-03,Brazil,Latin America,0.904,0.82,1.985,67.87,6.38,14.5681,-0.19,46.3,40.9,41.2,1,Middle East Crisis,-0.08,Medium,20.0,0.89075,0.0789721295119127,0.816,63.16,0,2024,6,2,23,0
2024-06-10,Brazil,Latin America,0.806,0.741,2.025,62.02,8.39,15.2025,3.43,43.5,34.0,56.6,1,Middle East Crisis,0.12,Medium,20.0,0.8592500000000001,0.0776310846823545,0.904,67.87,0,2024,6,2,24,0
2024-06-17,Brazil,Latin America,0.808,0.703,1.738,59.52,7.2,15.8886,3.02,62.5,41.9,39.0,1,Middle East Crisis,0.32,Medium,20.0,0.8335,0.0730765655786952,0.806,62.02,0,2024,6,2,25,0
2024-06-24,Brazil,Latin America,0.807,0.73,1.652,61.34,6.62,16.1061,0.32,46.4,46.3,37.5,1,Middle East Crisis,-0.12,Medium,20.0,0.83125,0.0690732175085768,0.808,59.52,0,2024,6,2,26,0
2024-07-01,Brazil,Latin America,0.797,0.695,1.789,59.73,7.67,16.5835,-0.13,57.3,32.3,36.8,1,Middle East Crisis,-0.08,Medium,20.0,0.8045,0.0629440455136832,0.807,61.34,0,2024,7,3,27,0
2024-07-08,Brazil,Latin America,0.72,0.638,1.718,53.24,7.96,16.9872,2.86,58.6,57.3,48.3,1,Middle East Crisis,-1.46,Medium,20.0,0.783,0.0661790971475416,0.797,59.73,0,2024,7,3,28,0
2024-07-15,Brazil,Latin America,0.723,0.671,1.5,55.14,4.34,17.9478,3.94,42.7,48.5,37.9,1,Middle East Crisis,0.09,Medium,20.0,0.76175,0.0649008623629276,0.72,53.24,0,2024,7,3,29,0
2024-07-22,Brazil,Latin America,0.719,0.654,1.5,54.24,8.18,17.7901,0.5,38.8,36.3,56.7,1,Middle East Crisis,-0.17,Medium,20.0,0.73975,0.0649390691551387,0.723,55.14,0,2024,7,3,30,0
2024-07-29,Brazil,Latin America,0.66,0.585,1.5,50.07,7.47,18.9142,2.52,54.4,49.2,60.6,1,Middle East Crisis,-0.15,Medium,20.0,0.7055,0.0676619142764781,0.719,54.24,0,2024,7,3,31,0
2024-08-05,Brazil,Latin America,0.746,0.677,1.966,56.63,4.37,19.4438,0.77,59.5,41.0,39.8,1,Middle East Crisis,0.02,Medium,20.0,0.712,0.0769100046001323,0.66,50.07,0,2024,8,3,32,0
2024-08-12,Brazil,Latin America,0.712,0.638,1.653,55.48,6.91,19.5085,0.96,44.5,43.4,41.1,1,Middle East Crisis,0.58,Medium,20.0,0.7092499999999999,0.0773826668360414,0.746,56.63,0,2024,8,3,33,0
2024-08-19,Brazil,Latin America,0.662,0.617,1.666,50.45,5.07,20.2009,0.94,46.5,54.1,40.9,1,Middle East Crisis,0.41,Medium,20.0,0.6950000000000001,0.0744852287035356,0.712,55.48,0,2024,8,3,34,0
2024-08-26,Brazil,Latin America,0.708,0.626,1.548,52.95,8.09,20.6725,1.08,46.2,41.2,45.3,1,Middle East Crisis,0.47,Medium,20.0,0.707,0.0693941695575434,0.662,50.45,0,2024,8,3,35,0
2024-09-02,Brazil,Latin America,0.652,0.603,1.763,49.91,6.9,21.1951,0.53,39.4,51.9,55.3,1,Middle East Crisis,0.26,Medium,20.0,0.6835,0.0663714147251057,0.708,52.95,1,2024,9,3,36,0
2024-09-09,Brazil,Latin America,0.663,0.601,1.5,48.88,7.96,21.6376,5.98,42.0,45.5,50.9,1,Middle East Crisis,-1.18,Medium,20.0,0.6712500000000001,0.0668545358931811,0.652,49.91,0,2024,9,3,37,0
2024-09-16,Brazil,Latin America,0.606,0.574,1.5,47.42,5.93,21.8609,2.06,36.9,52.1,47.2,1,Middle East Crisis,-0.34,Medium,20.0,0.65725,0.0697584030943371,0.663,48.88,1,2024,9,3,38,0
2024-09-23,Brazil,Latin America,0.645,0.568,1.5,47.98,8.35,22.4945,2.92,34.5,51.6,62.3,1,Middle East Crisis,-0.37,Medium,20.0,0.6415000000000001,0.0740446207890419,0.606,47.42,1,2024,9,3,39,0
2024-09-30,Brazil,Latin America,0.658,0.59,1.548,50.33,6.64,23.1688,1.12,43.0,62.9,56.8,1,Middle East Crisis,-0.1,Medium,20.0,0.643,0.0698996729501205,0.645,47.98,0,2024,9,3,40,0
2024-10-07,Brazil,Latin America,0.648,0.577,1.5,48.96,3.43,23.7646,3.83,46.4,49.6,24.4,0,No Event,-0.29,Medium,20.0,0.63925,0.0698857804430105,0.658,50.33,0,2024,10,4,41,0
2024-10-14,Brazil,Latin America,0.68,0.651,1.5,51.7,2.22,23.8243,1.87,44.8,48.5,23.5,0,No Event,1.37,Medium,20.0,0.6577500000000001,0.0717545961549002,0.648,48.96,0,2024,10,4,42,0
2024-10-21,Brazil,Latin America,0.672,0.618,1.5,50.18,3.05,24.1935,2.1,48.9,48.6,28.6,0,No Event,-0.04,Medium,20.0,0.6645000000000001,0.067387626579147,0.68,51.7,0,2024,10,4,43,0
2024-10-28,Brazil,Latin America,0.688,0.639,1.5,52.33,3.26,23.4764,3.11,42.1,62.1,29.9,0,No Event,-0.62,Medium,20.0,0.6719999999999999,0.0550646181485521,0.672,50.18,0,2024,10,4,44,0
2024-11-04,Brazil,Latin America,0.668,0.591,1.51,50.67,3.24,23.4488,1.6,54.0,46.6,21.3,0,No Event,1.01,Medium,20.0,0.677,0.0541662520237832,0.688,52.33,0,2024,11,4,45,0
2024-11-11,Brazil,Latin America,0.686,0.595,1.62,50.88,3.22,23.8603,1.73,40.7,62.1,28.1,0,No Event,0.04,Medium,20.0,0.6785,0.0504948229067459,0.668,50.67,0,2024,11,4,46,0
2024-11-18,Brazil,Latin America,0.814,0.725,1.874,60.0,3.18,23.9975,4.16,48.2,49.0,29.9,0,No Event,0.19,Medium,20.0,0.714,0.0712978930644688,0.686,50.88,0,2024,11,4,47,0
2024-11-25,Brazil,Latin America,0.769,0.688,2.016,57.54,3.16,24.1473,2.4,53.3,42.8,21.5,0,No Event,0.28,Medium,20.0,0.7342500000000001,0.068759898721836,0.814,60.0,0,2024,11,4,48,0
2024-12-02,Brazil,Latin America,0.718,0.657,1.602,54.14,3.96,24.0658,-0.61,50.9,50.0,26.4,0,No Event,-0.09,Medium,20.0,0.74675,0.0727323302881226,0.769,57.54,0,2024,12,4,49,0
2024-12-09,Brazil,Latin America,0.775,0.694,1.634,58.95,2.15,23.5328,4.24,48.1,50.3,26.8,0,No Event,-0.37,Medium,20.0,0.769,0.0686598473602426,0.718,54.14,0,2024,12,4,50,0
2024-12-16,Brazil,Latin America,0.805,0.718,1.534,60.54,2.21,23.423,1.9,43.4,55.6,29.7,0,No Event,-0.76,Medium,20.0,0.76675,0.0676385361056784,0.775,58.95,0,2024,12,4,51,0
2024-12-23,Brazil,Latin America,0.779,0.679,1.576,57.18,2.36,23.8568,1.99,51.7,45.3,22.4,0,No Event,0.91,Medium,20.0,0.76925,0.06934412798399,0.805,60.54,0,2024,12,4,52,0
2024-12-30,Brazil,Latin America,0.792,0.726,2.1,60.99,3.36,23.8082,2.1,37.1,60.0,25.0,0,No Event,0.06,Medium,20.0,0.78775,0.0686372436770276,0.779,57.18,1,2024,12,4,1,0
2025-01-06,Brazil,Latin America,0.762,0.708,1.752,60.34,4.1,24.13,3.5,47.4,73.5,22.0,0,No Event,-0.61,Medium,20.0,0.7845,0.069727742047991,0.792,60.99,0,2025,1,1,2,0
2025-01-13,Brazil,Latin America,0.852,0.749,1.843,64.37,3.57,24.0711,0.63,59.8,61.1,24.1,0,No Event,0.07,Medium,20.0,0.79625,0.0755991834689406,0.762,60.34,0,2025,1,1,3,0
2025-01-20,Brazil,Latin America,0.85,0.779,2.234,65.13,3.03,23.7946,3.09,62.9,60.5,22.8,0,No Event,-0.25,Medium,20.0,0.8140000000000001,0.0759327507552267,0.852,64.37,0,2025,1,1,4,0
2025-01-27,Brazil,Latin America,0.84,0.732,1.672,61.4,2.34,24.5107,0.76,43.5,53.9,23.7,0,No Event,0.29,Medium,20.0,0.8260000000000001,0.0750699562725798,0.85,65.13,0,2025,1,1,5,0
2025-02-03,Brazil,Latin America,0.798,0.715,1.932,60.43,3.23,23.9275,2.04,59.4,61.9,29.8,0,No Event,0.57,Medium,20.0,0.835,0.077818107675935,0.84,61.4,0,2025,2,1,6,0
2025-02-10,Brazil,Latin America,0.921,0.799,1.967,68.6,2.96,24.2928,0.99,59.5,45.4,24.6,0,No Event,-0.42,Medium,20.0,0.85225,0.0716429173196383,0.798,60.43,0,2025,2,1,7,0
2025-02-17,Brazil,Latin America,0.977,0.817,1.936,70.89,2.39,24.0785,3.09,59.6,33.8,26.4,0,No Event,0.33,Medium,20.0,0.8840000000000001,0.0694481495695224,0.921,68.6,0,2025,2,1,8,0
2025-02-24,Brazil,Latin America,0.902,0.811,1.765,68.98,2.14,24.0323,2.58,62.1,56.9,27.0,0,No Event,-0.01,Medium,20.0,0.8995,0.0707134188397134,0.977,70.89,0,2025,2,1,9,0
2025-03-03,Brazil,Latin America,0.925,0.854,1.735,70.22,3.43,24.2489,2.81,59.7,40.9,24.0,0,No Event,-0.84,Medium,20.0,0.93125,0.0683682337759123,0.902,68.98,0,2025,3,1,10,0
2025-03-10,Brazil,Latin America,0.87,0.794,1.834,66.55,2.63,24.0804,0.35,73.1,48.0,27.5,0,No Event,0.05,Medium,20.0,0.9185,0.0713314066243471,0.925,70.22,0,2025,3,1,11,0
2025-03-17,Brazil,Latin America,0.934,0.853,2.463,71.13,3.52,24.1577,2.25,50.9,48.0,29.3,0,No Event,-0.42,Medium,20.0,0.90775,0.0723355127352307,0.87,66.55,0,2025,3,1,12,0
2025-03-24,Brazil,Latin America,0.885,0.828,1.908,68.95,3.71,24.4113,1.03,50.8,52.9,25.1,0,No Event,-0.78,Medium,20.0,0.9035,0.0751114472470326,0.934,71.13,0,2025,3,1,13,0
2025-03-31,Brazil,Latin America,0.909,0.796,2.172,68.39,2.68,23.9285,-0.36,61.6,51.3,21.7,0,No Event,-0.18,Medium,20.0,0.8995,0.0735313543673899,0.885,68.95,0,2025,3,1,14,0
2025-04-07,Brazil,Latin America,0.937,0.829,1.984,70.03,2.82,24.0816,4.01,64.2,45.6,24.5,0,No Event,-0.17,Medium,20.0,0.91625,0.0666352725185532,0.909,68.39,0,2025,4,2,15,0
2025-04-14,Brazil,Latin America,0.903,0.795,1.98,68.58,3.56,24.3062,0.49,59.1,47.9,27.6,0,No Event,0.21,Medium,20.0,0.9085,0.0679116036446045,0.937,70.03,0,2025,4,2,16,0
2025-04-21,Brazil,Latin America,0.863,0.797,2.254,65.79,3.27,23.8745,2.49,50.6,40.1,28.1,0,No Event,0.1,Medium,20.0,0.903,0.0693668233920867,0.903,68.58,0,2025,4,2,17,0
2025-04-28,Brazil,Latin America,0.904,0.845,2.23,69.36,4.18,24.1508,1.76,60.8,52.2,25.4,0,No Event,-0.82,Medium,20.0,0.90175,0.0681164709683024,0.863,65.79,0,2025,4,2,18,0
2025-05-05,Brazil,Latin America,0.921,0.828,2.391,68.22,3.47,24.3359,2.84,57.1,61.8,29.7,0,No Event,0.22,Medium,20.0,0.89775,0.0517819052395464,0.904,69.36,0,2025,5,2,19,0
2025-05-12,Brazil,Latin America,0.921,0.797,1.961,67.64,3.08,24.0098,2.49,48.9,51.0,25.9,0,No Event,1.01,Medium,20.0,0.90225,0.0482796464394424,0.921,68.22,0,2025,5,2,20,0
2025-05-19,Brazil,Latin America,0.826,0.755,1.997,63.34,2.95,23.9225,0.54,46.0,41.5,26.1,0,No Event,0.37,Medium,20.0,0.893,0.0523334736069631,0.921,67.64,0,2025,5,2,21,0
2025-05-26,Brazil,Latin America,0.896,0.811,2.004,66.61,3.0,23.8952,3.19,52.0,26.5,25.8,0,No Event,0.77,Medium,20.0,0.891,0.058059786450504,0.826,63.34,0,2025,5,2,22,0
2025-06-02,Brazil,Latin America,0.905,0.783,2.14,67.01,3.29,23.6871,3.37,45.7,31.3,27.5,0,No Event,-0.29,Medium,20.0,0.887,0.0550991494958787,0.896,66.61,0,2025,6,2,23,0
2025-06-09,Brazil,Latin America,0.783,0.7,1.546,59.12,3.45,23.964,1.04,45.9,37.5,27.6,0,No Event,-0.1,Medium,20.0,0.8525,0.0636015332129288,0.905,67.01,0,2025,6,2,24,0
2025-06-16,Brazil,Latin America,0.793,0.721,1.892,61.17,3.44,24.1302,5.44,48.3,51.4,23.2,0,No Event,-0.37,Medium,20.0,0.84425,0.0626717214169757,0.783,59.12,0,2025,6,2,25,0
2025-06-23,Brazil,Latin America,0.807,0.731,1.79,59.6,3.04,24.0416,2.0,38.3,40.6,27.3,0,No Event,0.23,Medium,20.0,0.8220000000000001,0.0622583805526659,0.793,61.17,1,2025,6,2,26,0
2025-06-30,Brazil,Latin America,0.8,0.727,2.077,61.14,3.31,23.7411,2.07,48.2,63.2,21.4,0,No Event,-0.66,Medium,20.0,0.79575,0.0610519320239681,0.807,59.6,0,2025,6,2,27,0
2025-07-07,Brazil,Latin America,0.808,0.737,1.948,60.52,2.98,24.2196,0.51,50.1,60.1,27.6,0,No Event,0.89,Medium,20.0,0.802,0.0607919036322989,0.8,61.14,0,2025,7,3,28,0
2025-07-14,Brazil,Latin America,0.773,0.678,1.994,57.81,2.87,23.652,1.89,52.1,46.3,28.7,0,No Event,0.33,Medium,20.0,0.7969999999999999,0.0607385411063316,0.808,60.52,0,2025,7,3,29,0
2025-07-21,Brazil,Latin America,0.757,0.667,1.997,57.16,3.0,23.587,-1.24,47.1,44.8,27.7,0,No Event,0.91,Medium,20.0,0.7845,0.0582778929269544,0.773,57.81,0,2025,7,3,30,0
2025-07-28,Brazil,Latin America,0.735,0.64,1.5,54.04,3.17,23.7215,1.44,52.6,40.6,25.0,0,No Event,-0.79,Medium,20.0,0.7682500000000001,0.057532552395905,0.757,57.16,0,2025,7,3,31,0
2025-08-04,Brazil,Latin America,0.776,0.691,1.628,58.66,2.58,23.615,4.03,44.8,52.3,22.0,0,No Event,0.32,Medium,20.0,0.76025,0.0611729753755028,0.735,54.04,0,2025,8,3,32,0
2025-08-11,Brazil,Latin America,0.734,0.661,1.507,54.12,2.71,23.2875,2.35,44.3,58.8,29.2,0,No Event,-0.55,Medium,20.0,0.7505,0.0559772339243456,0.776,58.66,0,2025,8,3,33,0
2025-08-18,Brazil,Latin America,0.727,0.64,1.654,54.7,2.22,23.6098,1.83,35.8,36.3,28.3,0,No Event,-0.32,Medium,20.0,0.743,0.0477397273553751,0.734,54.12,1,2025,8,3,34,0
2025-08-25,Brazil,Latin America,0.693,0.618,1.5,51.32,3.28,23.3928,2.8,46.4,55.1,26.6,0,No Event,-1.5,Medium,20.0,0.7325,0.0477213808131507,0.727,54.7,0,2025,8,3,35,0
2025-09-01,Brazil,Latin America,0.653,0.627,1.665,52.15,2.85,23.6934,1.38,37.9,36.6,24.6,0,No Event,0.08,Medium,20.0,0.70175,0.03429305759099,0.693,51.32,0,2025,9,3,36,0
2025-09-08,Brazil,Latin America,0.672,0.636,1.694,51.45,2.63,23.5318,3.44,39.7,39.6,21.4,0,No Event,0.64,Medium,20.0,0.68625,0.0357644153285498,0.653,52.15,0,2025,9,3,37,0
2025-09-15,Brazil,Latin America,0.697,0.635,1.5,52.17,2.84,23.3519,0.73,38.0,42.0,25.8,0,No Event,-0.61,Medium,20.0,0.67875,0.0376867687837582,0.672,51.45,1,2025,9,3,38,0
2025-09-22,Brazil,Latin America,0.696,0.612,1.844,52.14,2.8,23.4955,0.64,23.1,51.5,25.5,0,No Event,-0.48,Medium,20.0,0.6795,0.0377936451523704,0.697,52.17,1,2025,9,3,39,0
2025-09-29,Brazil,Latin America,0.702,0.637,1.5,53.34,2.44,23.8114,0.14,46.9,51.1,25.3,0,No Event,0.24,Medium,20.0,0.69175,0.0377264017866652,0.696,52.14,0,2025,9,3,40,0
2025-10-06,Brazil,Latin America,0.735,0.653,1.846,55.32,3.24,23.9216,1.45,51.2,50.8,25.7,0,No Event,-1.26,Medium,20.0,0.7074999999999999,0.0396532632666315,0.702,53.34,0,2025,10,4,41,0
2025-10-13,Brazil,Latin America,0.68,0.646,1.642,54.45,2.71,23.9965,2.52,34.5,60.4,24.4,0,No Event,0.55,Medium,20.0,0.70325,0.0445660787238949,0.735,55.32,1,2025,10,4,42,0
2025-10-20,Brazil,Latin America,0.659,0.582,1.5,49.95,4.12,23.9182,0.34,37.9,52.7,26.5,0,No Event,0.36,Medium,20.0,0.694,0.0446473810852506,0.68,54.45,1,2025,10,4,43,0
2025-10-27,Brazil,Latin America,0.735,0.648,1.758,55.21,2.77,23.5219,2.52,42.5,46.1,22.8,0,No Event,0.07,Medium,20.0,0.70225,0.0545966413301641,0.659,49.95,0,2025,10,4,44,0
2025-11-03,Brazil,Latin America,0.697,0.624,1.852,53.91,3.7,23.3181,2.51,39.0,55.0,23.9,0,No Event,0.2,Medium,20.0,0.69275,0.0543951727171762,0.735,55.21,1,2025,11,4,45,0
2025-11-10,Brazil,Latin America,0.694,0.619,1.654,51.39,3.51,24.0201,0.57,50.8,44.4,20.4,0,No Event,-0.57,Medium,20.0,0.69625,0.0543586901633867,0.697,53.91,0,2025,11,4,46,0
2025-11-17,Brazil,Latin America,0.728,0.644,1.5,54.64,3.11,23.6967,-0.65,55.4,51.8,24.7,0,No Event,0.02,Medium,20.0,0.7135,0.0543032585261876,0.694,51.39,0,2025,11,4,47,0
2025-11-24,Brazil,Latin America,0.688,0.617,1.7,52.71,3.1,24.0355,-2.4,56.4,44.1,23.4,0,No Event,-0.62,Medium,20.0,0.7017499999999999,0.0540149471064758,0.728,54.64,0,2025,11,4,48,0
2025-12-01,Brazil,Latin America,0.725,0.655,1.657,55.55,2.73,23.7608,3.04,43.7,73.0,22.1,0,No Event,-0.73,Medium,20.0,0.7087499999999999,0.0554389308370406,0.688,52.71,0,2025,12,4,49,0
2025-12-08,Brazil,Latin America,0.746,0.696,1.756,57.76,3.3,23.7344,2.43,52.7,55.6,27.0,0,No Event,0.08,Medium,20.0,0.72175,0.0550908305446341,0.725,55.55,0,2025,12,4,50,0
2025-12-15,Brazil,Latin America,0.833,0.774,2.093,63.08,3.5,23.891,2.87,63.4,69.6,20.6,0,No Event,0.25,Medium,20.0,0.748,0.0633587790846827,0.746,57.76,0,2025,12,4,51,0
2025-12-22,Brazil,Latin America,0.747,0.706,1.653,59.91,3.39,23.5647,0.59,64.1,62.2,20.9,0,No Event,0.73,Medium,20.0,0.76275,0.0722857559748185,0.833,63.08,0,2025,12,4,52,0
2025-12-29,Brazil,Latin America,0.796,0.741,1.977,61.71,2.62,24.226,-0.57,42.5,56.9,26.7,0,No Event,-0.34,Medium,20.0,0.7805,0.0733983449300734,0.747,59.91,0,2025,12,4,1,0
2026-01-05,Brazil,Latin America,0.818,0.743,1.752,62.83,2.51,24.1167,-1.79,53.4,60.2,27.7,0,No Event,-0.87,Medium,20.0,0.7985,0.0685445636569987,0.796,61.71,0,2026,1,1,2,0
2026-01-12,Brazil,Latin America,0.799,0.717,2.046,59.85,3.69,23.6425,1.21,61.6,45.0,29.1,0,No Event,0.18,Medium,20.0,0.79,0.0680858819091785,0.818,62.83,0,2026,1,1,3,0
2026-01-19,Brazil,Latin America,0.885,0.811,1.957,69.21,2.67,24.1166,2.97,48.9,62.9,28.6,0,No Event,-1.33,Medium,20.0,0.8245,0.0671186659394829,0.799,59.85,0,2026,1,1,4,0
2026-01-26,Brazil,Latin America,0.942,0.843,2.332,69.28,3.06,23.7665,-0.64,53.9,55.5,23.0,0,No Event,-0.15,Medium,20.0,0.861,0.0645313069190072,0.885,69.21,0,2026,1,1,5,0
2026-02-02,Brazil,Latin America,0.863,0.797,2.28,66.12,3.39,24.0392,2.43,52.1,48.5,27.8,0,No Event,0.29,Medium,20.0,0.87225,0.0717587636381876,0.942,69.28,0,2026,2,1,6,0
2026-02-09,Brazil,Latin America,0.945,0.852,1.947,70.85,2.92,24.1368,-0.76,69.9,69.9,28.6,0,No Event,0.42,Medium,20.0,0.90875,0.0745830861397766,0.863,66.12,0,2026,2,1,7,0
2026-02-16,Brazil,Latin America,0.905,0.865,1.905,69.91,3.76,23.8655,1.59,51.0,50.2,22.0,0,No Event,-1.2,Medium,20.0,0.91375,0.0734410134270798,0.945,70.85,0,2026,2,1,8,0
2026-02-23,Brazil,Latin America,0.958,0.814,2.255,68.63,3.14,24.0127,-0.76,54.2,37.7,27.0,0,No Event,0.76,Medium,20.0,0.91775,0.0736207696265449,0.905,69.91,0,2026,2,1,9,0
2026-03-02,Brazil,Latin America,0.964,0.896,2.304,73.33,3.61,24.1356,3.09,53.7,60.3,21.0,0,No Event,0.41,Medium,20.0,0.943,0.0738285334872715,0.958,68.63,0,2026,3,1,10,0
2026-03-09,Brazil,Latin America,0.973,0.86,2.16,73.09,3.91,23.8457,0.77,47.2,52.9,21.4,0,No Event,-0.86,Medium,20.0,0.95,0.0678591476217375,0.964,73.33,0,2026,3,1,11,0
2026-03-16,Brazil,Latin America,0.935,0.871,2.554,72.87,4.01,24.0418,1.5,62.3,48.0,22.1,0,No Event,0.81,Medium,20.0,0.9575,0.0597204540243778,0.973,73.09,0,2026,3,1,12,0
2026-03-23,Brazil,Latin America,0.979,0.849,2.253,72.15,3.68,24.3796,3.92,60.5,44.8,23.9,0,No Event,-0.39,Medium,20.0,0.96275,0.0586785649790174,0.935,72.87,0,2026,3,1,13,0
2015-01-05,China,Asia,0.751,0.674,1.5,52.72,2.96,6.489,5.02,51.0,48.3,20.2,0,No Event,-0.22,Medium,25.0,0.751,0.0419649306097808,0.751,52.72,0,2015,1,1,2,0
2015-01-12,China,Asia,0.737,0.671,1.5,52.52,2.68,6.4279,1.15,37.8,43.6,21.3,0,No Event,-0.02,Medium,25.0,0.744,0.0419649306097808,0.751,52.72,1,2015,1,1,3,0
2015-01-19,China,Asia,0.767,0.656,1.808,52.41,2.91,6.5213,4.4,54.0,50.9,22.1,0,No Event,-0.13,Medium,25.0,0.7516666666666666,0.0419649306097808,0.737,52.52,0,2015,1,1,4,0
2015-01-26,China,Asia,0.808,0.736,1.702,57.0,2.78,6.5691,1.74,38.3,64.4,20.8,0,No Event,0.44,Medium,25.0,0.76575,0.03847642656416,0.767,52.41,1,2015,1,1,5,0
2015-02-02,China,Asia,0.755,0.678,1.566,52.7,3.61,6.4774,0.52,51.5,48.0,22.5,0,No Event,-0.42,Medium,25.0,0.76675,0.0551961796611941,0.808,57.0,0,2015,2,1,6,0
2015-02-09,China,Asia,0.795,0.712,1.723,54.71,1.78,6.4242,3.56,44.8,62.0,29.9,0,No Event,-0.1,Medium,25.0,0.78125,0.0528676892379843,0.755,52.7,0,2015,2,1,7,0
2015-02-16,China,Asia,0.828,0.797,1.5,60.44,1.91,6.5431,3.99,58.5,46.0,22.4,0,No Event,0.16,Medium,25.0,0.7965,0.0487387942700902,0.795,54.71,0,2015,2,1,8,0
2015-02-23,China,Asia,0.834,0.774,1.71,61.0,1.3,6.5536,1.24,57.9,47.7,22.5,0,No Event,-0.5,Medium,25.0,0.8029999999999999,0.0446575111584785,0.828,60.44,0,2015,2,1,9,0
2015-03-02,China,Asia,0.852,0.714,1.541,57.44,1.46,6.5285,1.77,58.9,50.4,28.6,0,No Event,-0.25,Medium,25.0,0.82725,0.0413927297674499,0.834,61.0,0,2015,3,1,10,0
2015-03-09,China,Asia,0.845,0.764,1.54,58.95,0.7,6.5577,1.74,49.9,65.0,25.0,0,No Event,0.13,Medium,25.0,0.83975,0.0395969705746738,0.852,57.44,0,2015,3,1,11,0
2015-03-16,China,Asia,0.861,0.774,1.966,59.49,2.24,6.6091,2.57,44.0,45.3,25.3,0,No Event,-0.36,Medium,25.0,0.8479999999999999,0.0373664273943482,0.845,58.95,0,2015,3,1,12,0
2015-03-23,China,Asia,0.82,0.725,1.502,57.7,2.46,6.5041,2.87,36.4,52.5,20.2,0,No Event,0.86,Medium,25.0,0.8445,0.0400780705215885,0.861,59.49,1,2015,3,1,13,0
2015-03-30,China,Asia,0.864,0.759,1.745,61.69,1.85,6.461,2.83,54.0,50.2,29.5,0,No Event,-0.04,Medium,25.0,0.8474999999999999,0.0403513333259607,0.82,57.7,0,2015,3,1,14,0
2015-04-06,China,Asia,0.78,0.71,1.517,56.19,1.14,6.6403,0.65,58.0,51.4,29.8,0,No Event,-0.17,Medium,25.0,0.83125,0.0508698296765057,0.864,61.69,0,2015,4,2,15,0
2015-04-13,China,Asia,0.816,0.762,1.5,58.2,2.36,6.6407,3.06,56.0,41.6,26.6,0,No Event,0.01,Medium,25.0,0.8200000000000001,0.0512312424817694,0.78,56.19,0,2015,4,2,16,0
2015-04-20,China,Asia,0.857,0.745,2.05,59.27,1.59,6.5584,4.05,58.1,41.3,23.3,0,No Event,-0.27,Medium,25.0,0.8292499999999999,0.0509709709541088,0.816,58.2,0,2015,4,2,17,0
2015-04-27,China,Asia,0.817,0.744,1.846,57.03,2.18,6.6267,-0.96,55.6,46.7,28.6,0,No Event,0.27,Medium,25.0,0.8175,0.0487966686012754,0.857,59.27,0,2015,4,2,18,0
2015-05-04,China,Asia,0.84,0.765,2.081,59.83,1.8,6.4332,2.26,42.1,47.1,25.6,0,No Event,0.37,Medium,25.0,0.8325,0.0472032548457372,0.817,57.03,0,2015,5,2,19,0
2015-05-11,China,Asia,0.79,0.691,1.946,54.91,1.94,6.6113,2.43,44.6,40.6,20.1,0,No Event,0.67,Medium,25.0,0.826,0.0491933835398466,0.84,59.83,0,2015,5,2,20,0
2015-05-18,China,Asia,0.777,0.691,1.574,53.54,1.61,6.5811,1.2,50.6,59.6,22.8,0,No Event,0.29,Medium,25.0,0.806,0.0492303185112344,0.79,54.91,0,2015,5,2,21,0
2015-05-25,China,Asia,0.861,0.767,1.564,61.42,2.48,6.5929,1.52,40.9,40.9,25.4,0,No Event,-0.44,Medium,25.0,0.817,0.058836671629247,0.777,53.54,0,2015,5,2,22,0
2015-06-01,China,Asia,0.776,0.724,1.814,55.08,1.72,6.4195,0.55,51.1,46.2,28.7,0,No Event,0.15,Medium,25.0,0.801,0.0657273281184742,0.861,61.42,0,2015,6,2,23,0
2015-06-08,China,Asia,0.791,0.742,1.527,56.7,1.3,6.4486,1.53,51.0,60.4,27.9,0,No Event,-0.44,Medium,25.0,0.80125,0.0657405456281934,0.776,55.08,0,2015,6,2,24,0
2015-06-15,China,Asia,0.751,0.67,1.5,52.59,1.98,6.5723,3.44,49.6,38.2,22.0,0,No Event,0.5,Medium,25.0,0.79475,0.0659194747167634,0.791,56.7,0,2015,6,2,25,0
2015-06-22,China,Asia,0.703,0.64,1.5,50.36,2.32,6.4356,2.59,47.1,29.0,21.8,0,No Event,0.42,Medium,25.0,0.75525,0.0650931766671618,0.751,52.59,0,2015,6,2,26,0
2015-06-29,China,Asia,0.737,0.692,1.8,52.98,2.41,6.4328,3.36,41.6,45.3,26.1,0,No Event,-0.66,Medium,25.0,0.7454999999999999,0.0618819343350275,0.703,50.36,0,2015,6,2,27,0
2015-07-06,China,Asia,0.702,0.609,1.5,48.3,2.33,6.5071,0.83,41.3,53.1,24.3,0,No Event,0.0,Medium,25.0,0.72325,0.061024053310853,0.737,52.98,0,2015,7,3,28,0
2015-07-13,China,Asia,0.739,0.644,1.525,49.95,1.42,6.5589,2.36,43.7,38.9,26.9,0,No Event,-0.37,Medium,25.0,0.7202500000000001,0.0612514749271308,0.702,48.3,0,2015,7,3,29,0
2015-07-20,China,Asia,0.679,0.593,1.5,46.85,1.34,6.4464,3.38,58.7,46.9,29.3,0,No Event,-0.37,Medium,25.0,0.7142499999999999,0.0638567473797771,0.739,49.95,0,2015,7,3,30,0
2015-07-27,China,Asia,0.69,0.598,1.579,47.27,1.82,6.5092,2.15,51.8,47.0,29.1,0,No Event,-0.2,Medium,25.0,0.7025,0.0632394023774537,0.679,46.85,0,2015,7,3,31,0
2015-08-03,China,Asia,0.615,0.558,1.546,42.96,2.21,6.3667,-0.17,42.6,46.1,26.1,0,No Event,-0.29,Medium,25.0,0.68075,0.0678518019385302,0.69,47.27,0,2015,8,3,32,0
2015-08-10,China,Asia,0.673,0.618,1.5,48.43,1.82,6.3965,0.92,55.6,46.5,29.2,0,No Event,0.18,Medium,25.0,0.66425,0.0752860544998538,0.615,42.96,0,2015,8,3,33,0
2015-08-17,China,Asia,0.613,0.571,1.547,43.98,1.75,6.5059,4.86,32.1,35.6,27.8,0,No Event,-0.04,Medium,25.0,0.64775,0.0685553799188626,0.673,48.43,1,2015,8,3,34,0
2015-08-24,China,Asia,0.574,0.539,1.5,40.91,2.57,6.4483,-0.23,50.7,47.3,21.6,0,No Event,0.43,Medium,25.0,0.61875,0.0658537137640847,0.613,43.98,0,2015,8,3,35,0
2015-08-31,China,Asia,0.621,0.552,1.5,42.66,3.04,6.5158,0.08,50.1,39.6,22.7,0,No Event,-0.0,Medium,25.0,0.62025,0.0717079708824137,0.574,40.91,0,2015,8,3,36,0
2015-09-07,China,Asia,0.567,0.497,1.5,39.43,2.49,6.4763,-0.84,59.0,47.6,26.6,0,No Event,0.22,Medium,25.0,0.59375,0.073962870199127,0.621,42.66,0,2015,9,3,37,0
2015-09-14,China,Asia,0.608,0.575,1.5,42.57,1.79,6.427,-0.28,53.4,51.4,21.1,0,No Event,-0.82,Medium,25.0,0.5925,0.0771029349041399,0.567,39.43,0,2015,9,3,38,0
2015-09-21,China,Asia,0.521,0.491,1.5,37.19,2.33,6.4244,0.69,47.3,49.6,26.5,0,No Event,-0.34,Medium,25.0,0.57925,0.0836238746017555,0.608,42.57,0,2015,9,3,39,0
2015-09-28,China,Asia,0.566,0.479,1.5,38.49,2.27,6.5288,2.6,47.3,53.5,26.7,0,No Event,-0.04,Medium,25.0,0.5655,0.0891319323404137,0.521,37.19,0,2015,9,3,40,0
2015-10-05,China,Asia,0.6,0.529,1.5,41.25,2.09,6.4292,1.32,45.7,55.1,22.9,0,No Event,1.37,Medium,25.0,0.57375,0.0896573461446008,0.566,38.49,0,2015,10,4,41,0
2015-10-12,China,Asia,0.594,0.543,1.5,41.22,1.7,6.3946,1.0,41.5,48.1,30.0,0,No Event,-0.06,Medium,25.0,0.5702499999999999,0.087086969357208,0.6,41.25,0,2015,10,4,42,0
2015-10-19,China,Asia,0.582,0.548,1.5,42.08,2.5,6.4515,3.87,56.7,32.4,28.0,0,No Event,-0.34,Medium,25.0,0.5855,0.0868187660417917,0.594,41.22,0,2015,10,4,43,0
2015-10-26,China,Asia,0.56,0.527,1.5,40.78,1.43,6.4995,0.2,62.5,57.0,23.7,0,No Event,0.34,Medium,25.0,0.584,0.0818011780714936,0.582,42.08,0,2015,10,4,44,0
2015-11-02,China,Asia,0.567,0.534,1.5,40.83,2.06,6.4673,3.09,54.5,60.4,20.1,0,No Event,0.15,Medium,25.0,0.57575,0.0760072764677724,0.56,40.78,0,2015,11,4,45,0
2015-11-09,China,Asia,0.54,0.499,1.5,38.77,1.82,6.5262,2.3,48.4,55.7,28.9,0,No Event,-0.0,Medium,25.0,0.56225,0.0730360193788609,0.567,40.83,0,2015,11,4,46,0
2015-11-16,China,Asia,0.633,0.557,1.5,42.86,2.34,6.3882,1.29,42.2,60.5,24.8,0,No Event,0.81,Medium,25.0,0.5750000000000001,0.0870914540758858,0.54,38.77,0,2015,11,4,47,0
2015-11-23,China,Asia,0.608,0.552,1.5,42.52,2.48,6.5011,0.34,41.3,58.4,26.1,0,No Event,-0.26,Medium,25.0,0.587,0.0852202793601505,0.633,42.86,0,2015,11,4,48,0
2015-11-30,China,Asia,0.658,0.607,1.5,45.45,1.47,6.5255,0.07,53.6,49.5,29.1,0,No Event,-0.18,Medium,25.0,0.60975,0.0832231612800298,0.608,42.52,0,2015,11,4,49,0
2015-12-07,China,Asia,0.666,0.613,1.525,46.89,1.39,6.3931,2.16,55.9,41.4,28.5,0,No Event,0.13,Medium,25.0,0.64125,0.0812875598093556,0.658,45.45,0,2015,12,4,50,0
2015-12-14,China,Asia,0.66,0.588,1.5,45.87,2.65,6.4101,4.37,50.9,57.3,24.7,0,No Event,0.48,Medium,25.0,0.648,0.0660206639238777,0.666,46.89,0,2015,12,4,51,0
2015-12-21,China,Asia,0.707,0.606,1.5,49.09,2.62,6.4037,2.64,60.3,68.4,27.3,0,No Event,-0.14,Medium,25.0,0.67275,0.0648062895344048,0.66,45.87,0,2015,12,4,52,0
2015-12-28,China,Asia,0.713,0.647,1.5,50.35,2.1,6.498,2.82,43.0,67.7,28.6,0,No Event,-0.56,Medium,25.0,0.6865,0.0636449737863229,0.707,49.09,0,2015,12,4,53,0
2016-01-04,China,Asia,0.727,0.641,1.566,50.7,2.06,6.5699,0.83,41.2,49.1,22.4,0,No Event,0.07,Medium,25.0,0.7017500000000001,0.0631075907950097,0.713,50.35,0,2016,1,1,1,0
2016-01-11,China,Asia,0.739,0.662,1.5,53.13,1.47,6.3909,3.76,46.2,68.4,21.6,0,No Event,-0.67,Medium,25.0,0.7215,0.061929473097362,0.727,50.7,0,2016,1,1,2,0
2016-01-18,China,Asia,0.808,0.728,1.5,55.95,2.66,6.4543,3.06,46.3,68.4,21.7,0,No Event,0.05,Medium,25.0,0.74675,0.0620383803790862,0.739,53.13,0,2016,1,1,3,0
2016-01-25,China,Asia,0.783,0.728,1.888,54.69,1.83,6.5127,3.63,49.0,63.7,26.6,0,No Event,0.05,Medium,25.0,0.7642500000000001,0.0645401761685918,0.808,55.95,0,2016,1,1,4,0
2016-02-01,China,Asia,0.748,0.683,1.5,52.89,2.0,6.6445,0.03,44.1,63.5,29.2,0,No Event,0.78,Medium,25.0,0.7695,0.0642296227279812,0.783,54.69,0,2016,2,1,5,0
2016-02-08,China,Asia,0.815,0.725,1.975,56.38,2.23,6.3284,2.2,47.2,46.6,24.6,0,No Event,0.45,Medium,25.0,0.7885,0.050468489524866,0.748,52.89,0,2016,2,1,6,0
2016-02-15,China,Asia,0.807,0.739,1.5,56.8,1.51,6.4591,2.18,42.4,43.4,29.4,0,No Event,-0.19,Medium,25.0,0.78825,0.0478160700747839,0.815,56.38,0,2016,2,1,7,0
2016-02-22,China,Asia,0.895,0.794,1.821,62.24,2.34,6.5954,2.19,54.1,55.9,28.6,0,No Event,-0.36,Medium,25.0,0.81625,0.0512424320839825,0.807,56.8,0,2016,2,1,8,0
2016-02-29,China,Asia,0.852,0.783,1.502,59.48,2.7,6.6388,1.17,70.1,42.2,25.8,0,No Event,-1.02,Medium,25.0,0.8422499999999999,0.0556027316209037,0.895,62.24,0,2016,2,1,9,0
2016-03-07,China,Asia,0.827,0.781,1.927,59.33,1.75,6.5171,2.36,60.4,60.7,25.0,0,No Event,-0.38,Medium,25.0,0.8452500000000001,0.0569312409157468,0.852,59.48,0,2016,3,1,10,0
2016-03-14,China,Asia,0.825,0.756,1.947,58.14,2.5,6.5885,3.08,51.4,58.0,27.1,0,No Event,0.1,Medium,25.0,0.84975,0.0548900582460302,0.827,59.33,0,2016,3,1,11,0
2016-03-21,China,Asia,0.871,0.782,1.829,59.76,1.68,6.5439,-1.04,62.1,49.1,27.7,0,No Event,0.11,Medium,25.0,0.84375,0.0561190041322846,0.825,58.14,0,2016,3,1,12,0
2016-03-28,China,Asia,0.926,0.792,1.92,64.45,2.56,6.6314,2.28,56.4,53.1,24.8,0,No Event,0.46,Medium,25.0,0.86225,0.0576048010050282,0.871,59.76,0,2016,3,1,13,0
2016-04-04,China,Asia,0.921,0.819,2.092,65.19,2.08,6.5182,1.78,62.4,55.5,23.0,0,No Event,-0.28,Medium,25.0,0.8857499999999999,0.0581340146526124,0.926,64.45,0,2016,4,2,14,0
2016-04-11,China,Asia,0.868,0.772,1.925,60.94,1.22,6.5598,3.66,69.5,51.1,23.9,0,No Event,-0.73,Medium,25.0,0.8965000000000001,0.0571388548155708,0.921,65.19,0,2016,4,2,15,0
2016-04-18,China,Asia,0.903,0.778,2.253,64.07,2.23,6.5478,2.32,48.7,44.3,22.1,0,No Event,0.04,Medium,25.0,0.9045,0.0564864657216686,0.868,60.94,0,2016,4,2,16,0
2016-04-25,China,Asia,0.886,0.785,1.593,62.07,2.7,6.5429,-1.48,48.6,39.4,29.1,0,No Event,0.73,Medium,25.0,0.8945,0.0545277519419421,0.903,64.07,0,2016,4,2,17,0
2016-05-02,China,Asia,0.792,0.742,1.55,58.0,2.56,6.5311,3.02,43.8,44.0,25.1,0,No Event,1.09,Medium,25.0,0.8622500000000001,0.0594129344513468,0.886,62.07,0,2016,5,2,18,0
2016-05-09,China,Asia,0.88,0.79,1.665,63.14,2.18,6.6256,2.65,47.7,26.8,28.0,0,No Event,-0.92,Medium,25.0,0.8652500000000001,0.0674505432741812,0.792,58.0,0,2016,5,2,19,0
2016-05-16,China,Asia,0.881,0.811,2.151,62.15,2.45,6.4666,2.93,57.5,36.4,29.4,0,No Event,0.42,Medium,25.0,0.85975,0.0596919057331102,0.88,63.14,0,2016,5,2,20,0
2016-05-23,China,Asia,0.836,0.743,1.872,59.09,1.91,6.6027,1.82,49.7,41.4,29.3,0,No Event,0.15,Medium,25.0,0.8472500000000001,0.0599213248448345,0.881,62.15,0,2016,5,2,21,0
2016-05-30,China,Asia,0.884,0.749,1.937,61.72,2.04,6.5825,3.84,59.0,55.4,26.7,0,No Event,-0.03,Medium,25.0,0.87025,0.0612695187403071,0.836,59.09,0,2016,5,2,22,0
2016-06-06,China,Asia,0.728,0.646,1.568,51.04,2.22,6.5033,0.77,41.1,57.7,25.0,0,No Event,-0.12,Medium,25.0,0.8322499999999999,0.0811530678752478,0.884,61.72,0,2016,6,2,23,0
2016-06-13,China,Asia,0.786,0.714,1.542,54.85,1.75,6.5523,1.78,48.4,54.3,29.6,0,No Event,0.79,Medium,25.0,0.8085,0.0831098246348718,0.728,51.04,0,2016,6,2,24,0
2016-06-20,China,Asia,0.754,0.685,1.713,53.3,3.31,6.4699,0.87,42.2,52.6,21.7,0,No Event,0.07,Medium,25.0,0.788,0.0807167274317919,0.786,54.85,0,2016,6,2,25,0
2016-06-27,China,Asia,0.734,0.641,1.743,51.4,1.51,6.5746,1.78,49.8,57.9,22.9,0,No Event,0.25,Medium,25.0,0.7505,0.0807455010237518,0.754,53.3,0,2016,6,2,26,0
2016-07-04,China,Asia,0.711,0.675,1.688,52.11,2.95,6.4541,3.47,56.3,43.9,23.0,0,No Event,-0.36,Medium,25.0,0.7462500000000001,0.0798582802083314,0.734,51.4,0,2016,7,3,27,0
2016-07-11,China,Asia,0.651,0.592,1.5,45.32,1.46,6.5214,2.46,52.5,45.8,27.0,0,No Event,0.07,Medium,25.0,0.7124999999999999,0.0803377845649433,0.711,52.11,0,2016,7,3,28,0
2016-07-18,China,Asia,0.72,0.632,1.625,48.77,1.97,6.367,1.74,50.1,39.4,28.4,0,No Event,0.29,Medium,25.0,0.7040000000000001,0.0886918703752792,0.651,45.32,0,2016,7,3,29,0
2016-07-25,China,Asia,0.691,0.613,1.602,48.28,0.87,6.5038,1.53,54.2,62.6,23.3,0,No Event,-0.95,Medium,25.0,0.6932499999999999,0.0843709815482614,0.72,48.77,0,2016,7,3,30,0
2016-08-01,China,Asia,0.691,0.633,1.723,50.03,2.29,6.4906,2.16,47.8,42.4,23.4,0,No Event,0.51,Medium,25.0,0.6882499999999999,0.0757752489959886,0.691,48.28,0,2016,8,3,31,0
2016-08-08,China,Asia,0.648,0.584,1.5,45.69,1.72,6.4902,-0.21,52.6,59.8,25.8,0,No Event,0.42,Medium,25.0,0.6875,0.0765837026577872,0.691,50.03,0,2016,8,3,32,0
2016-08-15,China,Asia,0.632,0.541,1.5,43.27,1.95,6.4763,3.22,39.7,44.3,21.6,0,No Event,0.44,Medium,25.0,0.6655,0.0760654558013045,0.648,45.69,1,2016,8,3,33,0
2016-08-22,China,Asia,0.594,0.521,1.5,41.96,1.96,6.3229,4.23,46.2,47.2,22.6,0,No Event,0.37,Medium,25.0,0.64125,0.0726394632241037,0.632,43.27,0,2016,8,3,34,0
2016-08-29,China,Asia,0.629,0.55,1.594,44.83,2.33,6.4038,2.71,41.7,38.6,29.7,0,No Event,0.59,Medium,25.0,0.62575,0.0602422797371476,0.594,41.96,0,2016,8,3,35,0
2016-09-05,China,Asia,0.612,0.55,1.5,42.78,1.93,6.4975,1.3,47.9,48.3,26.5,0,No Event,0.92,Medium,25.0,0.61675,0.0531887889551922,0.629,44.83,0,2016,9,3,36,0
2016-09-12,China,Asia,0.566,0.542,1.5,40.94,2.52,6.4574,2.4,47.4,53.6,28.1,0,No Event,-0.31,Medium,25.0,0.60025,0.0553322624010235,0.612,42.78,0,2016,9,3,37,0
2016-09-19,China,Asia,0.635,0.576,1.5,44.43,2.6,6.4289,3.99,53.2,69.3,28.5,0,No Event,-0.98,Medium,25.0,0.6105,0.0691518693817775,0.566,40.94,0,2016,9,3,38,0
2016-09-26,China,Asia,0.582,0.509,1.5,41.99,1.88,6.4336,0.88,49.3,51.7,26.4,0,No Event,-0.53,Medium,25.0,0.59875,0.0721935186323113,0.635,44.43,0,2016,9,3,39,0
2016-10-03,China,Asia,0.639,0.563,1.617,44.99,1.66,6.3988,3.52,46.3,63.2,22.9,0,No Event,0.43,Medium,25.0,0.6054999999999999,0.0752050080839595,0.582,41.99,0,2016,10,4,40,0
2016-10-10,China,Asia,0.579,0.504,1.5,40.0,3.01,6.4069,3.9,27.5,47.9,24.6,0,No Event,-0.98,Medium,25.0,0.60875,0.0718958477133274,0.639,44.99,1,2016,10,4,41,0
2016-10-17,China,Asia,0.577,0.523,1.5,40.56,2.02,6.5166,0.68,59.5,50.9,20.1,0,No Event,-0.77,Medium,25.0,0.59425,0.0715352673977557,0.579,40.0,0,2016,10,4,42,0
2016-10-24,China,Asia,0.566,0.521,1.5,40.87,2.52,6.4044,3.1,50.5,53.7,24.8,0,No Event,-0.31,Medium,25.0,0.5902499999999999,0.0714414646087818,0.577,40.56,0,2016,10,4,43,0
2016-10-31,China,Asia,0.565,0.505,1.5,40.01,1.48,6.4684,3.02,57.5,58.9,28.7,0,No Event,-0.84,Medium,25.0,0.57175,0.0698604990003341,0.566,40.87,0,2016,10,4,44,0
2016-11-07,China,Asia,0.615,0.546,1.5,43.48,1.28,6.5151,1.05,58.8,58.7,29.6,0,No Event,-0.34,Medium,25.0,0.58075,0.0750227370302027,0.565,40.01,0,2016,11,4,45,0
2016-11-14,China,Asia,0.637,0.581,1.5,45.57,2.17,6.5344,5.48,49.7,66.0,20.3,0,No Event,0.1,Medium,25.0,0.59575,0.0730863956697426,0.615,43.48,0,2016,11,4,46,0
2016-11-21,China,Asia,0.635,0.586,1.5,45.21,2.06,6.3213,2.99,44.3,56.7,20.3,0,No Event,0.09,Medium,25.0,0.613,0.0713512067088994,0.637,45.57,0,2016,11,4,47,0
2016-11-28,China,Asia,0.644,0.597,1.5,45.91,1.46,6.4882,1.24,53.4,65.6,24.9,0,No Event,0.07,Medium,25.0,0.63275,0.0707588050645103,0.635,45.21,0,2016,11,4,48,0
2016-12-05,China,Asia,0.602,0.559,1.5,43.5,1.86,6.5225,-1.07,63.5,52.3,26.6,0,No Event,0.69,Medium,25.0,0.6295,0.0697662091026295,0.644,45.91,0,2016,12,4,49,0
2016-12-12,China,Asia,0.633,0.597,1.5,46.97,2.81,6.4306,-0.37,46.4,60.1,22.3,0,No Event,0.08,Medium,25.0,0.6285000000000001,0.0617572952667976,0.602,43.5,0,2016,12,4,50,0
2016-12-19,China,Asia,0.691,0.619,1.5,49.12,2.23,6.4646,2.19,54.7,42.2,21.3,0,No Event,-0.08,Medium,25.0,0.6425,0.0605328903944633,0.633,46.97,0,2016,12,4,51,0
2016-12-26,China,Asia,0.677,0.626,1.5,48.84,1.93,6.4441,2.77,65.4,66.9,20.3,0,No Event,0.05,Medium,25.0,0.6507499999999999,0.0554011989653966,0.691,49.12,0,2016,12,4,52,0
2017-01-02,China,Asia,0.754,0.678,1.5,53.21,2.68,6.5691,2.5,52.0,54.5,28.0,0,No Event,-0.87,Medium,25.0,0.68875,0.0536841349501727,0.677,48.84,0,2017,1,1,1,0
2017-01-09,China,Asia,0.75,0.695,1.5,53.14,2.32,6.4688,3.37,36.6,60.0,23.7,0,No Event,0.21,Medium,25.0,0.718,0.053771305915986,0.754,53.21,1,2017,1,1,2,0
2017-01-16,China,Asia,0.82,0.737,1.5,58.24,2.26,6.5312,4.14,50.6,48.3,28.9,0,No Event,0.29,Medium,25.0,0.7502500000000001,0.0554685266995586,0.75,53.14,0,2017,1,1,3,0
2017-01-23,China,Asia,0.834,0.715,1.984,55.86,2.56,6.5692,1.14,42.9,60.1,27.3,0,No Event,0.38,Medium,25.0,0.7895,0.0546636680867786,0.82,58.24,0,2017,1,1,4,0
2017-01-30,China,Asia,0.841,0.69,1.779,56.58,1.79,6.5095,0.37,50.0,41.2,24.1,0,No Event,0.36,Medium,25.0,0.81125,0.0522850947322037,0.834,55.86,0,2017,1,1,5,0
2017-02-06,China,Asia,0.816,0.766,1.724,58.06,2.61,6.4985,3.32,43.0,44.0,24.1,0,No Event,0.79,Medium,25.0,0.82775,0.0547210593072023,0.841,56.58,0,2017,2,1,6,0
2017-02-13,China,Asia,0.789,0.714,1.594,55.94,2.71,6.5794,1.12,54.5,61.9,24.0,0,No Event,0.4,Medium,25.0,0.82,0.0566305410764091,0.816,58.06,0,2017,2,1,7,0
2017-02-20,China,Asia,0.799,0.729,1.68,56.93,1.56,6.5105,-0.06,59.2,58.1,27.0,0,No Event,0.16,Medium,25.0,0.81125,0.0566454580621362,0.789,55.94,0,2017,2,1,8,0
2017-02-27,China,Asia,0.845,0.78,1.859,61.07,1.9,6.5941,2.15,41.5,52.6,24.1,0,No Event,0.89,Medium,25.0,0.8122499999999999,0.0507191327804957,0.799,56.93,0,2017,2,1,9,0
2017-03-06,China,Asia,0.905,0.839,1.636,65.59,2.54,6.4818,0.72,55.3,60.3,25.1,0,No Event,-0.76,Medium,25.0,0.8345,0.0517796990066626,0.845,61.07,0,2017,3,1,10,0
2017-03-13,China,Asia,0.859,0.757,1.947,61.0,2.29,6.6736,1.97,49.4,47.4,28.7,0,No Event,0.06,Medium,25.0,0.852,0.053036198537557,0.905,65.59,0,2017,3,1,11,0
2017-03-20,China,Asia,0.895,0.829,2.192,62.95,2.54,6.6267,3.66,56.1,69.5,24.5,0,No Event,-0.57,Medium,25.0,0.876,0.0518164578110362,0.859,61.0,0,2017,3,1,12,0
2017-03-27,China,Asia,0.923,0.791,1.685,63.11,1.99,6.5105,1.1,61.4,48.5,22.9,0,No Event,-0.17,Medium,25.0,0.8955,0.0437850475411817,0.895,62.95,0,2017,3,1,13,0
2017-04-03,China,Asia,0.862,0.796,1.916,60.82,1.91,6.5559,3.55,50.8,50.2,24.5,0,No Event,-0.14,Medium,25.0,0.88475,0.0498097346056221,0.923,63.11,0,2017,4,2,14,0
2017-04-10,China,Asia,0.919,0.837,1.793,65.1,2.86,6.561,2.27,60.0,57.9,23.4,0,No Event,0.63,Medium,25.0,0.89975,0.046306286698958,0.862,60.82,0,2017,4,2,15,0
2017-04-17,China,Asia,0.904,0.827,2.302,64.14,1.95,6.5065,4.99,58.0,50.5,20.1,0,No Event,0.45,Medium,25.0,0.902,0.0468769922757779,0.919,65.1,0,2017,4,2,16,0
2017-04-24,China,Asia,0.865,0.805,1.934,62.52,2.05,6.4641,4.1,58.1,49.6,23.2,0,No Event,-0.5,Medium,25.0,0.8875,0.049118990254427,0.904,64.14,0,2017,4,2,17,0
2017-05-01,China,Asia,0.834,0.777,1.88,59.65,2.33,6.6201,0.91,66.1,35.2,21.6,0,No Event,0.14,Medium,25.0,0.8805,0.0495242522780583,0.865,62.52,0,2017,5,2,18,0
2017-05-08,China,Asia,0.9,0.788,1.835,64.02,1.86,6.688,3.15,63.8,29.9,29.2,0,No Event,-0.19,Medium,25.0,0.87575,0.0526030017729441,0.834,59.65,0,2017,5,2,19,0
2017-05-15,China,Asia,0.824,0.774,1.852,58.26,2.61,6.5963,1.03,52.1,41.8,28.5,0,No Event,0.6,Medium,25.0,0.85575,0.059550878357747,0.9,64.02,0,2017,5,2,20,0
2017-05-22,China,Asia,0.909,0.812,1.616,62.37,2.52,6.5624,1.81,58.2,43.3,20.3,0,No Event,0.38,Medium,25.0,0.8667499999999999,0.0645121864062182,0.824,58.26,0,2017,5,2,21,0
2017-05-29,China,Asia,0.873,0.772,1.58,63.05,2.28,6.5662,1.0,48.3,52.4,27.8,0,No Event,-0.03,Medium,25.0,0.8765000000000001,0.0625634463534078,0.909,62.37,0,2017,5,2,22,0
2017-06-05,China,Asia,0.801,0.717,1.989,55.41,1.37,6.5154,1.3,58.3,48.4,28.8,0,No Event,-0.13,Medium,25.0,0.85175,0.0654451309962778,0.873,63.05,0,2017,6,2,23,0
2017-06-12,China,Asia,0.781,0.719,1.626,56.13,2.69,6.5606,1.64,46.8,51.4,27.3,0,No Event,0.65,Medium,25.0,0.841,0.0640255335936836,0.801,55.41,0,2017,6,2,24,0
2017-06-19,China,Asia,0.766,0.676,1.737,53.33,2.76,6.583,5.2,67.4,44.4,28.5,0,No Event,-0.23,Medium,25.0,0.80525,0.0627529169083064,0.781,56.13,0,2017,6,2,25,0
2017-06-26,China,Asia,0.704,0.693,1.621,52.66,2.2,6.4851,2.05,58.6,41.4,28.7,0,No Event,-0.34,Medium,25.0,0.763,0.0640150971706758,0.766,53.33,0,2017,6,2,26,0
2017-07-03,China,Asia,0.7,0.598,1.635,49.11,2.44,6.4829,2.77,57.4,33.1,28.5,0,No Event,-0.68,Medium,25.0,0.73775,0.0589073038566391,0.704,52.66,0,2017,7,3,27,0
2017-07-10,China,Asia,0.751,0.667,1.794,51.96,2.23,6.5209,1.9,36.5,32.8,22.9,0,No Event,0.1,Medium,25.0,0.7302500000000001,0.0648568187378758,0.7,49.11,0,2017,7,3,28,0
2017-07-17,China,Asia,0.648,0.62,1.5,48.12,3.54,6.4995,0.87,49.7,44.2,20.7,0,No Event,-0.62,Medium,25.0,0.70075,0.0738291252743275,0.751,51.96,0,2017,7,3,29,0
2017-07-24,China,Asia,0.714,0.639,1.5,49.17,2.2,6.4029,1.27,51.6,43.9,22.3,0,No Event,0.76,Medium,25.0,0.7032499999999999,0.0816439913199904,0.648,48.12,0,2017,7,3,30,0
2017-07-31,China,Asia,0.657,0.614,1.571,46.3,2.14,6.4273,1.73,31.5,39.1,20.0,0,No Event,0.26,Medium,25.0,0.6925,0.0787489967520288,0.714,49.17,1,2017,7,3,31,0
2017-08-07,China,Asia,0.703,0.635,1.728,49.53,2.14,6.4747,3.74,44.7,47.9,28.2,0,No Event,0.21,Medium,25.0,0.6805000000000001,0.0804052078420075,0.657,46.3,0,2017,8,3,32,0
2017-08-14,China,Asia,0.649,0.56,1.5,43.77,2.17,6.4406,0.53,50.2,50.2,28.8,0,No Event,-0.52,Medium,25.0,0.68075,0.0738650575029753,0.703,49.53,0,2017,8,3,33,0
2017-08-21,China,Asia,0.638,0.564,1.5,44.9,2.07,6.5156,0.55,61.2,55.4,27.8,0,No Event,0.01,Medium,25.0,0.6617500000000001,0.0737518165160556,0.649,43.77,0,2017,8,3,34,0
2017-08-28,China,Asia,0.636,0.581,1.596,45.43,2.31,6.5045,1.35,41.9,31.3,26.4,0,No Event,-0.16,Medium,25.0,0.6565000000000001,0.0714836568941092,0.638,44.9,0,2017,8,3,35,0
2017-09-04,China,Asia,0.591,0.563,1.5,42.99,1.76,6.4534,-0.29,40.0,52.3,21.3,0,No Event,0.7,Medium,25.0,0.6285000000000001,0.0731693575997853,0.636,45.43,0,2017,9,3,36,0
2017-09-11,China,Asia,0.633,0.581,1.5,44.4,2.46,6.365,3.24,36.8,43.3,25.2,0,No Event,0.16,Medium,25.0,0.6245,0.0778056649173869,0.591,42.99,1,2017,9,3,37,0
2017-09-18,China,Asia,0.651,0.603,1.633,46.41,2.53,6.4501,3.2,41.7,51.3,22.7,0,No Event,-0.52,Medium,25.0,0.62775,0.0754895471845789,0.633,44.4,0,2017,9,3,38,0
2017-09-25,China,Asia,0.574,0.51,1.5,39.12,2.59,6.5826,1.53,46.0,47.1,29.6,0,No Event,0.77,Medium,25.0,0.61225,0.0824189393703304,0.651,46.41,0,2017,9,3,39,0
2017-10-02,China,Asia,0.611,0.551,1.527,44.0,1.63,6.4223,0.65,46.4,46.0,25.6,0,No Event,-0.12,Medium,25.0,0.61725,0.0816537317072983,0.574,39.12,0,2017,10,4,40,0
2017-10-09,China,Asia,0.613,0.559,1.5,42.9,1.52,6.353,3.34,45.3,40.0,28.2,0,No Event,-0.11,Medium,25.0,0.61225,0.0718637198223619,0.611,44.0,0,2017,10,4,41,0
2017-10-16,China,Asia,0.626,0.549,1.5,43.77,2.56,6.5009,1.22,52.9,57.3,29.1,0,No Event,-0.02,Medium,25.0,0.606,0.064655707996433,0.613,42.9,0,2017,10,4,42,0
2017-10-23,China,Asia,0.579,0.525,1.5,40.95,1.85,6.369,0.07,43.5,63.4,23.5,0,No Event,0.91,Medium,25.0,0.6072500000000001,0.0641949600024828,0.626,43.77,0,2017,10,4,43,0
2017-10-30,China,Asia,0.628,0.536,1.5,42.99,2.99,6.367,0.91,42.4,55.1,25.2,0,No Event,0.97,Medium,25.0,0.6114999999999999,0.0659357708057431,0.579,40.95,0,2017,10,4,44,0
2017-11-06,China,Asia,0.67,0.598,1.674,47.16,1.62,6.3856,1.1,38.7,49.6,20.2,0,No Event,0.33,Medium,25.0,0.62575,0.0652134150688964,0.628,42.99,1,2017,11,4,45,0
2017-11-13,China,Asia,0.659,0.606,1.5,46.31,2.71,6.5214,3.15,37.6,46.6,24.8,0,No Event,-0.35,Medium,25.0,0.634,0.065197600867615,0.67,47.16,1,2017,11,4,46,0
2017-11-20,China,Asia,0.68,0.588,1.5,47.54,2.44,6.4483,1.92,54.8,37.4,20.3,0,No Event,0.77,Medium,25.0,0.65925,0.0655974098906398,0.659,46.31,0,2017,11,4,47,0
2017-11-27,China,Asia,0.691,0.627,1.733,49.05,2.29,6.4871,3.07,43.0,50.9,24.7,0,No Event,-0.18,Medium,25.0,0.675,0.0607800352403331,0.68,47.54,0,2017,11,4,48,0
2017-12-04,China,Asia,0.669,0.591,1.5,46.19,1.78,6.488,3.7,53.8,61.1,22.2,0,No Event,0.48,Medium,25.0,0.67475,0.0593707134904517,0.691,49.05,0,2017,12,4,49,0
2017-12-11,China,Asia,0.719,0.638,1.5,49.91,3.21,6.5585,-0.79,50.1,52.3,20.7,0,No Event,0.74,Medium,25.0,0.6897500000000001,0.0623706488356613,0.669,46.19,0,2017,12,4,50,0
2017-12-18,China,Asia,0.742,0.665,1.667,51.61,1.77,6.4401,2.85,70.8,49.0,27.7,0,No Event,0.02,Medium,25.0,0.70525,0.0475746258844911,0.719,49.91,0,2017,12,4,51,0
2017-12-25,China,Asia,0.673,0.636,1.539,49.75,2.26,6.3522,1.07,55.8,66.5,29.1,0,No Event,-0.27,Medium,25.0,0.70075,0.0559691647372198,0.742,51.61,0,2017,12,4,52,0
2018-01-01,China,Asia,0.853,0.737,1.996,58.27,1.16,6.5181,1.27,45.1,34.3,25.7,0,No Event,-0.51,Medium,25.0,0.74675,0.0929941450776113,0.673,49.75,0,2018,1,1,1,0
2018-01-08,China,Asia,0.737,0.693,1.5,54.1,3.02,6.6017,5.02,42.9,62.1,21.2,0,No Event,-0.45,Medium,25.0,0.75125,0.1048943533640764,0.853,58.27,0,2018,1,1,2,0
2018-01-15,China,Asia,0.754,0.666,1.63,53.3,2.39,6.508,2.1,53.1,65.0,22.1,0,No Event,-1.25,Medium,25.0,0.75425,0.1006801962886636,0.737,54.1,0,2018,1,1,3,0
2018-01-22,China,Asia,0.841,0.751,2.065,59.0,2.25,6.5389,1.18,41.5,58.1,25.4,0,No Event,-0.68,Medium,25.0,0.7962499999999999,0.1026628212367742,0.754,53.3,0,2018,1,1,4,0
2018-01-29,China,Asia,0.796,0.729,1.798,56.39,2.74,6.5565,5.01,45.6,49.8,22.6,0,No Event,-0.2,Medium,25.0,0.782,0.1045108677391683,0.841,59.0,0,2018,1,1,5,0
2018-02-05,China,Asia,0.885,0.774,2.092,59.84,2.73,6.5891,2.03,46.3,46.6,23.3,0,No Event,-0.19,Medium,25.0,0.819,0.107066380255856,0.796,56.39,0,2018,2,1,6,0
2018-02-12,China,Asia,0.789,0.727,2.052,58.51,2.13,6.466,3.01,38.7,52.0,29.0,0,No Event,-0.43,Medium,25.0,0.82775,0.1142496169435429,0.885,59.84,1,2018,2,1,7,0
2018-02-19,China,Asia,0.838,0.798,1.96,60.46,2.31,6.623,3.2,48.2,55.8,29.3,0,No Event,0.68,Medium,25.0,0.827,0.1149445893515189,0.789,58.51,0,2018,2,1,8,0
2018-02-26,China,Asia,0.923,0.779,2.203,63.69,2.48,6.6467,1.89,45.7,71.6,26.5,0,No Event,0.02,Medium,25.0,0.85875,0.1157078193593814,0.838,60.46,0,2018,2,1,9,0
2018-03-05,China,Asia,0.921,0.806,2.009,63.49,2.67,6.6425,0.78,66.3,65.9,25.3,0,No Event,0.21,Medium,25.0,0.86775,0.1153201398801635,0.923,63.69,0,2018,3,1,10,0
2018-03-12,China,Asia,0.919,0.773,1.867,62.88,2.04,6.5415,3.62,57.8,35.6,24.9,0,No Event,0.66,Medium,25.0,0.90025,0.1155983617211785,0.921,63.49,0,2018,3,1,11,0
2018-03-19,China,Asia,0.941,0.864,1.767,68.81,1.99,6.5888,1.36,53.7,41.4,23.8,0,No Event,-0.69,Medium,25.0,0.926,0.1096300382913213,0.919,62.88,0,2018,3,1,12,0
2018-03-26,China,Asia,0.92,0.842,1.541,63.28,2.58,6.5796,1.6,51.4,42.5,29.4,0,No Event,0.07,Medium,25.0,0.92525,0.0818146252539047,0.941,68.81,0,2018,3,1,13,0
2018-04-02,China,Asia,0.894,0.799,2.151,62.26,2.34,6.5225,0.61,42.6,61.7,23.4,0,No Event,-0.32,Medium,25.0,0.9185,0.0693719975751828,0.92,63.28,0,2018,4,2,14,0
2018-04-09,China,Asia,0.862,0.781,1.809,60.56,3.01,6.5953,2.1,71.4,56.5,26.1,0,No Event,0.79,Medium,25.0,0.90425,0.0710723668995416,0.894,62.26,0,2018,4,2,15,0
2018-04-16,China,Asia,0.856,0.786,1.744,59.92,1.8,6.5465,4.18,50.7,30.0,23.4,0,No Event,-0.5,Medium,25.0,0.883,0.0634997544836691,0.862,60.56,0,2018,4,2,16,0
2018-04-23,China,Asia,0.836,0.775,2.052,61.16,3.31,6.5507,0.3,58.7,45.1,29.5,0,No Event,0.04,Medium,25.0,0.862,0.0616164160531373,0.856,59.92,0,2018,4,2,17,0
2018-04-30,China,Asia,0.927,0.793,2.066,62.93,1.86,6.5515,2.23,66.5,47.0,20.6,0,No Event,0.15,Medium,25.0,0.87025,0.0611581385595721,0.836,61.16,0,2018,4,2,18,0
2018-05-07,China,Asia,0.875,0.772,2.125,61.68,2.94,6.3442,3.64,56.6,47.7,22.9,0,No Event,-0.99,Medium,25.0,0.8734999999999999,0.0536922724660658,0.927,62.93,0,2018,5,2,19,0
2018-05-14,China,Asia,0.905,0.798,1.745,62.8,2.84,6.5106,0.93,58.1,57.9,29.1,0,No Event,0.05,Medium,25.0,0.88575,0.0518022682446183,0.875,61.68,0,2018,5,2,20,0
2018-05-21,China,Asia,0.819,0.764,1.637,59.15,2.24,6.6472,3.11,46.2,44.7,29.5,0,No Event,0.66,Medium,25.0,0.8815,0.0504846401335848,0.905,62.8,0,2018,5,2,21,0
2018-05-28,China,Asia,0.884,0.777,2.121,61.73,2.22,6.3793,1.95,59.4,55.8,22.3,0,No Event,-0.15,Medium,25.0,0.87075,0.0565715693200459,0.819,59.15,0,2018,5,2,22,0
2018-06-04,China,Asia,0.839,0.772,1.965,60.14,2.46,6.4941,3.02,49.6,46.4,26.4,0,No Event,-0.35,Medium,25.0,0.86175,0.0583104406805072,0.884,61.73,0,2018,6,2,23,0
2018-06-11,China,Asia,0.852,0.767,1.736,60.03,2.74,6.5727,0.95,53.5,51.6,24.7,0,No Event,0.27,Medium,25.0,0.8484999999999999,0.0579659099656468,0.839,60.14,0,2018,6,2,24,0
2018-06-18,China,Asia,0.827,0.728,1.5,57.79,3.29,6.5184,-1.12,48.1,59.2,20.0,0,No Event,0.06,Medium,25.0,0.8505,0.0581728060835212,0.852,60.03,0,2018,6,2,25,0
2018-06-25,China,Asia,0.75,0.656,1.622,52.21,2.36,6.5108,3.39,46.5,38.4,21.8,0,No Event,0.83,Medium,25.0,0.817,0.0630990109193222,0.827,57.79,0,2018,6,2,26,0
2018-07-02,China,Asia,0.724,0.636,1.772,51.42,2.47,6.5528,1.26,44.6,42.1,27.2,0,No Event,-0.51,Medium,25.0,0.7882499999999999,0.0630623513574209,0.75,52.21,0,2018,7,3,27,0
2018-07-09,China,Asia,0.72,0.661,1.5,51.23,2.43,6.4727,0.95,54.5,52.5,25.5,0,No Event,-0.38,Medium,25.0,0.75525,0.0630754306273031,0.724,51.42,0,2018,7,3,28,0
2018-07-16,China,Asia,0.748,0.65,1.789,50.99,1.74,6.4809,3.89,55.7,44.7,25.8,0,No Event,-0.17,Medium,25.0,0.7355,0.0646415395776841,0.72,51.23,0,2018,7,3,29,0
2018-07-23,China,Asia,0.734,0.662,1.5,52.22,1.92,6.4324,1.92,43.2,48.0,25.9,0,No Event,0.38,Medium,25.0,0.7315,0.0532941272645013,0.748,50.99,0,2018,7,3,30,0
2018-07-30,China,Asia,0.731,0.629,1.5,49.93,2.47,6.4268,0.93,53.3,47.1,25.5,0,No Event,0.72,Medium,25.0,0.73325,0.0520089383392654,0.734,52.22,0,2018,7,3,31,0
2018-08-06,China,Asia,0.627,0.563,1.5,43.9,2.77,6.4257,2.92,44.1,46.3,23.8,0,No Event,0.61,Medium,25.0,0.71,0.0613599328217109,0.731,49.93,0,2018,8,3,32,0
2018-08-13,China,Asia,0.658,0.601,1.5,46.5,2.37,6.3637,2.23,41.1,42.0,28.3,0,No Event,-0.44,Medium,25.0,0.6875,0.0612555123146628,0.627,43.9,0,2018,8,3,33,0
2018-08-20,China,Asia,0.628,0.564,1.5,44.06,2.6,6.531,0.75,55.3,49.4,21.7,0,No Event,-0.25,Medium,25.0,0.6609999999999999,0.0536683287758431,0.658,46.5,0,2018,8,3,34,0
2018-08-27,China,Asia,0.652,0.597,1.5,46.44,1.32,6.3701,1.5,33.8,30.7,20.4,0,No Event,0.03,Medium,25.0,0.64125,0.0561243836966725,0.628,44.06,0,2018,8,3,35,0
2018-09-03,China,Asia,0.687,0.621,1.5,47.26,1.71,6.4786,0.67,36.6,42.8,25.6,0,No Event,-0.45,Medium,25.0,0.65625,0.05926928855576,0.652,46.44,1,2018,9,3,36,0
2018-09-10,China,Asia,0.633,0.604,1.5,45.53,2.48,6.3869,1.53,41.5,56.8,26.3,0,No Event,-0.61,Medium,25.0,0.65,0.0619173258494288,0.687,47.26,0,2018,9,3,37,0
2018-09-17,China,Asia,0.602,0.533,1.5,40.98,1.81,6.434,2.34,40.5,62.0,21.9,0,No Event,-0.83,Medium,25.0,0.6435,0.0584037085497941,0.633,45.53,0,2018,9,3,38,0
2018-09-24,China,Asia,0.596,0.544,1.5,42.18,3.17,6.4325,2.71,39.3,45.3,22.3,0,No Event,-0.22,Medium,25.0,0.6295,0.0581405737442761,0.602,40.98,1,2018,9,3,39,0
2018-10-01,China,Asia,0.641,0.59,1.5,44.82,2.39,6.4545,-1.09,54.3,42.8,27.2,0,No Event,-0.1,Medium,25.0,0.618,0.063710884719978,0.596,42.18,0,2018,10,4,40,0
2018-10-08,China,Asia,0.604,0.544,1.5,42.59,2.66,6.4753,-0.24,51.9,40.0,27.0,0,No Event,1.13,Medium,25.0,0.61075,0.0633909090105023,0.641,44.82,0,2018,10,4,41,0
2018-10-15,China,Asia,0.646,0.568,1.5,45.01,1.36,6.4364,3.74,38.5,58.1,26.5,0,No Event,-0.23,Medium,25.0,0.62175,0.0679703955959123,0.604,42.59,1,2018,10,4,42,0
2018-10-22,China,Asia,0.603,0.542,1.551,43.41,2.2,6.4272,2.6,37.8,51.5,23.1,0,No Event,-1.2,Medium,25.0,0.6234999999999999,0.069973018355777,0.646,45.01,1,2018,10,4,43,0
2018-10-29,China,Asia,0.651,0.576,1.528,44.11,2.58,6.5656,1.52,47.0,53.5,22.5,0,No Event,0.17,Medium,25.0,0.626,0.0617110201015539,0.603,43.41,0,2018,10,4,44,0
2018-11-05,China,Asia,0.698,0.602,1.554,47.55,1.82,6.3846,0.92,55.2,50.0,27.1,0,No Event,0.13,Medium,25.0,0.6495,0.0635276430928661,0.651,44.11,0,2018,11,4,45,0
2018-11-12,China,Asia,0.685,0.588,1.5,45.76,2.97,6.4252,-0.98,38.0,35.3,23.4,0,No Event,-0.64,Medium,25.0,0.65925,0.0619644089074974,0.698,47.55,0,2018,11,4,46,0
2018-11-19,China,Asia,0.72,0.652,1.728,50.38,2.61,6.3972,1.88,47.7,35.9,23.8,0,No Event,0.85,Medium,25.0,0.6884999999999999,0.062623994649712,0.685,45.76,0,2018,11,4,47,0
2018-11-26,China,Asia,0.719,0.614,1.648,48.98,1.71,6.5536,2.52,47.7,53.7,22.4,0,No Event,0.46,Medium,25.0,0.7055,0.0611399474985725,0.72,50.38,0,2018,11,4,48,0
2018-12-03,China,Asia,0.642,0.56,1.596,45.24,2.59,6.4208,-0.16,54.8,60.0,27.1,0,No Event,0.71,Medium,25.0,0.6915,0.0651263045925667,0.719,48.98,0,2018,12,4,49,0
2018-12-10,China,Asia,0.687,0.602,1.5,47.07,2.76,6.3742,0.69,45.4,64.9,20.2,0,No Event,0.49,Medium,25.0,0.692,0.0655348224790648,0.642,45.24,0,2018,12,4,50,0
2018-12-17,China,Asia,0.72,0.64,1.5,51.66,2.29,6.5254,1.91,47.2,51.4,25.0,0,No Event,0.18,Medium,25.0,0.6920000000000001,0.0658207718164133,0.687,47.07,0,2018,12,4,51,0
2018-12-24,China,Asia,0.764,0.691,1.5,54.04,2.26,6.5536,2.03,53.7,69.7,28.0,0,No Event,0.29,Medium,25.0,0.7032499999999999,0.0647987039532086,0.72,51.66,0,2018,12,4,52,0
2018-12-31,China,Asia,0.741,0.68,1.5,52.87,2.5,6.516,4.89,53.6,72.5,21.8,0,No Event,-0.18,Medium,25.0,0.728,0.0623600971371865,0.764,54.04,0,2018,12,4,1,0
2019-01-07,China,Asia,0.867,0.809,1.697,63.02,3.04,6.5008,2.19,46.9,57.1,27.8,0,No Event,0.29,Medium,25.0,0.7729999999999999,0.0751942382878303,0.741,52.87,0,2019,1,1,2,0
2019-01-14,China,Asia,0.836,0.704,1.657,56.21,2.51,6.6138,2.59,52.3,53.5,20.6,0,No Event,0.16,Medium,25.0,0.802,0.0721603997299649,0.867,63.02,0,2019,1,1,3,0
2019-01-21,China,Asia,0.878,0.785,1.622,60.62,2.47,6.5526,3.65,50.7,42.0,22.1,0,No Event,0.82,Medium,25.0,0.8304999999999999,0.0708082525650646,0.836,56.21,0,2019,1,1,4,0
2019-01-28,China,Asia,0.895,0.772,1.996,59.78,2.87,6.5731,1.89,69.1,48.5,23.7,0,No Event,0.13,Medium,25.0,0.869,0.06940417379071,0.878,60.62,0,2019,1,1,5,0
2019-02-04,China,Asia,0.858,0.776,1.806,60.05,2.22,6.5482,-0.62,45.6,72.3,26.6,0,No Event,-0.72,Medium,25.0,0.86675,0.0709380509795652,0.895,59.78,0,2019,2,1,6,0
2019-02-11,China,Asia,0.876,0.791,1.956,61.69,2.43,6.5745,2.21,39.6,54.0,23.7,0,No Event,-0.05,Medium,25.0,0.87675,0.0703139103927555,0.858,60.05,1,2019,2,1,7,0
2019-02-18,China,Asia,0.94,0.832,1.825,64.53,1.66,6.501,2.59,51.7,41.5,29.3,0,No Event,-0.39,Medium,25.0,0.89225,0.0716536913419816,0.876,61.69,0,2019,2,1,8,0
2019-02-25,China,Asia,0.884,0.799,1.716,61.77,2.84,6.5161,3.03,54.1,46.9,22.3,0,No Event,0.55,Medium,25.0,0.8895,0.0646695889530475,0.94,64.53,0,2019,2,1,9,0
2019-03-04,China,Asia,0.933,0.817,1.696,63.3,2.61,6.5783,5.24,49.3,59.6,23.8,0,No Event,-0.28,Medium,25.0,0.90825,0.0639539074313507,0.884,61.77,0,2019,3,1,10,0
2019-03-11,China,Asia,0.873,0.775,2.196,62.23,3.35,6.5844,2.0,59.4,65.7,24.6,0,No Event,-0.38,Medium,25.0,0.9075,0.0687381353732044,0.933,63.3,0,2019,3,1,11,0
2019-03-18,China,Asia,0.914,0.814,1.694,63.12,2.99,6.5341,0.18,60.4,56.7,29.3,0,No Event,-0.06,Medium,25.0,0.901,0.0680543479433896,0.873,62.23,0,2019,3,1,12,0
2019-03-25,China,Asia,0.968,0.886,1.838,68.33,2.33,6.4941,4.04,48.7,59.2,24.3,0,No Event,-0.41,Medium,25.0,0.922,0.067298336321642,0.914,63.12,0,2019,3,1,13,0
2019-04-01,China,Asia,0.818,0.761,1.866,59.94,3.41,6.5736,-0.56,65.3,44.2,24.9,0,No Event,-0.68,Medium,25.0,0.89325,0.0687886199935795,0.968,68.33,0,2019,4,2,14,0
2019-04-08,China,Asia,0.931,0.861,2.328,66.52,1.89,6.5899,2.68,54.1,45.9,22.3,0,No Event,1.05,Medium,25.0,0.90775,0.0787566089921915,0.818,59.94,0,2019,4,2,15,0
2019-04-15,China,Asia,0.876,0.773,2.085,60.18,2.26,6.6544,1.93,66.4,23.2,23.4,0,No Event,0.28,Medium,25.0,0.89825,0.0802300927992973,0.931,66.52,0,2019,4,2,16,0
2019-04-22,China,Asia,0.893,0.771,1.567,61.56,2.57,6.5844,3.02,62.7,43.6,29.1,0,No Event,-0.15,Medium,25.0,0.8795000000000001,0.0802309227454916,0.876,60.18,0,2019,4,2,17,0
2019-04-29,China,Asia,0.907,0.835,1.799,64.41,2.43,6.6461,3.3,56.4,36.2,29.9,0,No Event,-0.68,Medium,25.0,0.90175,0.0790578492040892,0.893,61.56,0,2019,4,2,18,0
2019-05-06,China,Asia,0.893,0.78,2.192,61.56,2.05,6.5014,1.69,56.3,44.7,25.9,0,No Event,0.73,Medium,25.0,0.89225,0.079195049812698,0.907,64.41,0,2019,5,2,19,0
2019-05-13,China,Asia,0.933,0.794,1.532,62.59,2.89,6.6249,2.67,53.2,46.0,23.6,0,No Event,-0.86,Medium,25.0,0.9065,0.077370933497141,0.893,61.56,0,2019,5,2,20,0
2019-05-20,China,Asia,0.941,0.82,1.775,65.52,2.56,6.527,2.68,60.9,35.8,20.1,0,No Event,-0.07,Medium,25.0,0.9185,0.074887400897261,0.933,62.59,0,2019,5,2,21,0
2019-05-27,China,Asia,0.968,0.885,2.209,68.06,2.21,6.4831,2.51,45.9,49.3,21.4,0,No Event,-1.0,Medium,25.0,0.93375,0.0737321679235182,0.941,65.52,0,2019,5,2,22,0
2019-06-03,China,Asia,0.87,0.808,1.789,63.51,2.62,6.5708,-0.81,50.5,34.5,27.7,0,No Event,0.01,Medium,25.0,0.928,0.0775867605308001,0.968,68.06,0,2019,6,2,23,0
2019-06-10,China,Asia,1.004,0.861,1.791,67.83,1.8,6.5853,4.51,56.7,48.4,26.9,0,No Event,0.02,Medium,25.0,0.94575,0.0885400130336024,0.87,63.51,0,2019,6,2,24,0
2019-06-17,China,Asia,0.914,0.835,1.643,65.32,1.91,6.6015,1.8,37.2,39.9,28.7,0,No Event,0.27,Medium,25.0,0.939,0.0916253142805784,1.004,67.83,1,2019,6,2,25,0
2019-06-24,China,Asia,0.926,0.829,2.279,65.34,2.44,6.5557,1.81,58.9,35.6,25.0,0,No Event,-0.1,Medium,25.0,0.9285,0.0777304546905529,0.914,65.32,0,2019,6,2,26,0
2019-07-01,China,Asia,1.037,0.945,1.774,71.4,3.01,6.5567,0.87,38.5,36.2,27.3,0,No Event,-0.07,Medium,25.0,0.97025,0.0751957650726587,0.926,65.34,0,2019,7,3,27,0
2019-07-08,China,Asia,0.951,0.857,1.957,67.61,2.93,6.4704,2.83,59.0,32.3,27.6,0,No Event,-0.21,Medium,25.0,0.957,0.0775126928232808,1.037,71.4,0,2019,7,3,28,0
2019-07-15,China,Asia,0.882,0.775,1.596,62.26,2.22,6.4416,2.79,45.8,48.7,21.1,0,No Event,-0.41,Medium,25.0,0.949,0.0809234461562309,0.951,67.61,0,2019,7,3,29,0
2019-07-22,China,Asia,0.933,0.863,2.194,66.95,3.2,6.4596,1.1,64.7,50.0,29.7,0,No Event,0.28,Medium,25.0,0.95075,0.0824748444362359,0.882,62.26,0,2019,7,3,30,0
2019-07-29,China,Asia,0.901,0.874,2.03,67.27,3.04,6.48,0.98,52.9,39.2,21.1,0,No Event,0.62,Medium,25.0,0.91675,0.0830860514366583,0.933,66.95,0,2019,7,3,31,0
2019-08-05,China,Asia,1.05,0.916,1.732,71.89,3.65,6.5075,1.26,44.7,36.3,24.5,0,No Event,-0.19,Medium,25.0,0.9415,0.0949338423719149,0.901,67.27,0,2019,8,3,32,0
2019-08-12,China,Asia,1.004,0.923,2.259,70.58,2.42,6.4384,1.17,38.6,49.2,29.9,0,No Event,0.3,Medium,25.0,0.972,0.0963942185049329,1.05,71.89,1,2019,8,3,33,0
2019-08-19,China,Asia,1.003,0.872,2.16,69.39,1.59,6.4314,1.32,51.4,59.8,20.9,0,No Event,0.02,Medium,25.0,0.9895,0.0962387176564924,1.004,70.58,0,2019,8,3,34,0
2019-08-26,China,Asia,1.072,0.97,2.098,74.87,2.25,6.3597,1.77,34.9,56.5,23.6,0,No Event,-0.27,Medium,25.0,1.03225,0.0912304792446759,1.003,69.39,1,2019,8,3,35,0
2019-09-02,China,Asia,0.674,0.616,1.5,47.81,2.13,6.3693,1.68,41.8,49.4,25.6,0,No Event,-0.04,Medium,25.0,0.93825,0.1365089548983126,1.072,74.87,0,2019,9,3,36,0
2019-09-09,China,Asia,0.634,0.556,1.5,43.82,1.65,6.4211,1.15,43.1,46.9,22.0,0,No Event,-0.42,Medium,25.0,0.84575,0.1354311273960365,0.674,47.81,0,2019,9,3,37,0
2019-09-16,China,Asia,0.604,0.584,1.5,45.1,2.34,6.3716,1.62,35.6,33.3,20.1,0,No Event,0.13,Medium,25.0,0.746,0.1352101300147393,0.634,43.82,0,2019,9,3,38,0
2019-09-23,China,Asia,0.607,0.552,1.5,42.53,2.21,6.3916,3.8,43.7,50.9,25.8,0,No Event,-0.14,Medium,25.0,0.62975,0.1278838842733647,0.604,45.1,0,2019,9,3,39,0
2019-09-30,China,Asia,0.63,0.56,1.5,43.59,0.92,6.3546,0.31,50.5,56.2,28.3,0,No Event,-0.71,Medium,25.0,0.61875,0.1284902318333037,0.607,42.53,0,2019,9,3,40,0
2019-10-07,China,Asia,0.682,0.639,1.5,48.47,2.58,6.3945,-0.69,40.8,59.0,20.1,0,No Event,0.3,Medium,25.0,0.63075,0.1309996831916514,0.63,43.59,0,2019,10,4,41,0
2019-10-14,China,Asia,0.67,0.583,1.65,46.31,1.56,6.4784,1.85,53.4,53.6,28.6,0,No Event,0.1,Medium,25.0,0.64725,0.1291605022624912,0.682,48.47,0,2019,10,4,42,0
2019-10-21,China,Asia,0.628,0.576,1.5,44.34,2.64,6.4106,1.5,44.6,65.8,23.0,0,No Event,-0.1,Medium,25.0,0.6525000000000001,0.1297463593184204,0.67,46.31,0,2019,10,4,43,0
2019-10-28,China,Asia,0.692,0.634,1.546,47.16,2.33,6.5394,3.91,52.4,56.3,23.7,0,No Event,-0.11,Medium,25.0,0.668,0.1225867591430411,0.628,44.34,0,2019,10,4,44,0
2019-11-04,China,Asia,0.73,0.649,1.634,50.97,2.31,6.4602,2.75,41.2,50.1,24.2,0,No Event,0.02,Medium,25.0,0.68,0.1245488789291542,0.692,47.16,0,2019,11,4,45,0
2019-11-11,China,Asia,0.714,0.65,1.646,50.14,2.36,6.4655,3.03,40.2,57.4,29.6,0,No Event,-0.02,Medium,25.0,0.691,0.124445534730838,0.73,50.97,0,2019,11,4,46,0
2019-11-18,China,Asia,0.637,0.571,1.5,44.13,2.6,6.3294,1.6,54.4,54.5,24.4,0,No Event,0.43,Medium,25.0,0.69325,0.1235483015012223,0.714,50.14,0,2019,11,4,47,0
2019-11-25,China,Asia,0.694,0.619,1.5,49.18,2.1,6.4826,1.95,39.8,60.6,21.7,0,No Event,-0.2,Medium,25.0,0.69375,0.0684506158077107,0.637,44.13,1,2019,11,4,48,0
2019-12-02,China,Asia,0.727,0.663,1.506,52.1,2.52,6.4392,3.55,49.5,58.7,24.1,0,No Event,-0.34,Medium,25.0,0.693,0.0662963328908467,0.694,49.18,0,2019,12,4,49,0
2019-12-09,China,Asia,0.714,0.629,1.5,49.68,1.53,6.5252,2.2,60.0,55.7,25.2,0,No Event,-0.18,Medium,25.0,0.693,0.0643579928241044,0.727,52.1,0,2019,12,4,50,0
2019-12-16,China,Asia,0.773,0.696,1.564,54.11,1.72,6.4873,-0.57,51.3,73.7,20.8,0,No Event,0.51,Medium,25.0,0.727,0.0670045477010442,0.714,49.68,0,2019,12,4,51,0
2019-12-23,China,Asia,0.804,0.707,1.5,55.31,2.14,6.4682,1.37,50.5,49.3,20.0,0,No Event,0.16,Medium,25.0,0.7545,0.0670540200894845,0.773,54.11,0,2019,12,4,52,0
2019-12-30,China,Asia,0.78,0.659,1.698,53.5,2.14,6.5432,2.93,56.5,44.2,22.6,0,No Event,0.32,Medium,25.0,0.76775,0.0657574693930524,0.804,55.31,0,2019,12,4,1,0
2020-01-06,China,Asia,0.798,0.705,1.728,56.17,3.3,6.5609,3.99,55.0,50.0,25.4,0,No Event,0.41,Medium,25.0,0.7887500000000001,0.0650685028560891,0.78,53.5,0,2020,1,1,2,0
2020-01-13,China,Asia,0.719,0.659,1.577,50.28,3.09,6.4551,1.55,58.6,53.2,25.9,0,No Event,-0.24,Medium,25.0,0.77525,0.0697666975641982,0.798,56.17,0,2020,1,1,3,0
2020-01-20,China,Asia,0.814,0.772,2.034,57.53,2.97,6.4993,1.47,64.0,72.0,22.0,0,No Event,-0.29,Medium,25.0,0.77775,0.073679528832151,0.719,50.28,0,2020,1,1,4,0
2020-01-27,China,Asia,0.848,0.745,1.883,58.56,2.29,6.5154,4.32,59.8,59.7,24.5,0,No Event,0.01,Medium,25.0,0.79475,0.0731460946126008,0.814,57.53,0,2020,1,1,5,0
2020-02-03,China,Asia,0.846,0.733,1.798,58.56,4.83,6.6077,0.22,69.4,52.6,44.2,1,COVID-19 Pandemic,0.2,Medium,25.0,0.80675,0.0724628766655587,0.848,58.56,0,2020,2,1,6,0
2020-02-10,China,Asia,0.93,0.868,1.991,68.14,0.86,6.5297,2.37,38.5,59.7,52.2,1,COVID-19 Pandemic,0.4,Medium,25.0,0.8594999999999999,0.0643249915971884,0.846,58.56,1,2020,2,1,7,0
2020-02-17,China,Asia,0.895,0.794,2.078,63.33,2.35,6.5842,1.69,69.8,54.6,36.0,1,COVID-19 Pandemic,0.06,Medium,25.0,0.87975,0.0648067739739823,0.93,68.14,0,2020,2,1,8,0
2020-02-24,China,Asia,0.959,0.905,1.83,67.3,2.95,6.5611,1.02,47.2,44.7,48.3,1,COVID-19 Pandemic,0.06,Medium,25.0,0.9075,0.0659795534704217,0.895,63.33,0,2020,2,1,9,0
2020-03-02,China,Asia,1.02,0.9,1.863,70.31,3.1,6.506,-0.26,60.8,58.8,28.4,0,No Event,-0.62,Medium,25.0,0.951,0.06531965934194,0.959,67.3,0,2020,3,1,10,0
2020-03-09,China,Asia,1.059,0.993,2.538,76.35,5.18,6.5608,3.81,42.1,52.8,52.2,1,COVID-19 Pandemic,-0.75,Medium,25.0,0.98325,0.0634275472360645,1.02,70.31,0,2020,3,1,11,0
2020-03-16,China,Asia,1.05,0.973,2.13,73.86,2.71,6.5153,5.02,57.9,53.5,46.1,1,COVID-19 Pandemic,-0.31,Medium,25.0,1.022,0.0641602505477243,1.059,76.35,0,2020,3,1,12,0
2020-03-23,China,Asia,1.131,1.009,2.501,78.99,0.78,6.5595,-0.96,46.8,51.1,36.5,1,COVID-19 Pandemic,-0.43,Medium,25.0,1.065,0.0633718788531583,1.05,73.86,0,2020,3,1,13,0
2020-03-30,China,Asia,1.072,0.983,2.395,77.61,3.36,6.6002,3.12,58.0,47.0,27.5,0,No Event,0.06,Medium,25.0,1.078,0.068024046001192,1.131,78.99,0,2020,3,1,14,0
2020-04-06,China,Asia,1.101,1.004,2.7,77.55,2.52,6.5297,4.44,48.5,50.3,29.5,0,No Event,-0.04,Medium,25.0,1.0885,0.0553501260450595,1.072,77.61,0,2020,4,2,15,0
2020-04-13,China,Asia,1.101,1.034,2.755,78.68,3.1,6.6585,1.15,37.8,46.9,43.9,1,COVID-19 Pandemic,0.39,Medium,25.0,1.10125,0.0473849564786827,1.101,77.55,1,2020,4,2,16,0
2020-04-20,China,Asia,1.205,1.086,2.666,83.32,1.43,6.5177,1.9,52.2,38.7,29.8,1,COVID-19 Pandemic,-0.81,Medium,25.0,1.11975,0.0512153457736805,1.101,78.68,0,2020,4,2,17,0
2020-04-27,China,Asia,1.14,1.011,2.796,82.23,3.4,6.4758,0.65,54.5,47.5,34.5,1,COVID-19 Pandemic,-0.49,Medium,25.0,1.13675,0.05618316779919,1.205,83.32,0,2020,4,2,18,0
2020-05-04,China,Asia,1.229,1.083,2.457,83.34,3.7,6.5082,-0.14,70.8,48.5,29.4,1,COVID-19 Pandemic,-0.33,Medium,25.0,1.16875,0.0539774578518498,1.14,82.23,0,2020,5,2,19,0
2020-05-11,China,Asia,1.194,1.115,2.48,84.35,0.84,6.6048,-0.03,67.3,39.9,37.5,1,COVID-19 Pandemic,-0.81,Medium,25.0,1.192,0.0530714929284677,1.229,83.34,0,2020,5,2,20,0
2020-05-18,China,Asia,1.174,1.089,2.52,84.73,2.66,6.4613,2.27,37.4,35.4,31.6,1,COVID-19 Pandemic,-0.28,Medium,25.0,1.18425,0.0522373873502952,1.194,84.35,0,2020,5,2,21,0
2020-05-25,China,Asia,1.203,1.122,2.84,86.9,1.54,6.5323,0.91,52.6,41.4,23.3,0,No Event,0.12,Medium,25.0,1.2,0.0503375891536591,1.174,84.73,0,2020,5,2,22,0
2020-06-01,China,Asia,0.885,0.799,1.698,63.05,4.49,6.4674,1.01,54.6,34.5,36.1,1,COVID-19 Pandemic,0.25,Medium,25.0,1.114,0.0942554835801217,1.203,86.9,0,2020,6,2,23,0
2020-06-08,China,Asia,0.81,0.764,1.5,56.8,3.88,6.6451,3.58,49.2,38.5,36.2,1,COVID-19 Pandemic,-0.1,Medium,25.0,1.018,0.0966673500785474,0.885,63.05,0,2020,6,2,24,0
2020-06-15,China,Asia,0.855,0.813,1.931,62.85,4.5,6.5618,2.95,50.5,47.6,42.4,1,COVID-19 Pandemic,-0.34,Medium,25.0,0.93825,0.0949502002703851,0.81,56.8,0,2020,6,2,25,0
2020-06-22,China,Asia,0.734,0.682,1.888,52.5,1.76,6.4384,3.34,53.3,41.0,21.7,0,No Event,-0.84,Medium,25.0,0.821,0.1011422618855221,0.855,62.85,0,2020,6,2,26,0
2020-06-29,China,Asia,0.807,0.745,1.5,55.56,1.59,6.48,0.97,58.3,39.7,35.1,1,COVID-19 Pandemic,-0.83,Medium,25.0,0.8015,0.1065960986719564,0.734,52.5,0,2020,6,2,27,0
2020-07-06,China,Asia,0.78,0.724,1.697,54.94,4.18,6.667,2.04,60.0,62.9,29.1,1,COVID-19 Pandemic,0.31,Medium,25.0,0.794,0.1064687651202484,0.807,55.56,0,2020,7,3,28,0
2020-07-13,China,Asia,0.741,0.673,1.5,52.63,1.81,6.4522,-1.79,49.6,53.0,28.3,0,No Event,-0.13,Medium,25.0,0.7655000000000001,0.1000024417841495,0.78,54.94,0,2020,7,3,29,0
2020-07-20,China,Asia,0.776,0.672,1.595,53.39,5.9,6.5764,3.7,51.4,35.6,30.9,1,COVID-19 Pandemic,0.11,Medium,25.0,0.776,0.1024602669424597,0.741,52.63,0,2020,7,3,30,0
2020-07-27,China,Asia,0.737,0.689,1.514,52.09,3.22,6.4003,5.38,56.3,43.3,36.8,1,COVID-19 Pandemic,-0.3,Medium,25.0,0.7585000000000001,0.0971484347631028,0.776,53.39,0,2020,7,3,31,0
2020-08-03,China,Asia,0.707,0.624,1.649,49.83,3.41,6.436,-0.97,56.6,38.1,46.3,1,COVID-19 Pandemic,0.51,Medium,25.0,0.74025,0.0971163800807718,0.737,52.09,0,2020,8,3,32,0
2020-08-10,China,Asia,0.682,0.608,1.5,48.61,4.43,6.5632,0.64,46.4,45.0,39.3,1,COVID-19 Pandemic,-0.18,Medium,25.0,0.7254999999999999,0.0968962384653902,0.707,49.83,0,2020,8,3,33,0
2020-08-17,China,Asia,0.703,0.623,1.5,49.9,4.94,6.4162,0.4,37.7,51.0,41.1,1,COVID-19 Pandemic,0.04,Medium,25.0,0.7072499999999999,0.0972779933893011,0.682,48.61,1,2020,8,3,34,0
2020-08-24,China,Asia,0.689,0.603,1.59,47.89,2.51,6.468,4.25,49.8,41.1,32.2,1,COVID-19 Pandemic,0.28,Medium,25.0,0.6952499999999999,0.0665203625488806,0.703,49.9,0,2020,8,3,35,0
2020-08-31,China,Asia,0.657,0.581,1.5,46.76,2.14,6.4163,3.8,45.2,43.1,28.9,0,No Event,-0.01,Medium,25.0,0.68275,0.0639250835392804,0.689,47.89,0,2020,8,3,36,0
2020-09-07,China,Asia,0.67,0.617,1.5,47.27,2.89,6.41,0.68,41.7,37.5,24.9,0,No Event,0.57,Medium,25.0,0.6797500000000001,0.0610874458058148,0.657,46.76,0,2020,9,3,37,0
2020-09-14,China,Asia,0.652,0.598,1.526,45.91,1.91,6.3591,1.8,51.8,51.2,20.2,0,No Event,-0.66,Medium,25.0,0.6669999999999999,0.0475377409882678,0.67,47.27,0,2020,9,3,38,0
2020-09-21,China,Asia,0.64,0.596,1.625,46.12,3.05,6.3855,-0.54,41.8,52.3,28.4,0,No Event,-0.07,Medium,25.0,0.65475,0.0331264861662039,0.652,45.91,0,2020,9,3,39,0
2020-09-28,China,Asia,0.659,0.594,1.5,46.15,3.68,6.4585,4.01,41.2,36.1,29.3,0,No Event,-0.42,Medium,25.0,0.6552500000000001,0.035488629473799,0.64,46.12,0,2020,9,3,40,0
2020-10-05,China,Asia,0.639,0.601,1.611,45.11,2.63,6.4947,1.14,49.0,56.1,22.3,0,No Event,-0.5,Medium,25.0,0.6475,0.0340698022491677,0.659,46.15,0,2020,10,4,41,0
2020-10-12,China,Asia,0.626,0.578,1.5,44.53,2.76,6.5227,5.2,36.5,59.2,29.9,0,No Event,0.43,Medium,25.0,0.641,0.0285796139255351,0.639,45.11,1,2020,10,4,42,0
2020-10-19,China,Asia,0.674,0.623,1.5,47.91,2.76,6.5669,-0.76,48.2,56.4,29.3,0,No Event,-0.28,Medium,25.0,0.6495,0.0374215097436119,0.626,44.53,0,2020,10,4,43,0
2020-10-26,China,Asia,0.673,0.637,1.5,48.59,2.38,6.2861,0.12,33.4,50.1,22.6,0,No Event,0.03,Medium,25.0,0.653,0.0358703882380043,0.674,47.91,1,2020,10,4,44,0
2020-11-02,China,Asia,0.683,0.606,1.5,47.99,2.86,6.4789,2.31,43.5,67.5,27.6,0,No Event,0.68,Medium,25.0,0.664,0.0347290557337871,0.673,48.59,0,2020,11,4,45,0
2020-11-09,China,Asia,0.717,0.612,1.5,47.67,2.47,6.4573,0.63,46.8,57.8,27.2,0,No Event,-0.9,Medium,25.0,0.6867500000000001,0.0366082202901176,0.683,47.99,0,2020,11,4,46,0
2020-11-16,China,Asia,0.746,0.672,1.5,52.33,2.38,6.4182,4.23,50.9,60.0,28.3,0,No Event,-0.88,Medium,25.0,0.7047500000000001,0.0374238620527733,0.717,47.67,0,2020,11,4,47,0
2020-11-23,China,Asia,0.72,0.659,1.811,51.2,2.61,6.3642,3.04,38.3,47.0,23.5,0,No Event,0.64,Medium,25.0,0.7164999999999999,0.0360349590639646,0.746,52.33,1,2020,11,4,48,0
2020-11-30,China,Asia,0.721,0.703,1.502,52.71,3.34,6.491,1.42,46.1,49.0,20.7,0,No Event,0.87,Medium,25.0,0.726,0.0358903324147789,0.72,51.2,0,2020,11,4,49,0
2020-12-07,China,Asia,0.735,0.689,1.714,52.18,1.5,6.5481,1.21,34.7,54.2,25.2,0,No Event,0.04,Medium,25.0,0.7304999999999999,0.0344103201453946,0.721,52.71,1,2020,12,4,50,0
2020-12-14,China,Asia,0.766,0.671,1.5,52.85,2.06,6.3897,1.68,45.9,71.3,23.3,0,No Event,-0.01,Medium,25.0,0.7354999999999999,0.0342166273563499,0.735,52.18,0,2020,12,4,51,0
2020-12-21,China,Asia,0.808,0.701,1.615,55.07,3.16,6.4557,0.53,51.3,58.3,22.7,0,No Event,0.15,Medium,25.0,0.7575000000000001,0.0358856469174893,0.766,52.85,0,2020,12,4,52,0
2020-12-28,China,Asia,0.788,0.757,1.5,58.01,2.53,6.4529,3.94,60.4,44.6,22.4,0,No Event,0.3,Medium,25.0,0.77425,0.035234711805958,0.808,55.07,0,2020,12,4,53,0
2021-01-04,China,Asia,0.813,0.761,1.979,59.14,3.02,6.5083,4.41,57.1,61.0,25.0,0,No Event,1.32,Medium,25.0,0.7937500000000001,0.0332072099852742,0.788,58.01,0,2021,1,1,1,0
2021-01-11,China,Asia,0.842,0.77,1.647,59.96,2.42,6.5274,3.09,49.7,47.8,28.0,0,No Event,-0.81,Medium,25.0,0.8127500000000001,0.0289663002624236,0.813,59.14,0,2021,1,1,2,0
2021-01-18,China,Asia,0.827,0.738,1.5,57.96,2.45,6.5614,3.54,49.6,70.5,21.6,0,No Event,-0.89,Medium,25.0,0.8174999999999999,0.0303709100310948,0.842,59.96,0,2021,1,1,3,0
2021-01-25,China,Asia,0.877,0.822,2.026,61.51,2.25,6.5186,1.74,50.8,55.2,23.6,0,No Event,-0.93,Medium,25.0,0.83975,0.0327382411699062,0.827,57.96,0,2021,1,1,4,0
2021-02-01,China,Asia,0.871,0.837,1.539,62.44,2.35,6.5742,1.57,56.4,62.6,25.4,0,No Event,-0.54,Medium,25.0,0.85425,0.0323763406658701,0.877,61.51,0,2021,2,1,5,0
2021-02-08,China,Asia,0.896,0.793,2.147,63.17,3.44,6.6177,5.26,53.9,67.4,22.3,0,No Event,-0.07,Medium,25.0,0.86775,0.0317690986155912,0.871,62.44,0,2021,2,1,6,0
2021-02-15,China,Asia,0.928,0.785,1.82,62.23,2.94,6.5802,2.63,44.3,56.9,29.4,0,No Event,-0.36,Medium,25.0,0.893,0.0278175079346795,0.896,63.17,0,2021,2,1,7,0
2021-02-22,China,Asia,0.926,0.811,2.298,65.03,2.43,6.5843,4.32,46.7,56.9,28.2,0,No Event,0.48,Medium,25.0,0.90525,0.0280706842287876,0.928,62.23,0,2021,2,1,8,0
2021-03-01,China,Asia,0.96,0.872,1.894,68.71,3.13,6.475,2.99,38.4,55.0,22.9,0,No Event,-0.09,Medium,25.0,0.9275,0.0284003480704587,0.926,65.03,1,2021,3,1,9,0
2021-03-08,China,Asia,0.92,0.841,2.145,64.34,2.74,6.3853,2.25,60.1,55.5,28.3,0,No Event,0.14,Medium,25.0,0.9335,0.0331370353688863,0.96,68.71,0,2021,3,1,10,0
2021-03-15,China,Asia,1.009,0.905,2.316,69.27,2.58,6.7118,1.34,56.3,59.8,29.4,0,No Event,0.52,Medium,25.0,0.95375,0.039258120095546,0.92,64.34,0,2021,3,1,11,0
2021-03-22,China,Asia,0.918,0.863,1.992,64.7,2.35,6.6586,-0.24,44.4,59.4,29.7,0,No Event,0.58,Medium,25.0,0.95175,0.0492242037952824,1.009,69.27,0,2021,3,1,12,0
2021-03-29,China,Asia,0.951,0.869,2.375,66.7,2.65,6.6574,0.65,56.5,65.2,27.9,0,No Event,-0.31,Medium,25.0,0.9495,0.049377869493503,0.918,64.7,0,2021,3,1,13,0
2021-04-05,China,Asia,0.981,0.889,1.89,69.16,2.54,6.5225,2.04,55.4,37.0,22.4,0,No Event,0.15,Medium,25.0,0.96475,0.0492295205932616,0.951,66.7,0,2021,4,2,14,0
2021-04-12,China,Asia,0.989,0.867,2.302,68.73,2.97,6.4847,-0.2,47.9,54.6,21.1,0,No Event,0.06,Medium,25.0,0.95975,0.0482685909820758,0.981,69.16,0,2021,4,2,15,0
2021-04-19,China,Asia,0.954,0.849,1.905,67.0,1.88,6.5157,3.5,48.9,34.2,23.0,0,No Event,0.25,Medium,25.0,0.96875,0.0481900560292891,0.989,68.73,0,2021,4,2,16,0
2021-04-26,China,Asia,0.922,0.85,2.334,66.41,2.34,6.5251,1.09,58.1,49.3,20.1,0,No Event,0.09,Medium,25.0,0.9615,0.0495405527454988,0.954,67.0,0,2021,4,2,17,0
2021-05-03,China,Asia,0.911,0.828,2.088,64.29,2.51,6.5362,2.95,47.0,55.2,24.5,0,No Event,-0.15,Medium,25.0,0.944,0.0492265774957226,0.922,66.41,0,2021,5,2,18,0
2021-05-10,China,Asia,0.894,0.762,1.5,61.61,3.34,6.4953,-0.36,59.1,49.5,28.9,0,No Event,-0.27,Medium,25.0,0.92025,0.048386256923335,0.911,64.29,0,2021,5,2,19,0
2021-05-17,China,Asia,0.959,0.862,2.259,63.82,3.17,6.4854,1.07,42.8,45.3,28.0,0,No Event,-0.25,Medium,25.0,0.9215,0.0529776607004719,0.894,61.61,0,2021,5,2,20,0
2021-05-24,China,Asia,0.85,0.779,2.041,59.99,2.98,6.4533,2.34,74.1,52.5,24.4,0,No Event,0.37,Medium,25.0,0.9035,0.061661080520669,0.959,63.82,0,2021,5,2,21,0
2021-05-31,China,Asia,0.913,0.842,1.766,64.54,3.16,6.5169,2.43,61.9,54.3,23.9,0,No Event,1.05,Medium,25.0,0.904,0.0649417829452884,0.85,59.99,0,2021,5,2,22,0
2021-06-07,China,Asia,0.848,0.795,1.775,59.35,1.85,6.5842,1.31,58.6,43.4,26.9,0,No Event,0.47,Medium,25.0,0.8925,0.0604491637388296,0.913,64.54,0,2021,6,2,23,0
2021-06-14,China,Asia,0.807,0.709,1.713,56.52,2.45,6.5895,4.67,54.6,44.4,22.3,0,No Event,-0.22,Medium,25.0,0.8545,0.0566596817232305,0.848,59.35,0,2021,6,2,24,0
2021-06-21,China,Asia,0.806,0.723,1.727,57.72,3.79,6.4291,0.23,56.3,52.7,25.4,0,No Event,0.1,Medium,25.0,0.8435,0.0549580354827933,0.807,56.52,0,2021,6,2,25,0
2021-06-28,China,Asia,0.85,0.744,1.799,57.76,1.95,6.4748,2.26,52.4,39.5,28.5,0,No Event,0.17,Medium,25.0,0.8277500000000001,0.0569938384978232,0.806,57.72,0,2021,6,2,26,0
2021-07-05,China,Asia,0.773,0.688,1.748,54.6,2.94,6.3481,0.56,42.3,46.9,28.0,0,No Event,-0.01,Medium,25.0,0.8089999999999999,0.0610597893788569,0.85,57.76,0,2021,7,3,27,0
2021-07-12,China,Asia,0.771,0.673,1.842,53.41,2.34,6.5443,1.12,49.4,42.7,23.4,0,No Event,0.61,Medium,25.0,0.8,0.0609737680930188,0.773,54.6,0,2021,7,3,28,0
2021-07-19,China,Asia,0.746,0.704,1.81,52.75,3.1,6.3861,5.3,46.3,54.2,29.2,0,No Event,0.57,Medium,25.0,0.785,0.0609451533918815,0.771,53.41,0,2021,7,3,29,0
2021-07-26,China,Asia,0.761,0.687,1.696,53.17,3.26,6.3447,1.85,38.3,40.8,26.6,0,No Event,-0.47,Medium,25.0,0.76275,0.0618239573555319,0.746,52.75,1,2021,7,3,30,0
2021-08-02,China,Asia,0.723,0.638,1.5,50.88,3.27,6.4556,4.31,56.4,34.0,20.3,0,No Event,-0.85,Medium,25.0,0.7502500000000001,0.0627322268697938,0.761,53.17,0,2021,8,3,31,0
2021-08-09,China,Asia,0.715,0.654,1.788,49.77,2.47,6.4999,3.48,54.2,44.2,20.1,0,No Event,0.16,Medium,25.0,0.73625,0.0563340461707759,0.723,50.88,0,2021,8,3,32,0
2021-08-16,China,Asia,0.727,0.658,1.539,50.48,1.53,6.4628,1.44,44.1,38.5,23.5,0,No Event,-0.45,Medium,25.0,0.7314999999999999,0.0493339712285854,0.715,49.77,0,2021,8,3,33,0
2021-08-23,China,Asia,0.669,0.578,1.5,45.99,2.0,6.4462,0.65,38.9,27.4,26.4,0,No Event,0.03,Medium,25.0,0.7085,0.0447551504266332,0.727,50.48,0,2021,8,3,34,0
2021-08-30,China,Asia,0.661,0.575,1.516,45.16,2.52,6.3208,2.09,60.8,44.6,26.4,0,No Event,0.51,Medium,25.0,0.693,0.0423561005917655,0.669,45.99,0,2021,8,3,35,0
2021-09-06,China,Asia,0.65,0.596,1.51,46.62,2.06,6.5638,3.62,35.5,36.1,29.0,0,No Event,0.7,Medium,25.0,0.67675,0.0413845356698942,0.661,45.16,1,2021,9,3,36,0
2021-09-13,China,Asia,0.687,0.614,1.5,47.43,3.27,6.4218,3.96,34.9,50.4,23.7,0,No Event,1.16,Medium,25.0,0.6667500000000001,0.0464962797620914,0.65,46.62,1,2021,9,3,37,0
2021-09-20,China,Asia,0.705,0.614,1.5,49.33,3.02,6.4241,1.25,38.0,51.6,22.0,0,No Event,-0.21,Medium,25.0,0.6757500000000001,0.0434077864652222,0.687,47.43,1,2021,9,3,38,0
2021-09-27,China,Asia,0.725,0.634,1.568,50.52,2.53,6.3806,1.96,48.5,57.9,21.8,0,No Event,-0.42,Medium,25.0,0.6917500000000001,0.0376766360879101,0.705,49.33,0,2021,9,3,39,0
2021-10-04,China,Asia,0.708,0.617,1.5,49.22,2.98,6.3431,3.0,46.3,51.1,21.6,0,No Event,-0.13,Medium,25.0,0.7062499999999999,0.0380513398608446,0.725,50.52,0,2021,10,4,40,0
2021-10-11,China,Asia,0.673,0.575,1.601,46.56,1.89,6.403,2.13,39.3,38.0,27.9,0,No Event,-0.99,Medium,25.0,0.70275,0.0394015841131777,0.708,49.22,0,2021,10,4,41,0
2021-10-18,China,Asia,0.678,0.615,1.67,48.36,2.63,6.4538,2.23,49.8,49.8,22.7,0,No Event,-0.04,Medium,25.0,0.696,0.038749159683528,0.673,46.56,0,2021,10,4,42,0
2021-10-25,China,Asia,0.656,0.586,1.5,46.02,1.9,6.3961,4.76,49.4,64.6,21.6,0,No Event,-0.95,Medium,25.0,0.6787500000000001,0.0373691596036929,0.678,48.36,0,2021,10,4,43,0
2021-11-01,China,Asia,0.703,0.62,1.5,48.75,1.69,6.4639,4.11,42.1,50.2,20.8,0,No Event,0.3,Medium,25.0,0.6775,0.0437238471451384,0.656,46.02,0,2021,11,4,44,0
2021-11-08,China,Asia,0.686,0.628,1.553,49.3,1.84,6.4754,1.75,45.3,61.2,20.6,0,No Event,-0.37,Medium,25.0,0.68075,0.0438482439544778,0.703,48.75,0,2021,11,4,45,0
2021-11-15,China,Asia,0.746,0.633,1.623,51.07,2.7,6.5141,1.51,52.6,41.5,27.9,0,No Event,-0.16,Medium,25.0,0.6977500000000001,0.044130646422715,0.686,49.3,0,2021,11,4,46,0
2021-11-22,China,Asia,0.696,0.608,1.567,49.01,2.63,6.4965,-0.44,44.7,58.2,24.4,0,No Event,0.76,Medium,25.0,0.70775,0.0491932876723793,0.746,51.07,0,2021,11,4,47,0
2021-11-29,China,Asia,0.774,0.711,1.74,54.72,3.1,6.4346,1.97,57.1,58.8,29.2,0,No Event,-0.32,Medium,25.0,0.7255,0.0573113947609945,0.696,49.01,0,2021,11,4,48,0
2021-12-06,China,Asia,0.81,0.738,1.898,56.89,3.61,6.4906,2.11,47.6,53.6,20.1,0,No Event,-0.77,Medium,25.0,0.7565000000000001,0.0567133911682813,0.774,54.72,0,2021,12,4,49,0
2021-12-13,China,Asia,0.78,0.709,1.556,54.91,2.39,6.3715,1.15,50.5,50.1,28.6,0,No Event,0.04,Medium,25.0,0.7650000000000001,0.0585140657086129,0.81,56.89,0,2021,12,4,50,0
2021-12-20,China,Asia,0.797,0.715,1.619,55.96,4.14,6.5334,2.78,58.8,69.0,21.4,0,No Event,0.17,Medium,25.0,0.79025,0.0583569465388912,0.78,54.91,0,2021,12,4,51,0
2021-12-27,China,Asia,0.882,0.781,1.652,59.96,2.86,6.4503,2.87,61.8,53.8,28.4,0,No Event,-0.99,Medium,25.0,0.81725,0.0635447147405131,0.797,55.96,0,2021,12,4,52,0
2022-01-03,China,Asia,0.858,0.732,1.666,60.46,2.79,6.4409,2.54,45.9,62.2,28.3,0,No Event,-0.3,Medium,25.0,0.82925,0.06162274436511,0.882,59.96,0,2022,1,1,1,0
2022-01-10,China,Asia,0.844,0.774,1.986,59.74,2.51,6.6147,2.34,46.3,53.2,26.0,0,No Event,-0.06,Medium,25.0,0.84525,0.0625128847246759,0.858,60.46,0,2022,1,1,2,0
2022-01-17,China,Asia,0.891,0.79,1.898,61.83,2.49,6.3752,4.07,66.6,63.4,27.0,0,No Event,0.7,Medium,25.0,0.86875,0.0609274887481307,0.844,59.74,0,2022,1,1,3,0
2022-01-24,China,Asia,0.936,0.798,1.927,64.06,2.9,6.4491,3.24,60.8,53.3,21.1,0,No Event,0.44,Medium,25.0,0.88225,0.0598308338060487,0.891,61.83,0,2022,1,1,4,0
2022-01-31,China,Asia,0.898,0.802,1.919,62.34,2.93,6.5198,-0.49,60.1,52.5,21.8,0,No Event,0.29,Medium,25.0,0.89225,0.0612470370787211,0.936,64.06,0,2022,1,1,5,0
2022-02-07,China,Asia,0.938,0.811,2.216,65.56,1.93,6.5809,2.85,49.4,44.4,20.7,0,No Event,0.34,Medium,25.0,0.91575,0.058415626201341,0.898,62.34,0,2022,2,1,6,0
2022-02-14,China,Asia,1.033,0.887,2.455,71.14,3.27,6.6767,2.09,66.3,63.6,29.5,0,No Event,0.18,Medium,25.0,0.95125,0.0555471257367882,0.938,65.56,0,2022,2,1,7,0
2022-02-21,China,Asia,1.038,0.924,2.469,72.62,5.35,6.7643,0.18,45.3,54.8,34.6,1,Russia-Ukraine War,-0.24,Medium,25.0,0.97675,0.0503751334226594,1.033,71.14,0,2022,2,1,8,0
2022-02-28,China,Asia,1.111,0.944,2.027,75.16,2.56,6.4722,3.13,53.3,49.2,27.3,0,No Event,-0.58,Medium,25.0,1.03,0.0517129295434557,1.038,72.62,0,2022,2,1,9,0
2022-03-07,China,Asia,1.146,1.016,2.787,79.43,6.95,6.6653,1.65,62.8,50.3,35.7,1,Russia-Ukraine War,-0.66,Medium,25.0,1.082,0.0475059954556228,1.111,75.16,0,2022,3,1,10,0
2022-03-14,China,Asia,1.084,0.934,1.981,75.19,5.92,6.4192,3.41,58.3,59.9,59.0,1,Russia-Ukraine War,0.07,Medium,25.0,1.09475,0.0538471481727604,1.146,79.43,0,2022,3,1,11,0
2022-03-21,China,Asia,1.134,1.058,1.981,81.35,2.43,6.6313,1.09,48.1,49.4,28.2,0,No Event,0.23,Medium,25.0,1.11875,0.0482817760052721,1.084,75.19,0,2022,3,1,12,0
2022-03-28,China,Asia,1.158,1.013,2.631,80.22,5.07,6.6284,3.05,62.4,47.8,54.8,1,Russia-Ukraine War,0.14,Medium,25.0,1.1305,0.0457319978929066,1.134,81.35,0,2022,3,1,13,0
2022-04-04,China,Asia,1.177,1.1,2.102,84.65,9.68,6.5955,0.8,62.0,43.1,56.2,1,Russia-Ukraine War,-0.26,Medium,25.0,1.13825,0.0439022428618352,1.158,80.22,0,2022,4,2,14,0
2022-04-11,China,Asia,1.148,1.001,2.55,79.24,2.57,6.4813,1.81,42.9,36.2,29.1,0,No Event,-0.06,Medium,25.0,1.1542499999999998,0.045551644311236,1.177,84.65,0,2022,4,2,15,0
2022-04-18,China,Asia,1.216,1.061,2.67,82.82,2.78,6.6557,-0.3,51.8,55.9,27.3,0,No Event,0.57,Medium,25.0,1.17475,0.046109587092361,1.148,79.24,0,2022,4,2,16,0
2022-04-25,China,Asia,1.228,1.06,2.231,83.55,2.58,6.6253,1.04,54.2,48.9,22.9,0,No Event,0.61,Medium,25.0,1.19225,0.0418892125160406,1.216,82.82,0,2022,4,2,17,0
2022-05-02,China,Asia,1.158,1.036,1.977,81.57,3.01,6.576,0.51,57.4,56.2,24.7,0,No Event,0.03,Medium,25.0,1.1875,0.0478961302411092,1.228,83.55,0,2022,5,2,18,0
2022-05-09,China,Asia,1.183,1.064,2.229,83.66,2.6,6.4255,4.84,57.9,50.7,23.4,0,No Event,-0.35,Medium,25.0,1.19625,0.0403420244987518,1.158,81.57,0,2022,5,2,19,0
2022-05-16,China,Asia,1.273,1.088,2.878,86.64,2.38,6.4245,0.3,53.9,47.8,30.0,0,No Event,-0.61,Medium,25.0,1.2105,0.0442292067305017,1.183,83.66,0,2022,5,2,20,0
2022-05-23,China,Asia,1.233,1.194,3.14,89.79,2.57,6.5634,2.79,48.9,44.7,21.1,0,No Event,0.34,Medium,25.0,1.21175,0.0430321528384637,1.273,86.64,0,2022,5,2,21,0
2022-05-30,China,Asia,0.909,0.85,2.121,65.71,2.33,6.6138,2.25,60.1,60.9,22.7,0,No Event,0.23,Medium,25.0,1.1495,0.0888518220448787,1.233,89.79,0,2022,5,2,22,0
2022-06-06,China,Asia,0.963,0.849,1.899,65.88,2.7,6.6807,2.92,56.9,39.4,29.1,0,No Event,-0.55,Medium,25.0,1.0945,0.0903351471458912,0.909,65.71,0,2022,6,2,23,0
2022-06-13,China,Asia,0.903,0.821,2.118,63.03,2.42,6.5365,4.06,54.3,55.7,26.2,0,No Event,0.39,Medium,25.0,1.002,0.090124824263561,0.963,65.88,0,2022,6,2,24,0
2022-06-20,China,Asia,0.881,0.761,1.937,60.49,2.87,6.5407,5.67,46.5,57.2,23.2,0,No Event,-0.29,Medium,25.0,0.914,0.0894411667226649,0.903,63.03,0,2022,6,2,25,0
2022-06-27,China,Asia,0.774,0.699,1.5,54.59,2.94,6.4978,3.78,56.8,62.7,21.7,0,No Event,-0.55,Medium,25.0,0.88025,0.0933427734882828,0.881,60.49,0,2022,6,2,26,0
2022-07-04,China,Asia,0.822,0.712,1.544,55.53,4.05,6.4231,1.36,44.4,50.2,28.2,0,No Event,0.51,Medium,25.0,0.845,0.0970576091380637,0.774,54.59,0,2022,7,3,27,0
2022-07-11,China,Asia,0.788,0.687,1.617,53.62,2.34,6.4966,2.16,54.2,40.3,24.9,0,No Event,-0.04,Medium,25.0,0.81625,0.0936313698551622,0.822,55.53,0,2022,7,3,28,0
2022-07-18,China,Asia,0.799,0.729,1.613,57.61,2.06,6.5303,1.08,46.1,48.2,26.2,0,No Event,-0.19,Medium,25.0,0.79575,0.0938009038813519,0.788,53.62,0,2022,7,3,29,0
2022-07-25,China,Asia,0.787,0.719,1.788,55.85,10.53,6.5103,0.25,33.2,39.1,43.9,1,Russia-Ukraine War,-0.51,Medium,25.0,0.7989999999999999,0.0935105739794442,0.799,57.61,1,2022,7,3,30,0
2022-08-01,China,Asia,0.718,0.655,1.538,51.18,1.8,6.4197,1.43,49.5,44.4,28.9,0,No Event,0.07,Medium,25.0,0.7729999999999999,0.0936541496449528,0.787,55.85,0,2022,8,3,31,0
2022-08-08,China,Asia,0.685,0.599,1.5,47.27,2.33,6.4835,3.88,61.2,36.3,27.9,0,No Event,-0.0,Medium,25.0,0.74725,0.0867176675540014,0.718,51.18,0,2022,8,3,32,0
2022-08-15,China,Asia,0.723,0.681,1.5,52.37,6.63,6.4066,2.53,47.8,33.3,63.7,1,Russia-Ukraine War,0.09,Medium,25.0,0.7282500000000001,0.0915753651310151,0.685,47.27,0,2022,8,3,33,0
2022-08-22,China,Asia,0.7,0.675,1.677,50.6,2.64,6.3735,2.48,45.8,39.9,21.8,0,No Event,-0.05,Medium,25.0,0.7065,0.0586650032672502,0.723,52.37,0,2022,8,3,34,0
2022-08-29,China,Asia,0.726,0.667,1.5,51.57,2.67,6.3486,-0.07,50.8,45.9,27.6,0,No Event,-0.21,Medium,25.0,0.7084999999999999,0.0562296148880559,0.7,50.6,0,2022,8,3,35,0
2022-09-05,China,Asia,0.676,0.588,1.5,45.93,2.78,6.3846,1.8,57.2,37.1,20.4,0,No Event,-0.42,Medium,25.0,0.70625,0.0566898206897659,0.726,51.57,0,2022,9,3,36,0
2022-09-12,China,Asia,0.69,0.595,1.5,46.73,2.98,6.4466,3.96,35.9,41.6,27.8,0,No Event,0.01,Medium,25.0,0.698,0.058020240004217,0.676,45.93,1,2022,9,3,37,0
2022-09-19,China,Asia,0.677,0.573,1.5,46.34,4.02,6.4278,0.86,42.0,56.6,30.0,0,No Event,0.47,Medium,25.0,0.69225,0.0482114147352099,0.69,46.73,0,2022,9,3,38,0
2022-09-26,China,Asia,0.694,0.608,1.5,48.4,1.5,6.4263,1.84,46.1,45.6,29.9,0,No Event,0.25,Medium,25.0,0.68425,0.0442095433711633,0.677,46.34,0,2022,9,3,39,0
2022-10-03,China,Asia,0.672,0.596,1.5,46.52,3.15,6.372,4.35,32.4,61.4,28.8,0,No Event,1.11,Medium,25.0,0.68325,0.0437333329560209,0.694,48.4,1,2022,10,4,40,0
2022-10-10,China,Asia,0.68,0.636,1.721,49.34,4.03,6.4112,2.49,42.3,65.3,38.8,1,Russia-Ukraine War,-0.44,Medium,25.0,0.68075,0.0436251101973319,0.672,46.52,0,2022,10,4,41,0
2022-10-17,China,Asia,0.69,0.61,1.5,47.51,3.09,6.396,3.85,53.5,56.0,27.3,0,No Event,0.29,Medium,25.0,0.6839999999999999,0.0443052782766607,0.68,49.34,0,2022,10,4,42,0
2022-10-24,China,Asia,0.702,0.625,1.671,49.2,2.92,6.3749,2.62,32.9,38.6,23.1,0,No Event,0.78,Medium,25.0,0.6859999999999999,0.037399839216065,0.69,47.51,1,2022,10,4,43,0
2022-10-31,China,Asia,0.699,0.666,1.5,51.26,2.81,6.3941,1.89,45.1,67.9,25.2,0,No Event,0.11,Medium,25.0,0.69275,0.0347061659856064,0.702,49.2,0,2022,10,4,44,0
2022-11-07,China,Asia,0.756,0.67,1.5,52.24,7.71,6.4601,0.51,36.6,60.5,58.2,1,Russia-Ukraine War,-0.01,Medium,25.0,0.71175,0.038903340599153,0.699,51.26,1,2022,11,4,45,0
2022-11-14,China,Asia,0.761,0.67,1.647,52.58,8.46,6.322,0.66,57.0,50.3,58.7,1,Russia-Ukraine War,0.05,Medium,25.0,0.7295,0.0371940295270413,0.756,52.24,0,2022,11,4,46,0
2022-11-21,China,Asia,0.759,0.686,1.5,51.96,3.14,6.4185,3.91,59.6,50.7,28.8,0,No Event,-0.16,Medium,25.0,0.74375,0.0360794140810627,0.761,52.58,0,2022,11,4,47,0
2022-11-28,China,Asia,0.722,0.636,1.5,50.24,3.57,6.3461,3.24,38.4,62.8,22.1,0,No Event,0.18,Medium,25.0,0.7494999999999999,0.0326763686299451,0.759,51.96,1,2022,11,4,48,0
2022-12-05,China,Asia,0.79,0.723,1.556,57.07,5.97,6.4263,0.85,43.1,49.3,53.7,1,Russia-Ukraine War,-0.26,Medium,25.0,0.758,0.0414045768538974,0.722,50.24,0,2022,12,4,49,0
2022-12-12,China,Asia,0.794,0.754,1.759,56.55,6.05,6.5093,1.75,44.6,57.6,61.0,1,Russia-Ukraine War,-0.77,Medium,25.0,0.76625,0.0403417844120115,0.79,57.07,0,2022,12,4,50,0
2022-12-19,China,Asia,0.782,0.731,1.744,54.65,4.12,6.4937,1.8,48.5,49.7,49.3,1,Russia-Ukraine War,0.15,Medium,25.0,0.772,0.0410090760223295,0.794,56.55,0,2022,12,4,51,0
2022-12-26,China,Asia,0.919,0.838,1.743,63.01,2.35,6.438,-1.12,40.8,45.8,20.8,0,No Event,0.23,Medium,25.0,0.82125,0.0604326815037296,0.782,54.65,0,2022,12,4,52,0
2023-01-02,China,Asia,0.86,0.769,1.572,59.84,3.29,6.4625,-0.42,49.2,60.1,20.7,0,No Event,0.24,Medium,25.0,0.8387500000000001,0.0660098272524237,0.919,63.01,0,2023,1,1,1,0
2023-01-09,China,Asia,0.937,0.821,2.19,64.43,1.72,6.5058,5.51,54.9,46.0,30.0,0,No Event,-0.48,Medium,25.0,0.8745,0.0687714660942248,0.86,59.84,0,2023,1,1,2,0
2023-01-16,China,Asia,0.871,0.765,1.68,60.41,4.02,6.6239,2.74,60.0,50.8,29.4,0,No Event,0.03,Medium,25.0,0.89675,0.0744300504385301,0.937,64.43,0,2023,1,1,3,0
2023-01-23,China,Asia,0.985,0.829,1.957,67.05,2.83,6.3476,1.25,51.7,44.9,26.7,0,No Event,0.48,Medium,25.0,0.91325,0.080323388267716,0.871,60.41,0,2023,1,1,4,0
2023-01-30,China,Asia,0.955,0.883,2.245,69.65,2.17,6.5654,3.26,51.4,45.6,24.9,0,No Event,0.15,Medium,25.0,0.937,0.0805276159857683,0.985,67.05,0,2023,1,1,5,0
2023-02-06,China,Asia,0.911,0.84,2.177,64.97,2.09,6.5566,-0.7,66.4,46.2,27.2,0,No Event,0.06,Medium,25.0,0.9305,0.0828740906817899,0.955,69.65,0,2023,2,1,6,0
2023-02-13,China,Asia,0.996,0.878,1.987,67.96,3.54,6.5038,5.15,57.6,46.4,22.7,0,No Event,0.21,Medium,25.0,0.96175,0.0852847417656924,0.911,64.97,0,2023,2,1,7,0
2023-02-20,China,Asia,1.001,0.846,2.056,68.18,2.38,6.6403,0.95,39.7,58.7,27.5,0,No Event,0.27,Medium,25.0,0.96575,0.0823573927063532,0.996,67.96,1,2023,2,1,8,0
2023-02-27,China,Asia,1.002,0.914,2.158,70.08,3.4,6.5036,0.47,52.7,56.9,20.0,0,No Event,0.42,Medium,25.0,0.9775,0.0801789584608736,1.001,68.18,0,2023,2,1,9,0
2023-03-06,China,Asia,0.892,0.796,1.576,63.42,3.45,6.6313,0.5,50.2,57.3,25.0,0,No Event,-0.2,Medium,25.0,0.97275,0.0888724464751951,1.002,70.08,0,2023,3,1,10,0
2023-03-13,China,Asia,0.976,0.854,2.065,69.37,3.34,6.5672,-0.41,65.4,40.8,28.9,0,No Event,0.51,Medium,25.0,0.96775,0.0912699018616136,0.892,63.42,0,2023,3,1,11,0
2023-03-20,China,Asia,1.034,0.913,2.276,70.78,2.28,6.4672,1.63,50.5,59.9,22.0,0,No Event,0.59,Medium,25.0,0.976,0.0789294935170175,0.976,69.37,0,2023,3,1,12,0
2023-03-27,China,Asia,0.866,0.816,1.603,63.9,3.65,6.555,1.14,50.7,46.0,22.8,0,No Event,0.6,Medium,25.0,0.942,0.0916993307819579,1.034,70.78,0,2023,3,1,13,0
2023-04-03,China,Asia,0.956,0.844,1.813,65.09,2.45,6.5132,0.81,66.3,54.7,26.7,0,No Event,-0.93,Medium,25.0,0.958,0.0929973231073645,0.866,63.9,0,2023,4,2,14,0
2023-04-10,China,Asia,0.868,0.776,1.915,62.25,2.97,6.6351,0.68,57.8,42.8,22.3,0,No Event,0.19,Medium,25.0,0.931,0.0947979447207673,0.956,65.09,0,2023,4,2,15,0
2023-04-17,China,Asia,0.982,0.918,1.801,69.57,3.89,6.4454,2.49,44.7,40.2,22.6,0,No Event,0.44,Medium,25.0,0.918,0.0948531018187639,0.868,62.25,0,2023,4,2,16,0
2023-04-24,China,Asia,0.999,0.909,2.036,71.98,1.7,6.5145,-0.55,47.9,43.3,28.9,0,No Event,0.06,Medium,25.0,0.95125,0.0942786979376003,0.982,69.57,0,2023,4,2,17,0
2023-05-01,China,Asia,0.943,0.887,2.077,68.47,3.66,6.6276,4.72,67.1,53.0,29.6,0,No Event,0.3,Medium,25.0,0.948,0.0948408618798521,0.999,71.98,0,2023,5,2,18,0
2023-05-08,China,Asia,0.933,0.821,1.98,65.64,3.08,6.6373,1.2,64.3,48.2,23.3,0,No Event,0.51,Medium,25.0,0.96425,0.0909165703379773,0.943,68.47,0,2023,5,2,19,0
2023-05-15,China,Asia,0.946,0.876,1.943,68.57,3.28,6.4831,1.81,57.8,36.4,25.7,0,No Event,0.02,Medium,25.0,0.95525,0.0910116211498912,0.933,65.64,0,2023,5,2,20,0
2023-05-22,China,Asia,0.91,0.823,1.723,63.08,2.99,6.5132,2.9,45.3,47.5,20.3,0,No Event,-0.2,Medium,25.0,0.933,0.0916367065717939,0.946,68.57,0,2023,5,2,21,0
2023-05-29,China,Asia,0.883,0.779,1.981,60.03,2.46,6.5332,-0.66,53.8,51.1,20.5,0,No Event,-0.5,Medium,25.0,0.918,0.0859794162562359,0.91,63.08,0,2023,5,2,22,0
2023-06-05,China,Asia,0.935,0.809,2.249,64.01,2.53,6.4534,1.48,61.2,47.8,23.5,0,No Event,-0.89,Medium,25.0,0.9185,0.0831191548843687,0.883,60.03,0,2023,6,2,23,0
2023-06-12,China,Asia,0.869,0.792,1.772,62.5,2.88,6.5834,2.0,57.9,37.6,20.3,0,No Event,0.14,Medium,25.0,0.89925,0.0830939936153818,0.935,64.01,0,2023,6,2,24,0
2023-06-19,China,Asia,0.91,0.801,2.215,62.52,3.16,6.4545,1.12,54.2,41.4,22.6,0,No Event,-0.6,Medium,25.0,0.89925,0.0692828635370301,0.869,62.5,0,2023,6,2,25,0
2023-06-26,China,Asia,0.768,0.69,1.847,53.99,3.04,6.5095,2.78,42.4,50.3,23.2,0,No Event,-0.36,Medium,25.0,0.8705,0.0762722116757508,0.91,62.52,0,2023,6,2,26,0
2023-07-03,China,Asia,0.799,0.706,1.534,56.13,2.1,6.5281,-1.24,42.0,46.6,30.0,0,No Event,-0.25,Medium,25.0,0.8365,0.0737050443315235,0.768,53.99,0,2023,7,3,27,0
2023-07-10,China,Asia,0.767,0.674,1.5,52.59,3.8,6.6011,2.82,42.1,47.3,25.0,0,No Event,-0.63,Medium,25.0,0.811,0.0604365703531344,0.799,56.13,0,2023,7,3,28,0
2023-07-17,China,Asia,0.787,0.733,1.5,55.56,2.77,6.4287,2.27,56.2,47.2,28.4,0,No Event,0.38,Medium,25.0,0.78025,0.0609608741341309,0.767,52.59,0,2023,7,3,29,0
2023-07-24,China,Asia,0.766,0.701,1.58,54.38,3.83,6.4562,2.97,47.0,38.4,30.0,0,No Event,-0.58,Medium,25.0,0.7797499999999999,0.0598688095934381,0.787,55.56,0,2023,7,3,30,0
2023-07-31,China,Asia,0.708,0.667,1.833,51.46,2.7,6.5678,0.94,46.0,36.8,29.9,0,No Event,0.4,Medium,25.0,0.757,0.0622926189764203,0.766,54.38,0,2023,7,3,31,0
2023-08-07,China,Asia,0.702,0.62,1.5,49.48,2.23,6.4841,4.24,42.2,42.9,28.9,0,No Event,-0.09,Medium,25.0,0.74075,0.0614853061906025,0.708,51.46,0,2023,8,3,32,0
2023-08-14,China,Asia,0.676,0.624,1.685,47.95,2.48,6.4137,1.39,55.6,40.0,23.5,0,No Event,-0.04,Medium,25.0,0.7130000000000001,0.0614629408805579,0.702,49.48,0,2023,8,3,33,0
2023-08-21,China,Asia,0.727,0.666,1.5,51.44,2.62,6.4344,2.36,54.0,40.8,25.7,0,No Event,-1.23,Medium,25.0,0.70325,0.0675588566407254,0.676,47.95,0,2023,8,3,34,0
2023-08-28,China,Asia,0.784,0.687,1.504,53.57,3.03,6.3541,1.59,29.2,41.9,28.4,0,No Event,0.49,Medium,25.0,0.72225,0.0696717206612595,0.727,51.44,1,2023,8,3,35,0
2023-09-04,China,Asia,0.682,0.605,1.517,46.17,3.13,6.4048,1.21,47.6,51.4,25.6,0,No Event,0.23,Medium,25.0,0.7172499999999999,0.0760292869701478,0.784,53.57,0,2023,9,3,36,0
2023-09-11,China,Asia,0.697,0.667,1.855,51.69,3.24,6.3625,2.12,38.4,56.0,21.3,0,No Event,-0.47,Medium,25.0,0.7224999999999999,0.0744204365911393,0.682,46.17,1,2023,9,3,37,0
2023-09-18,China,Asia,0.717,0.653,1.525,50.76,3.53,6.436,2.37,41.7,48.6,21.0,0,No Event,0.23,Medium,25.0,0.72,0.061562923430014,0.697,51.69,0,2023,9,3,38,0
2023-09-25,China,Asia,0.734,0.658,1.503,50.96,1.96,6.4676,4.83,58.8,46.0,27.5,0,No Event,0.3,Medium,25.0,0.7075,0.060654735927693,0.717,50.76,0,2023,9,3,39,0
2023-10-02,China,Asia,0.757,0.678,1.747,53.69,7.94,6.413,2.93,40.1,48.8,58.5,1,Middle East Crisis,-0.27,Medium,25.0,0.72625,0.060438234916447,0.734,50.96,0,2023,10,4,40,0
2023-10-09,China,Asia,0.774,0.683,1.652,54.49,5.63,6.6683,1.01,51.9,51.7,57.7,1,Middle East Crisis,0.71,Medium,25.0,0.7455,0.0603086623760398,0.757,53.69,0,2023,10,4,41,0
2023-10-16,China,Asia,0.788,0.701,1.5,55.41,6.59,6.7701,0.14,52.3,48.2,44.2,1,Middle East Crisis,-0.14,Medium,25.0,0.76325,0.0598684725241312,0.774,54.49,0,2023,10,4,42,0
2023-10-23,China,Asia,0.814,0.721,1.828,58.24,7.74,7.106,1.57,57.8,46.7,49.2,1,Middle East Crisis,-0.45,Medium,25.0,0.78325,0.0547000392878021,0.788,55.41,0,2023,10,4,43,0
2023-10-30,China,Asia,0.906,0.801,1.716,62.03,5.27,7.1275,2.89,32.3,58.4,47.4,1,Middle East Crisis,0.21,Medium,25.0,0.8205,0.0611968855943799,0.814,58.24,1,2023,10,4,44,0
2023-11-06,China,Asia,0.938,0.851,2.226,64.76,3.46,7.4189,0.14,60.6,61.5,51.6,1,Middle East Crisis,-0.53,Medium,25.0,0.8614999999999999,0.0582084457426145,0.906,62.03,0,2023,11,4,45,0
2023-11-13,China,Asia,0.949,0.876,1.702,67.35,8.88,7.6159,3.01,46.4,48.2,47.0,1,Middle East Crisis,0.09,Medium,25.0,0.90175,0.056495506872543,0.938,64.76,0,2023,11,4,46,0
2023-11-20,China,Asia,0.958,0.839,1.969,68.21,6.74,7.9944,-0.16,41.9,67.5,59.5,1,Middle East Crisis,-0.32,Medium,25.0,0.93775,0.0539023817974392,0.949,67.35,0,2023,11,4,47,0
2023-11-27,China,Asia,0.982,0.887,2.257,69.72,6.73,8.2531,5.03,42.7,57.7,39.0,1,Middle East Crisis,-0.03,Medium,25.0,0.95675,0.0269665360252935,0.958,68.21,0,2023,11,4,48,0
2023-12-04,China,Asia,0.988,0.955,2.13,73.02,7.89,8.3678,-1.03,39.8,68.7,52.4,1,Middle East Crisis,0.72,Medium,25.0,0.96925,0.0278330901202212,0.982,69.72,1,2023,12,4,49,0
2023-12-11,China,Asia,1.099,1.01,2.599,77.7,7.7,8.9044,0.94,50.8,54.2,39.4,1,Middle East Crisis,0.24,Medium,25.0,1.00675,0.0366132208654504,0.988,73.02,0,2023,12,4,50,0
2023-12-18,China,Asia,1.117,0.995,2.61,78.94,4.51,9.3751,0.63,63.7,53.0,42.2,1,Middle East Crisis,-0.17,Medium,25.0,1.0465,0.0369115319636835,1.099,77.7,0,2023,12,4,51,0
2023-12-25,China,Asia,1.184,1.036,2.564,81.74,8.02,9.6382,4.22,43.1,50.1,40.3,1,Middle East Crisis,-0.11,Medium,25.0,1.097,0.0374906100226194,1.117,78.94,0,2023,12,4,52,0
2024-01-01,China,Asia,1.178,1.069,2.165,83.1,8.84,9.7792,1.4,55.3,57.7,51.9,1,Middle East Crisis,-0.04,Medium,25.0,1.1445,0.0393620131963794,1.184,81.74,0,2024,1,1,1,0
2024-01-08,China,Asia,0.853,0.752,1.972,59.51,6.52,10.2247,2.16,44.4,53.5,40.8,1,Middle East Crisis,-0.35,Medium,25.0,1.083,0.0986107764200391,1.178,83.1,0,2024,1,1,2,0
2024-01-15,China,Asia,0.853,0.742,2.018,59.57,6.67,10.4514,2.28,45.1,71.2,56.9,1,Middle East Crisis,-0.63,Medium,25.0,1.017,0.0984255419347851,0.853,59.51,0,2024,1,1,3,0
2024-01-22,China,Asia,0.845,0.803,1.827,60.85,5.56,10.7051,-0.33,50.6,54.3,32.2,1,Middle East Crisis,-0.98,Medium,25.0,0.93225,0.0928545421790332,0.853,59.57,0,2024,1,1,4,0
2024-01-29,China,Asia,0.959,0.88,1.885,68.39,8.56,11.1716,3.16,64.0,46.5,44.1,1,Middle East Crisis,-0.38,Medium,25.0,0.8775000000000001,0.1005439482408421,0.845,60.85,0,2024,1,1,5,0
2024-02-05,China,Asia,0.993,0.889,1.857,71.14,4.69,11.5489,2.95,53.2,59.2,44.0,1,Middle East Crisis,0.3,Medium,25.0,0.9125,0.1008751453037965,0.959,68.39,0,2024,2,1,6,0
2024-02-12,China,Asia,0.935,0.847,2.32,64.83,6.23,12.0023,3.79,60.3,54.5,39.6,1,Middle East Crisis,-0.08,Medium,25.0,0.933,0.102739293022426,0.993,71.14,0,2024,2,1,7,0
2024-02-19,China,Asia,0.965,0.893,1.836,67.8,5.34,12.6644,2.45,50.4,63.0,54.6,1,Middle East Crisis,-0.12,Medium,25.0,0.963,0.1028936340427555,0.935,64.83,0,2024,2,1,8,0
2024-02-26,China,Asia,0.964,0.868,2.265,68.13,4.4,13.0413,2.37,57.1,48.5,59.8,1,Middle East Crisis,-0.11,Medium,25.0,0.96425,0.1029012669149839,0.965,67.8,0,2024,2,1,9,0
2024-03-04,China,Asia,1.061,0.966,2.33,76.19,7.63,13.902,-0.88,49.9,52.2,40.3,1,Middle East Crisis,-0.25,Medium,25.0,0.98125,0.1018231701297657,0.964,68.13,0,2024,3,1,10,0
2024-03-11,China,Asia,1.028,0.895,2.391,70.71,6.54,13.8607,2.5,53.6,36.2,37.8,1,Middle East Crisis,-0.98,Medium,25.0,1.0045,0.1021555994239521,1.061,76.19,0,2024,3,1,11,0
2024-03-18,China,Asia,0.97,0.861,2.049,67.75,5.51,14.2883,1.63,51.7,40.6,56.0,1,Middle East Crisis,0.11,Medium,25.0,1.00575,0.1013113015401042,1.028,70.71,0,2024,3,1,12,0
2024-03-25,China,Asia,0.979,0.898,1.957,68.55,3.08,14.3466,0.77,55.7,44.2,48.5,1,Middle East Crisis,1.17,Medium,25.0,1.0095,0.1014745754357437,0.97,67.75,0,2024,3,1,13,0
2024-04-01,China,Asia,0.958,0.848,2.345,66.66,7.35,15.3396,2.98,67.5,32.8,39.0,1,Middle East Crisis,-0.78,Medium,25.0,0.98375,0.0582323589173943,0.979,68.55,0,2024,4,2,14,0
2024-04-08,China,Asia,0.987,0.869,2.502,69.84,5.29,15.8225,-0.81,42.3,40.7,45.6,1,Middle East Crisis,-0.62,Medium,25.0,0.9735,0.0583580035364693,0.958,66.66,0,2024,4,2,15,0
2024-04-15,China,Asia,0.958,0.85,2.059,67.44,4.69,16.092,0.01,60.1,50.4,48.6,1,Middle East Crisis,0.25,Medium,25.0,0.9705,0.0593554218015005,0.987,69.84,0,2024,4,2,16,0
2024-04-22,China,Asia,0.977,0.87,1.882,67.77,5.76,16.3247,2.55,60.1,50.6,52.5,1,Middle East Crisis,-0.5,Medium,25.0,0.97,0.0453472378359198,0.958,67.44,0,2024,4,2,17,0
2024-04-29,China,Asia,0.9,0.836,2.184,64.77,6.98,17.0029,0.48,53.5,33.6,53.5,1,Middle East Crisis,0.05,Medium,25.0,0.9555,0.0495919357742922,0.977,67.77,0,2024,4,2,18,0
2024-05-06,China,Asia,0.96,0.824,1.67,64.98,4.3,17.4527,0.42,72.3,40.8,47.2,1,Middle East Crisis,-0.28,Medium,25.0,0.94875,0.05094034179691,0.9,64.77,0,2024,5,2,19,0
2024-05-13,China,Asia,1.02,0.889,2.434,69.19,7.5,18.401,-1.86,41.3,40.3,54.5,1,Middle East Crisis,0.77,Medium,25.0,0.96425,0.053204764551794,0.96,64.98,0,2024,5,2,20,0
2024-05-20,China,Asia,0.965,0.876,1.938,67.78,6.85,18.3282,2.59,69.2,43.3,50.1,1,Middle East Crisis,0.31,Medium,25.0,0.96125,0.0559521952311621,1.02,69.19,0,2024,5,2,21,0
2024-05-27,China,Asia,0.947,0.826,2.115,65.43,6.17,19.1274,-1.13,53.4,42.0,44.9,1,Middle East Crisis,-0.11,Medium,25.0,0.973,0.046548215281673,0.965,67.78,0,2024,5,2,22,0
2024-06-03,China,Asia,0.891,0.804,1.958,62.69,5.27,19.9514,3.41,53.4,49.5,38.6,1,Middle East Crisis,-0.14,Medium,25.0,0.95575,0.0484536508017333,0.947,65.43,0,2024,6,2,23,0
2024-06-10,China,Asia,0.856,0.764,1.602,60.75,6.22,20.4325,0.91,63.7,44.7,63.7,1,Middle East Crisis,-0.53,Medium,25.0,0.91475,0.0472226552187153,0.891,62.69,0,2024,6,2,24,0
2024-06-17,China,Asia,0.833,0.736,1.618,58.35,5.14,20.9563,1.0,39.1,43.1,40.5,1,Middle East Crisis,-0.1,Medium,25.0,0.8817499999999999,0.0470796969917841,0.856,60.75,1,2024,6,2,25,0
2024-06-24,China,Asia,0.87,0.773,1.561,61.24,4.31,21.3863,3.33,55.4,57.8,43.8,1,Middle East Crisis,-0.17,Medium,25.0,0.8625,0.0496899961826123,0.833,58.35,0,2024,6,2,26,0
2024-07-01,China,Asia,0.87,0.784,1.828,60.52,5.85,21.8552,-0.82,51.4,47.5,52.4,1,Middle East Crisis,0.56,Medium,25.0,0.8572500000000001,0.0483846147822532,0.87,61.24,0,2024,7,3,27,0
2024-07-08,China,Asia,0.81,0.718,2.034,57.58,9.09,22.5028,2.03,51.4,59.4,41.0,1,Middle East Crisis,0.33,Medium,25.0,0.84575,0.0511424558165785,0.87,60.52,0,2024,7,3,28,0
2024-07-15,China,Asia,0.783,0.731,1.503,55.87,6.1,22.8107,1.96,48.5,45.6,37.7,1,Middle East Crisis,-1.32,Medium,25.0,0.83325,0.0503663276425657,0.81,57.58,0,2024,7,3,29,0
2024-07-22,China,Asia,0.77,0.686,1.741,52.71,5.27,22.8028,2.62,56.2,52.7,43.3,1,Middle East Crisis,0.47,Medium,25.0,0.80825,0.0464911089414116,0.783,55.87,0,2024,7,3,30,0
2024-07-29,China,Asia,0.75,0.659,1.5,52.48,6.87,23.7997,0.16,40.6,49.7,49.7,1,Middle East Crisis,0.64,Medium,25.0,0.77825,0.0394046673538134,0.77,52.71,0,2024,7,3,31,0
2024-08-05,China,Asia,0.794,0.731,1.758,55.92,4.93,23.7033,3.7,39.7,50.3,44.4,1,Middle East Crisis,-0.01,Medium,25.0,0.77425,0.0386871461898375,0.75,52.48,1,2024,8,3,32,0
2024-08-12,China,Asia,0.83,0.746,1.732,58.21,4.02,24.124,2.2,53.9,44.2,58.3,1,Middle East Crisis,0.96,Medium,25.0,0.786,0.0412921359607261,0.794,55.92,0,2024,8,3,33,0
2024-08-19,China,Asia,0.675,0.63,1.5,48.41,4.55,24.7089,5.91,52.2,34.8,54.2,1,Middle East Crisis,0.29,Medium,25.0,0.76225,0.0653620839261287,0.83,58.21,0,2024,8,3,34,0
2024-08-26,China,Asia,0.731,0.671,1.643,52.84,4.47,26.5209,4.23,41.9,57.2,53.4,1,Middle East Crisis,0.12,Medium,25.0,0.7575000000000001,0.071352747413133,0.675,48.41,0,2024,8,3,35,0
2024-09-02,China,Asia,0.706,0.645,1.602,49.65,8.6,26.9521,1.68,49.4,52.0,40.2,1,Middle East Crisis,-0.12,Medium,25.0,0.7355,0.0712031059742424,0.731,52.84,0,2024,9,3,36,0
2024-09-09,China,Asia,0.696,0.62,1.5,49.29,7.59,27.6556,1.95,36.0,50.1,48.2,1,Middle East Crisis,0.33,Medium,25.0,0.702,0.0710796528647608,0.706,49.65,1,2024,9,3,37,0
2024-09-16,China,Asia,0.712,0.633,1.5,48.88,6.83,28.0127,-1.73,41.5,44.0,45.6,1,Middle East Crisis,0.57,Medium,25.0,0.7112499999999999,0.0697801902265379,0.696,49.29,0,2024,9,3,38,0
2024-09-23,China,Asia,0.687,0.631,1.5,48.22,7.01,27.7688,3.01,52.8,52.7,50.8,1,Middle East Crisis,-0.17,Medium,25.0,0.70025,0.0698681520065803,0.712,48.88,0,2024,9,3,39,0
2024-09-30,China,Asia,0.731,0.631,1.5,49.89,6.32,29.2096,-0.94,38.8,64.7,51.9,1,Middle East Crisis,1.47,Medium,25.0,0.7064999999999999,0.0714246065826779,0.687,48.22,1,2024,9,3,40,0
2024-10-07,China,Asia,0.68,0.612,1.607,47.95,2.89,29.1597,2.88,53.0,56.5,20.4,0,No Event,-0.04,Medium,25.0,0.7025,0.0734376617738908,0.731,49.89,0,2024,10,4,41,0
2024-10-14,China,Asia,0.721,0.668,1.5,50.38,2.9,29.228,1.31,39.4,55.4,22.2,0,No Event,0.22,Medium,25.0,0.70475,0.0760276962224588,0.68,47.95,1,2024,10,4,42,0
2024-10-21,China,Asia,0.748,0.682,1.5,52.34,2.34,29.1184,2.86,51.4,44.4,29.9,0,No Event,-0.31,Medium,25.0,0.72,0.0764612452371333,0.721,50.38,0,2024,10,4,43,0
2024-10-28,China,Asia,0.683,0.623,1.625,49.17,3.41,29.3858,0.86,51.8,41.4,27.9,0,No Event,-0.46,Medium,25.0,0.7080000000000001,0.0782906929367147,0.748,52.34,0,2024,10,4,44,0
2024-11-04,China,Asia,0.723,0.654,1.5,50.78,2.57,29.762,0.24,60.7,52.7,23.1,0,No Event,-0.46,Medium,25.0,0.71875,0.0792201744170826,0.683,49.17,0,2024,11,4,45,0
2024-11-11,China,Asia,0.78,0.696,1.5,53.91,2.51,28.8606,2.26,34.6,61.5,29.6,0,No Event,-0.57,Medium,25.0,0.7335,0.0595051760152767,0.723,50.78,1,2024,11,4,46,0
2024-11-18,China,Asia,0.781,0.725,1.762,55.13,3.57,29.1809,4.46,49.4,50.9,29.4,0,No Event,0.32,Medium,25.0,0.74175,0.0553982091248658,0.78,53.91,0,2024,11,4,47,0
2024-11-25,China,Asia,0.843,0.772,1.704,58.35,3.01,29.0454,-0.33,53.6,51.3,22.0,0,No Event,0.4,Medium,25.0,0.78175,0.0573969758356698,0.781,55.13,0,2024,11,4,48,0
2024-12-02,China,Asia,0.764,0.681,1.5,53.3,3.53,28.6369,0.0,45.7,54.2,23.6,0,No Event,0.09,Medium,25.0,0.792,0.0652988153347653,0.843,58.35,0,2024,12,4,49,0
2024-12-09,China,Asia,0.786,0.729,1.652,56.67,3.85,28.3874,0.13,51.7,58.2,24.3,0,No Event,-0.85,Medium,25.0,0.7935,0.0654270011265875,0.764,53.3,0,2024,12,4,50,0
2024-12-16,China,Asia,0.836,0.746,1.677,58.95,3.72,29.4646,3.14,61.6,47.2,26.2,0,No Event,-1.06,Medium,25.0,0.80725,0.0654096034894845,0.786,56.67,0,2024,12,4,51,0
2024-12-23,China,Asia,0.808,0.727,1.935,56.39,2.78,29.3618,0.78,50.4,52.4,20.6,0,No Event,0.72,Medium,25.0,0.7985,0.0652942437706207,0.836,58.95,0,2024,12,4,52,0
2024-12-30,China,Asia,0.901,0.801,1.619,63.6,3.42,29.641,-0.89,58.3,59.2,22.8,0,No Event,0.06,Medium,25.0,0.83275,0.0664678133174749,0.808,56.39,0,2024,12,4,1,0
2025-01-06,China,Asia,0.92,0.813,1.974,63.09,2.42,29.1877,2.93,51.0,53.1,28.8,0,No Event,-0.95,Medium,25.0,0.86625,0.0655739933637627,0.901,63.6,0,2025,1,1,2,0
2025-01-13,China,Asia,0.974,0.854,1.869,66.73,2.8,29.8828,3.36,68.4,65.2,22.5,0,No Event,-0.67,Medium,25.0,0.90075,0.0662971677165002,0.92,63.09,0,2025,1,1,3,0
2025-01-20,China,Asia,0.9,0.805,2.236,64.6,3.25,29.1262,0.4,51.4,56.1,23.4,0,No Event,0.59,Medium,25.0,0.92375,0.0646875028330202,0.974,66.73,0,2025,1,1,4,0
2025-01-27,China,Asia,0.911,0.801,1.873,63.52,2.8,29.9033,2.17,55.9,65.1,20.4,0,No Event,-0.05,Medium,25.0,0.92625,0.063891761541591,0.9,64.6,0,2025,1,1,5,0
2025-02-03,China,Asia,0.918,0.827,2.195,65.11,2.43,29.2946,1.23,50.0,38.3,29.8,0,No Event,-0.07,Medium,25.0,0.92575,0.0613183936440884,0.911,63.52,0,2025,2,1,6,0
2025-02-10,China,Asia,0.97,0.838,1.862,66.77,2.37,29.1964,1.55,42.8,38.1,29.2,0,No Event,-0.03,Medium,25.0,0.92475,0.0622362616344569,0.918,65.11,0,2025,2,1,7,0
2025-02-17,China,Asia,0.982,0.907,2.266,70.09,3.07,29.7693,1.62,52.5,69.5,21.7,0,No Event,0.14,Medium,25.0,0.94525,0.0593638446873061,0.97,66.77,0,2025,2,1,8,0
2025-02-24,China,Asia,1.005,0.877,1.82,68.83,3.1,29.9748,1.89,55.3,62.5,26.5,0,No Event,1.43,Medium,25.0,0.96875,0.0486264040958648,0.982,70.09,0,2025,2,1,9,0
2025-03-03,China,Asia,1.028,0.888,2.091,72.36,2.98,29.5019,1.53,61.8,58.0,28.1,0,No Event,0.06,Medium,25.0,0.99625,0.0486053351298552,1.005,68.83,0,2025,3,1,10,0
2025-03-10,China,Asia,0.964,0.859,2.402,66.96,2.26,29.9314,3.28,42.9,43.2,25.9,0,No Event,-0.22,Medium,25.0,0.99475,0.0526217136294496,1.028,72.36,0,2025,3,1,11,0
2025-03-17,China,Asia,1.032,0.91,1.873,71.6,3.55,29.4027,2.05,47.8,52.3,27.3,0,No Event,0.04,Medium,25.0,1.00725,0.0527992952040486,0.964,66.96,0,2025,3,1,12,0
2025-03-24,China,Asia,0.948,0.87,1.887,68.21,3.36,29.8786,3.05,51.6,55.9,21.2,0,No Event,-0.14,Medium,25.0,0.993,0.0517154012849739,1.032,71.6,0,2025,3,1,13,0
2025-03-31,China,Asia,0.999,0.893,1.694,68.96,2.9,29.3596,-2.15,44.0,46.9,27.2,0,No Event,-0.5,Medium,25.0,0.98575,0.0534451549580824,0.948,68.21,0,2025,3,1,14,0
2025-04-07,China,Asia,1.024,0.935,2.48,71.25,3.56,29.6181,3.65,61.0,39.1,28.0,0,No Event,-0.25,Medium,25.0,1.00075,0.0513989209894492,0.999,68.96,0,2025,4,2,15,0
2025-04-14,China,Asia,0.962,0.876,2.162,68.6,3.58,30.0841,1.22,63.7,38.0,26.4,0,No Event,-0.41,Medium,25.0,0.98325,0.0493292497995891,1.024,71.25,0,2025,4,2,16,0
2025-04-21,China,Asia,0.964,0.863,1.886,69.84,2.71,29.4786,2.8,49.6,53.3,24.9,0,No Event,0.44,Medium,25.0,0.98725,0.0493129112700784,0.962,68.6,0,2025,4,2,17,0
2025-04-28,China,Asia,1.005,0.91,2.204,71.83,3.53,29.4408,1.31,52.3,58.8,24.6,0,No Event,-0.61,Medium,25.0,0.98875,0.0504435404761305,0.964,69.84,0,2025,4,2,18,0
2025-05-05,China,Asia,0.911,0.815,2.173,64.51,3.12,29.5778,2.67,45.0,58.7,28.3,0,No Event,-0.52,Medium,25.0,0.9605,0.0558250431694547,1.005,71.83,0,2025,5,2,19,0
2025-05-12,China,Asia,0.976,0.872,2.038,68.76,2.87,29.9848,1.71,56.0,27.8,23.4,0,No Event,1.0,Medium,25.0,0.964,0.0598269117915651,0.911,64.51,0,2025,5,2,20,0
2025-05-19,China,Asia,0.926,0.846,1.902,65.5,3.67,30.0268,0.87,54.8,47.9,29.6,0,No Event,0.2,Medium,25.0,0.9545,0.0611676256077543,0.976,68.76,0,2025,5,2,21,0
2025-05-26,China,Asia,0.934,0.84,1.866,65.62,3.89,29.5671,-0.12,55.1,46.8,27.0,0,No Event,-0.3,Medium,25.0,0.93675,0.0607124272855587,0.926,65.5,0,2025,5,2,22,0
2025-06-02,China,Asia,0.997,0.843,1.714,66.86,3.21,29.9051,-0.0,45.7,33.3,26.8,0,No Event,0.29,Medium,25.0,0.95825,0.0613774771561788,0.934,65.62,0,2025,6,2,23,0
2025-06-09,China,Asia,0.848,0.75,1.5,59.21,2.25,29.5014,2.68,26.5,40.2,20.3,0,No Event,-0.17,Medium,25.0,0.92625,0.0718401949898452,0.997,66.86,1,2025,6,2,24,0
2025-06-16,China,Asia,0.896,0.782,1.609,61.43,2.99,29.6587,3.56,45.8,44.5,29.6,0,No Event,0.11,Medium,25.0,0.91875,0.071072521091052,0.848,59.21,0,2025,6,2,25,0
2025-06-23,China,Asia,0.899,0.808,2.179,60.99,2.48,29.3536,0.74,37.2,31.8,28.2,0,No Event,-0.27,Medium,25.0,0.91,0.0689135915077295,0.896,61.43,0,2025,6,2,26,0
2025-06-30,China,Asia,0.822,0.754,1.685,57.43,3.04,29.5308,0.98,58.3,46.4,24.4,0,No Event,1.14,Medium,25.0,0.86625,0.0716653645462707,0.899,60.99,0,2025,6,2,27,0
2025-07-07,China,Asia,0.859,0.761,1.863,59.2,2.62,29.2933,-1.0,42.6,52.7,29.8,0,No Event,-0.01,Medium,25.0,0.869,0.0721371244563452,0.822,57.43,0,2025,7,3,28,0
2025-07-14,China,Asia,0.795,0.71,1.585,55.87,2.5,29.6512,0.61,42.1,38.6,27.1,0,No Event,-0.26,Medium,25.0,0.84375,0.0746153267457335,0.859,59.2,0,2025,7,3,29,0
2025-07-21,China,Asia,0.796,0.728,1.5,56.18,3.18,29.2517,1.51,43.7,48.6,25.7,0,No Event,-0.21,Medium,25.0,0.818,0.0727361043341025,0.795,55.87,0,2025,7,3,30,0
2025-07-28,China,Asia,0.842,0.73,1.572,57.66,4.08,29.4094,3.61,57.0,30.9,25.3,0,No Event,-0.43,Medium,25.0,0.8230000000000001,0.0713128858269967,0.796,56.18,0,2025,7,3,31,0
2025-08-04,China,Asia,0.852,0.764,1.628,59.01,3.12,28.9663,4.22,37.7,37.4,28.4,0,No Event,0.35,Medium,25.0,0.8212499999999999,0.0675592438144903,0.842,57.66,0,2025,8,3,32,0
2025-08-11,China,Asia,0.766,0.683,1.5,53.96,2.73,29.4175,-1.0,44.5,31.0,28.1,0,No Event,0.28,Medium,25.0,0.814,0.0717718628050711,0.852,59.01,0,2025,8,3,33,0
2025-08-18,China,Asia,0.747,0.685,1.5,53.22,4.17,28.8432,1.26,48.8,52.9,22.0,0,No Event,0.16,Medium,25.0,0.80175,0.0714949337864719,0.766,53.96,0,2025,8,3,34,0
2025-08-25,China,Asia,0.704,0.616,1.5,48.73,2.56,28.987,3.13,41.9,55.8,29.9,0,No Event,0.49,Medium,25.0,0.76725,0.0672089900193569,0.747,53.22,0,2025,8,3,35,0
2025-09-01,China,Asia,0.755,0.647,1.617,51.09,3.28,28.4904,3.09,51.4,45.6,23.1,0,No Event,-0.27,Medium,25.0,0.743,0.0604692954408144,0.704,48.73,0,2025,9,3,36,0
2025-09-08,China,Asia,0.699,0.635,1.805,50.62,3.27,28.8168,1.96,37.3,51.6,22.3,0,No Event,0.62,Medium,25.0,0.7262500000000001,0.059559538317894,0.755,51.09,1,2025,9,3,37,0
2025-09-15,China,Asia,0.764,0.658,1.677,53.32,3.08,29.1376,2.17,49.0,54.2,25.2,0,No Event,0.09,Medium,25.0,0.7305,0.0676637051263121,0.699,50.62,0,2025,9,3,38,0
2025-09-22,China,Asia,0.697,0.62,1.5,49.07,2.75,28.7207,2.4,42.5,46.6,20.2,0,No Event,0.14,Medium,25.0,0.72875,0.0678701574825919,0.764,53.32,0,2025,9,3,39,0
2025-09-29,China,Asia,0.719,0.653,1.722,50.74,2.63,29.0359,1.56,49.5,45.3,27.7,0,No Event,-0.89,Medium,25.0,0.71975,0.0669565941426471,0.697,49.07,0,2025,9,3,40,0
2025-10-06,China,Asia,0.796,0.717,1.82,55.74,3.8,28.8662,2.53,47.1,41.1,21.5,0,No Event,-0.11,Medium,25.0,0.744,0.0720341015862698,0.719,50.74,0,2025,10,4,41,0
2025-10-13,China,Asia,0.774,0.695,1.941,54.03,3.74,28.9904,-0.11,27.2,44.2,24.8,0,No Event,0.06,Medium,25.0,0.7464999999999999,0.0725599667177875,0.796,55.74,1,2025,10,4,42,0
2025-10-20,China,Asia,0.753,0.653,1.5,52.37,3.68,29.7346,2.92,41.8,49.0,20.3,0,No Event,-0.47,Medium,25.0,0.7605,0.0705326373818529,0.774,54.03,0,2025,10,4,43,0
2025-10-27,China,Asia,0.754,0.682,1.863,52.35,2.29,29.247,-1.08,44.0,72.6,22.0,0,No Event,0.75,Medium,25.0,0.76925,0.0703414928490658,0.753,52.37,0,2025,10,4,44,0
2025-11-03,China,Asia,0.749,0.696,1.912,53.62,3.95,29.4811,-0.52,32.5,54.0,23.5,0,No Event,0.73,Medium,25.0,0.7575,0.0639794638611881,0.754,52.35,1,2025,11,4,45,0
2025-11-10,China,Asia,0.69,0.625,1.748,49.5,3.01,29.5073,1.26,42.6,64.3,27.4,0,No Event,-0.16,Medium,25.0,0.7365,0.0676704191655735,0.749,53.62,0,2025,11,4,46,0
2025-11-17,China,Asia,0.754,0.648,1.759,51.25,3.45,29.6998,3.4,47.9,61.8,24.2,0,No Event,0.29,Medium,25.0,0.73675,0.0707983098819623,0.69,49.5,0,2025,11,4,47,0
2025-11-24,China,Asia,0.778,0.685,1.818,54.58,2.58,29.9516,2.25,46.2,59.9,22.3,0,No Event,0.29,Medium,25.0,0.74275,0.068367187438633,0.754,51.25,0,2025,11,4,48,0
2025-12-01,China,Asia,0.769,0.707,1.722,54.37,2.69,29.419,2.91,43.4,59.0,29.9,0,No Event,-0.66,Medium,25.0,0.74775,0.0640605033272164,0.778,54.58,0,2025,12,4,49,0
2025-12-08,China,Asia,0.915,0.745,2.112,60.16,3.61,29.3433,3.27,38.4,40.9,21.9,0,No Event,0.28,Medium,25.0,0.804,0.0796873492638317,0.769,54.37,1,2025,12,4,50,0
2025-12-15,China,Asia,0.939,0.839,1.696,65.26,2.88,29.6287,1.05,52.8,59.0,23.9,0,No Event,-0.2,Medium,25.0,0.85025,0.0724157410838709,0.915,60.16,0,2025,12,4,51,0
2025-12-22,China,Asia,0.854,0.776,2.158,60.13,2.65,29.3876,0.63,68.1,50.7,22.3,0,No Event,0.17,Medium,25.0,0.86925,0.0799618689370391,0.939,65.26,0,2025,12,4,52,0
2025-12-29,China,Asia,0.897,0.806,1.938,62.55,2.88,29.5072,5.75,42.1,44.6,25.5,0,No Event,-0.13,Medium,25.0,0.90125,0.0757309101618892,0.854,60.13,0,2025,12,4,1,0
2026-01-05,China,Asia,0.965,0.865,2.357,67.01,2.71,29.5175,-0.02,52.6,69.7,27.7,0,No Event,0.06,Medium,25.0,0.91375,0.0766280743425425,0.897,62.55,0,2026,1,1,2,0
2026-01-12,China,Asia,0.867,0.768,2.117,61.61,2.57,29.3858,1.6,59.6,39.8,23.0,0,No Event,0.34,Medium,25.0,0.89575,0.0835849319432237,0.965,67.01,0,2026,1,1,3,0
2026-01-19,China,Asia,0.985,0.871,1.952,68.98,2.71,29.6135,3.59,56.4,45.7,24.5,0,No Event,0.05,Medium,25.0,0.9285,0.0903708628676947,0.867,61.61,0,2026,1,1,4,0
2026-01-26,China,Asia,1.001,0.898,2.293,69.41,3.26,29.2752,-0.18,63.7,53.4,29.2,0,No Event,0.17,Medium,25.0,0.9545,0.0898561567123384,0.985,68.98,0,2026,1,1,5,0
2026-02-02,China,Asia,0.959,0.843,2.313,64.59,3.7,29.1756,3.57,54.8,63.3,24.5,0,No Event,-0.66,Medium,25.0,0.953,0.0864406032251209,1.001,69.41,0,2026,2,1,6,0
2026-02-09,China,Asia,1.091,0.902,2.345,72.72,3.42,29.5541,2.1,37.7,59.8,29.9,0,No Event,-0.69,Medium,25.0,1.009,0.0902377501296097,0.959,64.59,1,2026,2,1,7,0
2026-02-16,China,Asia,1.004,0.942,2.096,71.13,2.4,30.2155,3.28,64.4,44.6,20.2,0,No Event,0.26,Medium,25.0,1.01375,0.0961350258342823,1.091,72.72,0,2026,2,1,8,0
2026-02-23,China,Asia,0.974,0.896,2.323,69.48,2.56,29.5601,0.14,63.5,55.0,23.2,0,No Event,-0.18,Medium,25.0,1.007,0.0969203487918305,1.004,71.13,0,2026,2,1,9,0
2026-03-02,China,Asia,1.033,0.933,1.979,73.19,2.57,30.1704,2.72,69.7,50.1,20.0,0,No Event,-0.67,Medium,25.0,1.0255,0.0829993927637036,0.974,69.48,0,2026,3,1,10,0
2026-03-09,China,Asia,1.074,0.93,2.506,73.98,2.76,29.9829,1.08,53.4,49.9,29.2,0,No Event,0.19,Medium,25.0,1.02125,0.0832808769850233,1.033,73.19,0,2026,3,1,11,0
2026-03-16,China,Asia,0.986,0.866,2.124,70.53,3.87,29.2611,0.66,58.7,50.5,24.4,0,No Event,-0.26,Medium,25.0,1.01675,0.0823290722329676,1.074,73.98,0,2026,3,1,12,0
2026-03-23,China,Asia,1.011,0.921,1.767,71.47,3.57,29.5972,2.02,55.3,58.2,24.2,0,No Event,0.16,Medium,25.0,1.0259999999999998,0.0816699928107957,0.986,70.53,0,2026,3,1,13,0
2015-01-05,France,Europe,0.898,0.849,1.644,53.55,1.02,0.8432,3.53,57.9,61.0,20.2,0,No Event,0.15,Low,42.0,0.898,0.0023368439802016,0.898,53.55,0,2015,1,1,2,0
2015-01-12,France,Europe,0.929,0.828,1.5,51.16,1.71,0.862,2.83,40.1,52.1,22.6,0,No Event,0.18,Low,42.0,0.9135,0.0023368439802016,0.898,53.55,0,2015,1,1,3,0
2015-01-19,France,Europe,0.958,0.846,1.5,54.8,2.02,0.8355,4.76,47.5,57.7,20.2,0,No Event,0.16,Low,42.0,0.9283333333333332,0.0023368439802016,0.929,51.16,0,2015,1,1,4,0
2015-01-26,France,Europe,0.995,0.915,2.029,57.95,2.39,0.8597,1.15,44.4,65.5,25.3,0,No Event,0.24,Low,42.0,0.945,0.0037100099126055,0.958,54.8,0,2015,1,1,5,0
2015-02-02,France,Europe,0.947,0.892,1.505,55.11,2.27,0.8635,4.54,56.7,53.0,27.5,0,No Event,-0.34,Low,42.0,0.95725,0.0416242498202695,0.995,57.95,0,2015,2,1,6,0
2015-02-09,France,Europe,0.939,0.877,1.5,54.75,2.68,0.8399,2.84,39.2,47.8,27.1,0,No Event,0.22,Low,42.0,0.95975,0.0374229848729709,0.947,55.11,1,2015,2,1,7,0
2015-02-16,France,Europe,1.092,0.971,1.765,61.98,2.11,0.8522,4.02,48.1,48.4,22.6,0,No Event,-0.07,Low,42.0,0.99325,0.0710110841419792,0.939,54.75,0,2015,2,1,8,0
2015-02-23,France,Europe,1.07,0.94,1.791,61.17,2.03,0.8517,1.59,54.8,52.0,21.9,0,No Event,0.34,Low,42.0,1.012,0.0681043083982831,1.092,61.98,0,2015,2,1,9,0
2015-03-02,France,Europe,1.007,0.898,1.573,58.61,1.86,0.8521,1.29,55.3,45.9,22.0,0,No Event,0.26,Low,42.0,1.027,0.0700141492277211,1.07,61.17,0,2015,3,1,10,0
2015-03-09,France,Europe,1.103,0.95,1.743,61.21,1.43,0.847,-0.03,51.4,52.6,29.3,0,No Event,-0.06,Low,42.0,1.068,0.0705737384461195,1.007,58.61,0,2015,3,1,11,0
2015-03-16,France,Europe,1.028,0.882,1.876,57.41,1.46,0.8487,2.51,64.6,42.3,21.2,0,No Event,0.29,Low,42.0,1.052,0.0727739432141975,1.103,61.21,0,2015,3,1,12,0
2015-03-23,France,Europe,1.044,0.921,1.943,59.52,2.23,0.875,-0.05,54.4,54.7,20.3,0,No Event,0.71,Low,42.0,1.0455,0.0690394952603335,1.028,57.41,0,2015,3,1,13,0
2015-03-30,France,Europe,1.036,0.919,2.06,60.17,2.15,0.8723,2.11,46.8,39.7,22.9,0,No Event,-0.41,Low,42.0,1.05275,0.0661759585864799,1.044,59.52,0,2015,3,1,14,0
2015-04-06,France,Europe,0.99,0.886,1.563,56.0,2.58,0.8603,-1.2,69.3,58.0,28.2,0,No Event,-0.13,Low,42.0,1.0245000000000002,0.0678413270543993,1.036,60.17,0,2015,4,2,15,0
2015-04-13,France,Europe,1.02,0.886,1.929,56.86,2.02,0.8505,5.36,53.9,35.3,22.2,0,No Event,0.52,Low,42.0,1.0225,0.0678125929662273,0.99,56.0,0,2015,4,2,16,0
2015-04-20,France,Europe,0.983,0.899,1.672,57.23,3.21,0.8544,2.02,65.3,40.0,28.2,0,No Event,0.08,Low,42.0,1.00725,0.0681085843747761,1.02,56.86,0,2015,4,2,17,0
2015-04-27,France,Europe,1.03,0.91,1.5,56.56,2.36,0.858,4.34,57.6,68.9,29.0,0,No Event,0.27,Low,42.0,1.00575,0.0674354980652964,0.983,57.23,0,2015,4,2,18,0
2015-05-04,France,Europe,1.079,0.951,1.51,60.3,2.47,0.8448,0.99,58.8,43.2,23.1,0,No Event,-0.25,Low,42.0,1.028,0.0680531741221808,1.03,56.56,0,2015,5,2,19,0
2015-05-11,France,Europe,1.024,0.919,1.698,58.55,2.18,0.854,0.61,62.2,48.4,26.5,0,No Event,0.62,Low,42.0,1.029,0.0513740471782726,1.079,60.3,0,2015,5,2,20,0
2015-05-18,France,Europe,0.966,0.883,1.839,55.24,2.29,0.8431,1.34,52.1,44.7,29.1,0,No Event,0.33,Low,42.0,1.02475,0.0534457491215171,1.024,58.55,0,2015,5,2,21,0
2015-05-25,France,Europe,1.044,0.946,1.522,59.02,1.56,0.8682,2.7,47.1,53.5,24.8,0,No Event,0.35,Low,42.0,1.02825,0.0562917714738155,0.966,55.24,0,2015,5,2,22,0
2015-06-01,France,Europe,1.009,0.863,1.5,56.37,2.15,0.8715,2.73,57.0,37.1,20.3,0,No Event,-0.89,Low,42.0,1.01075,0.0492255969284696,1.044,59.02,0,2015,6,2,23,0
2015-06-08,France,Europe,0.984,0.876,1.594,56.08,1.56,0.8557,0.09,52.8,33.6,26.4,0,No Event,-0.52,Low,42.0,1.00075,0.0457594062120414,1.009,56.37,0,2015,6,2,24,0
2015-06-15,France,Europe,0.888,0.796,1.657,50.98,1.6,0.847,0.1,44.1,43.1,23.0,0,No Event,0.15,Low,42.0,0.98125,0.0527726219023515,0.984,56.08,0,2015,6,2,25,0
2015-06-22,France,Europe,0.933,0.829,1.5,53.48,1.85,0.8364,2.77,36.3,54.8,26.2,0,No Event,0.38,Low,42.0,0.9535,0.0558192640611283,0.888,50.98,1,2015,6,2,26,0
2015-06-29,France,Europe,0.96,0.831,1.5,53.86,2.25,0.849,3.26,54.2,47.4,22.2,0,No Event,-0.63,Low,42.0,0.94125,0.0553955880446308,0.933,53.48,0,2015,6,2,27,0
2015-07-06,France,Europe,0.849,0.73,1.5,48.05,1.99,0.8494,1.35,56.3,45.5,22.6,0,No Event,-0.59,Low,42.0,0.9075,0.0633162357991012,0.96,53.86,0,2015,7,3,28,0
2015-07-13,France,Europe,0.892,0.755,1.5,49.28,2.53,0.8712,1.95,48.7,61.5,22.1,0,No Event,0.5,Low,42.0,0.9085,0.0653874587646577,0.849,48.05,0,2015,7,3,29,0
2015-07-20,France,Europe,0.807,0.69,1.5,45.46,1.88,0.8425,1.57,48.5,44.9,21.8,0,No Event,0.8,Low,42.0,0.877,0.0676786551348554,0.892,49.28,0,2015,7,3,30,0
2015-07-27,France,Europe,0.824,0.753,1.547,46.82,2.13,0.8505,-0.39,40.9,46.4,23.8,0,No Event,0.49,Low,42.0,0.843,0.0657495333941715,0.807,45.46,0,2015,7,3,31,0
2015-08-03,France,Europe,0.768,0.719,1.5,44.91,2.19,0.8488,1.14,55.3,34.5,23.9,0,No Event,0.24,Low,42.0,0.8227500000000001,0.0666492407629881,0.824,46.82,0,2015,8,3,32,0
2015-08-10,France,Europe,0.858,0.737,1.531,48.06,2.51,0.8389,0.48,57.6,26.2,29.5,0,No Event,-0.28,Low,42.0,0.8142499999999999,0.0765046416727203,0.768,44.91,0,2015,8,3,33,0
2015-08-17,France,Europe,0.776,0.713,1.565,45.24,2.18,0.8467,1.43,32.4,48.7,23.4,0,No Event,-0.06,Low,42.0,0.8065,0.0750115460007451,0.858,48.06,1,2015,8,3,34,0
2015-08-24,France,Europe,0.684,0.627,1.5,40.81,1.5,0.833,1.87,58.6,59.4,26.1,0,No Event,-0.01,Low,42.0,0.7715000000000001,0.0800642502894121,0.776,45.24,0,2015,8,3,35,0
2015-08-31,France,Europe,0.788,0.698,1.5,45.52,1.77,0.8408,0.63,52.3,34.1,25.8,0,No Event,0.61,Low,42.0,0.7765000000000001,0.0956476163083554,0.684,40.81,0,2015,8,3,36,0
2015-09-07,France,Europe,0.713,0.633,1.5,40.33,1.81,0.838,2.19,37.3,52.7,20.4,0,No Event,-0.47,Low,42.0,0.7402500000000001,0.0954610015118379,0.788,45.52,1,2015,9,3,37,0
2015-09-14,France,Europe,0.766,0.682,1.527,43.1,1.83,0.843,4.42,45.3,42.1,23.3,0,No Event,-0.63,Low,42.0,0.73775,0.0971468478871802,0.713,40.33,0,2015,9,3,38,0
2015-09-21,France,Europe,0.646,0.598,1.5,37.8,1.75,0.8389,1.29,46.7,52.3,21.2,0,No Event,-0.6,Low,42.0,0.7282500000000001,0.10453063173666,0.766,43.1,0,2015,9,3,39,0
2015-09-28,France,Europe,0.648,0.563,1.5,37.49,2.64,0.8423,-1.44,50.7,45.5,26.2,0,No Event,-0.68,Low,42.0,0.69325,0.1009860515191638,0.646,37.8,0,2015,9,3,40,0
2015-10-05,France,Europe,0.729,0.641,1.5,40.8,2.15,0.8463,-0.26,39.7,51.5,26.7,0,No Event,-0.12,Low,42.0,0.6972499999999999,0.1076154081532327,0.648,37.49,1,2015,10,4,41,0
2015-10-12,France,Europe,0.743,0.63,1.5,41.5,3.06,0.8428,1.62,46.7,33.7,23.4,0,No Event,-0.0,Low,42.0,0.6915,0.1045302294236277,0.729,40.8,0,2015,10,4,42,0
2015-10-19,France,Europe,0.705,0.614,1.5,40.43,2.38,0.8368,-0.77,31.3,55.6,21.3,0,No Event,0.4,Low,42.0,0.70625,0.1051687089040781,0.743,41.5,1,2015,10,4,43,0
2015-10-26,France,Europe,0.69,0.651,1.5,40.86,1.62,0.8316,0.62,51.6,51.8,28.0,0,No Event,-0.48,Low,42.0,0.71675,0.1035946349945612,0.705,40.43,0,2015,10,4,44,0
2015-11-02,France,Europe,0.726,0.649,1.5,41.2,2.15,0.8472,1.74,42.1,59.8,22.3,0,No Event,-0.1,Low,42.0,0.716,0.0982448005386371,0.69,40.86,0,2015,11,4,45,0
2015-11-09,France,Europe,0.673,0.621,1.5,39.37,2.75,0.8413,0.73,47.4,54.8,20.9,0,No Event,0.09,Low,42.0,0.6984999999999999,0.0966478325972855,0.726,41.2,0,2015,11,4,46,0
2015-11-16,France,Europe,0.791,0.701,1.5,43.95,2.21,0.85,1.56,46.3,47.9,28.2,0,No Event,-0.16,Low,42.0,0.72,0.1029757510103824,0.673,39.37,0,2015,11,4,47,0
2015-11-23,France,Europe,0.745,0.672,1.5,43.06,1.81,0.8312,0.28,47.2,69.3,20.6,0,No Event,-0.41,Low,42.0,0.7337500000000001,0.0955225337833639,0.791,43.95,0,2015,11,4,48,0
2015-11-30,France,Europe,0.817,0.775,1.5,47.91,2.69,0.8632,0.62,41.7,37.7,23.3,0,No Event,0.05,Low,42.0,0.7565000000000001,0.0942846781322714,0.745,43.06,0,2015,11,4,49,0
2015-12-07,France,Europe,0.836,0.703,1.667,46.42,1.53,0.8426,2.91,65.4,52.2,29.9,0,No Event,-0.07,Low,42.0,0.7972499999999999,0.0925217948807532,0.817,47.91,0,2015,12,4,50,0
2015-12-14,France,Europe,0.747,0.648,1.5,43.29,2.17,0.8392,1.26,40.6,59.7,23.5,0,No Event,-0.11,Low,42.0,0.7862499999999999,0.0850774652205618,0.836,46.42,0,2015,12,4,51,0
2015-12-21,France,Europe,0.887,0.767,1.611,50.08,1.7,0.8416,2.79,39.6,56.7,25.1,0,No Event,-0.41,Low,42.0,0.82175,0.0982718530174004,0.747,43.29,1,2015,12,4,52,0
2015-12-28,France,Europe,0.831,0.742,1.5,47.61,0.99,0.8355,2.17,51.9,62.3,22.8,0,No Event,0.48,Low,42.0,0.82525,0.096865565760396,0.887,50.08,0,2015,12,4,53,0
2016-01-04,France,Europe,0.85,0.741,1.5,48.13,1.41,0.858,3.9,41.1,51.0,22.3,0,No Event,-0.04,Low,42.0,0.82875,0.0968855194398419,0.831,47.61,0,2016,1,1,1,0
2016-01-11,France,Europe,0.971,0.853,1.695,54.57,1.98,0.8453,4.07,45.2,69.5,25.2,0,No Event,-0.72,Low,42.0,0.8847499999999999,0.1008296512401955,0.85,48.13,0,2016,1,1,2,0
2016-01-18,France,Europe,0.959,0.841,1.866,54.85,1.92,0.8519,2.01,59.6,52.9,25.9,0,No Event,0.03,Low,42.0,0.90275,0.1004373818351183,0.971,54.57,0,2016,1,1,3,0
2016-01-25,France,Europe,0.944,0.869,1.616,55.59,1.98,0.8477,2.33,57.0,42.7,29.1,0,No Event,0.24,Low,42.0,0.931,0.101119621435205,0.959,54.85,0,2016,1,1,4,0
2016-02-01,France,Europe,0.925,0.813,1.5,52.54,2.37,0.8556,1.36,49.2,55.4,26.4,0,No Event,0.58,Low,42.0,0.94975,0.097471399779711,0.944,55.59,0,2016,2,1,5,0
2016-02-08,France,Europe,0.971,0.859,1.5,56.12,1.64,0.8613,0.22,42.0,55.1,29.8,0,No Event,-0.03,Low,42.0,0.94975,0.0867131977365014,0.925,52.54,0,2016,2,1,6,0
2016-02-15,France,Europe,1.009,0.871,1.598,56.93,2.44,0.8536,0.89,47.0,49.7,20.9,0,No Event,0.01,Low,42.0,0.96225,0.0831628580621857,0.971,56.12,0,2016,2,1,7,0
2016-02-22,France,Europe,1.063,0.962,1.83,62.9,1.58,0.8596,2.84,51.7,56.9,21.1,0,No Event,-0.86,Low,42.0,0.992,0.0808567838219276,1.009,56.93,0,2016,2,1,8,0
2016-02-29,France,Europe,1.001,0.91,1.951,57.54,1.28,0.8537,-0.11,44.0,70.1,27.5,0,No Event,-0.87,Low,42.0,1.011,0.0843741596171254,1.063,62.9,0,2016,2,1,9,0
2016-03-07,France,Europe,1.063,0.951,1.791,61.51,1.77,0.8481,2.27,62.0,33.5,26.0,0,No Event,0.19,Low,42.0,1.0339999999999998,0.0752588895493933,1.001,57.54,0,2016,3,1,10,0
2016-03-14,France,Europe,1.077,0.93,2.03,59.73,2.39,0.869,1.98,61.3,45.7,21.6,0,No Event,0.19,Low,42.0,1.051,0.0572640558769614,1.063,61.51,0,2016,3,1,11,0
2016-03-21,France,Europe,1.047,0.904,1.736,59.82,2.64,0.8477,0.81,53.4,48.2,29.7,0,No Event,0.03,Low,42.0,1.047,0.0535163883928617,1.077,59.73,0,2016,3,1,12,0
2016-03-28,France,Europe,1.143,0.975,1.897,64.13,2.04,0.8518,3.78,67.9,58.6,24.1,0,No Event,-0.66,Low,42.0,1.0825,0.0573222545659083,1.047,59.82,0,2016,3,1,13,0
2016-04-04,France,Europe,1.138,0.965,1.982,62.08,2.35,0.8665,1.63,47.8,43.3,25.9,0,No Event,0.13,Low,42.0,1.1012499999999998,0.0445814934554738,1.143,64.13,0,2016,4,2,14,0
2016-04-11,France,Europe,1.057,0.936,1.52,60.6,1.9,0.8569,1.97,66.5,53.6,23.7,0,No Event,-0.39,Low,42.0,1.09625,0.0505957666769797,1.138,62.08,0,2016,4,2,15,0
2016-04-18,France,Europe,1.071,0.987,2.019,63.05,1.2,0.8547,3.09,62.5,46.5,25.4,0,No Event,0.16,Low,42.0,1.10225,0.0499843781681859,1.057,60.6,0,2016,4,2,16,0
2016-04-25,France,Europe,1.084,0.944,1.859,60.46,1.78,0.8554,1.97,70.2,30.0,22.7,0,No Event,0.18,Low,42.0,1.0875,0.0489734548524987,1.071,63.05,0,2016,4,2,17,0
2016-05-02,France,Europe,1.062,0.937,2.007,59.25,2.43,0.8479,0.07,56.0,49.6,23.7,0,No Event,1.47,Low,42.0,1.0685,0.0485514854298322,1.084,60.46,0,2016,5,2,18,0
2016-05-09,France,Europe,1.053,0.945,1.829,59.86,1.59,0.849,4.67,43.5,45.0,27.3,0,No Event,1.17,Low,42.0,1.0675,0.0477654036444627,1.062,59.25,0,2016,5,2,19,0
2016-05-16,France,Europe,1.087,0.993,1.961,62.57,1.86,0.8531,1.37,52.8,49.8,28.2,0,No Event,1.23,Low,42.0,1.0715,0.0461548452863465,1.053,59.86,0,2016,5,2,20,0
2016-05-23,France,Europe,1.051,0.872,1.956,57.43,2.65,0.8667,0.46,63.1,45.9,21.7,0,No Event,-0.24,Low,42.0,1.06325,0.0436226546636274,1.087,62.57,0,2016,5,2,21,0
2016-05-30,France,Europe,1.071,0.929,1.523,60.6,2.34,0.8688,3.39,49.6,49.3,20.3,0,No Event,0.1,Low,42.0,1.0655,0.0401450244249376,1.051,57.43,0,2016,5,2,22,0
2016-06-06,France,Europe,0.897,0.802,1.5,51.43,2.13,0.8658,1.57,61.7,46.8,24.8,0,No Event,0.66,Low,42.0,1.0265,0.0616845271901675,1.071,60.6,0,2016,6,2,23,0
2016-06-13,France,Europe,1.042,0.906,1.821,58.28,2.29,0.8595,-0.98,42.7,49.3,23.8,0,No Event,0.16,Low,42.0,1.01525,0.0793441466254658,0.897,51.43,0,2016,6,2,24,0
2016-06-20,France,Europe,0.962,0.83,1.829,53.66,2.94,0.847,4.36,52.7,46.4,25.5,0,No Event,0.44,Low,42.0,0.993,0.0769999043050113,1.042,58.28,0,2016,6,2,25,0
2016-06-27,France,Europe,0.917,0.829,1.825,52.76,1.69,0.8373,2.03,62.1,38.5,29.7,0,No Event,-0.67,Low,42.0,0.9545,0.077612326907128,0.962,53.66,0,2016,6,2,26,0
2016-07-04,France,Europe,0.913,0.795,1.538,50.94,2.33,0.834,2.23,39.7,33.5,26.4,0,No Event,0.22,Low,42.0,0.9585,0.0755908799736384,0.917,52.76,0,2016,7,3,27,0
2016-07-11,France,Europe,0.838,0.727,1.5,47.77,2.05,0.8304,1.43,47.1,50.9,20.7,0,No Event,-0.71,Low,42.0,0.9075,0.0779609617860563,0.913,50.94,0,2016,7,3,28,0
2016-07-18,France,Europe,0.856,0.778,1.661,49.15,2.55,0.8377,3.08,41.8,56.1,21.2,0,No Event,-0.51,Low,42.0,0.881,0.0783289538121836,0.838,47.77,0,2016,7,3,29,0
2016-07-25,France,Europe,0.861,0.749,1.619,49.67,0.72,0.8527,-0.08,37.8,51.5,20.1,0,No Event,-0.23,Low,42.0,0.867,0.0785817707403268,0.856,49.15,1,2016,7,3,30,0
2016-08-01,France,Europe,0.837,0.774,1.5,48.62,2.42,0.8459,-1.0,55.3,64.6,28.9,0,No Event,0.81,Low,42.0,0.848,0.0786463880017552,0.861,49.67,0,2016,8,3,31,0
2016-08-08,France,Europe,0.769,0.684,1.5,43.33,1.55,0.8433,-3.16,37.8,57.2,22.2,0,No Event,0.05,Low,42.0,0.83075,0.079123138768604,0.837,48.62,1,2016,8,3,32,0
2016-08-15,France,Europe,0.739,0.652,1.5,42.55,1.55,0.8391,1.57,42.5,43.8,28.4,0,No Event,0.28,Low,42.0,0.8015,0.0791925508555611,0.769,43.33,0,2016,8,3,33,0
2016-08-22,France,Europe,0.767,0.687,1.5,43.44,2.39,0.8317,-1.52,46.5,49.1,28.9,0,No Event,0.08,Low,42.0,0.7779999999999999,0.0803473338808801,0.739,42.55,0,2016,8,3,34,0
2016-08-29,France,Europe,0.801,0.747,1.5,46.57,2.75,0.8346,1.25,42.8,27.4,23.6,0,No Event,0.41,Low,42.0,0.769,0.0695080095523004,0.767,43.44,0,2016,8,3,35,0
2016-09-05,France,Europe,0.773,0.69,1.558,43.36,2.25,0.8502,2.53,48.3,40.8,26.4,0,No Event,-0.95,Low,42.0,0.77,0.044887945726633,0.801,46.57,0,2016,9,3,36,0
2016-09-12,France,Europe,0.733,0.661,1.5,41.97,1.44,0.8358,3.13,60.6,53.8,23.7,0,No Event,-0.63,Low,42.0,0.7685,0.0427235296244364,0.773,43.36,0,2016,9,3,37,0
2016-09-19,France,Europe,0.753,0.68,1.5,42.77,1.87,0.8497,0.25,49.5,52.9,24.7,0,No Event,0.38,Low,42.0,0.765,0.0440757413217198,0.733,41.97,0,2016,9,3,38,0
2016-09-26,France,Europe,0.731,0.642,1.5,42.67,2.59,0.8513,-0.36,38.9,57.0,24.4,0,No Event,-0.63,Low,42.0,0.7475,0.0440950767418714,0.753,42.77,1,2016,9,3,39,0
2016-10-03,France,Europe,0.757,0.665,1.5,43.35,1.6,0.8562,1.22,55.9,61.2,21.3,0,No Event,0.77,Low,42.0,0.7434999999999999,0.0414049299797571,0.731,42.67,0,2016,10,4,40,0
2016-10-10,France,Europe,0.74,0.672,1.5,42.09,0.85,0.8458,2.97,48.0,54.1,20.1,0,No Event,0.22,Low,42.0,0.74525,0.0405293816016446,0.757,43.35,0,2016,10,4,41,0
2016-10-17,France,Europe,0.729,0.666,1.5,41.37,1.99,0.8455,4.62,38.6,37.4,26.5,0,No Event,-0.49,Low,42.0,0.73925,0.0401724950125557,0.74,42.09,0,2016,10,4,42,0
2016-10-24,France,Europe,0.732,0.631,1.5,41.75,1.78,0.8485,2.46,46.1,56.0,24.8,0,No Event,-0.05,Low,42.0,0.7395,0.040158910708454,0.729,41.37,0,2016,10,4,43,0
2016-10-31,France,Europe,0.712,0.629,1.5,40.91,1.06,0.8619,1.68,44.7,44.5,26.1,0,No Event,0.11,Low,42.0,0.7282500000000001,0.0340602872274368,0.732,41.75,0,2016,10,4,44,0
2016-11-07,France,Europe,0.802,0.671,1.584,45.0,2.19,0.8658,4.77,35.5,47.0,24.2,0,No Event,0.04,Low,42.0,0.7437499999999999,0.0494310397169235,0.712,40.91,1,2016,11,4,45,0
2016-11-14,France,Europe,0.775,0.707,1.5,44.68,3.01,0.8425,4.48,62.2,48.5,29.0,0,No Event,0.41,Low,42.0,0.75525,0.0498015226337834,0.802,45.0,0,2016,11,4,46,0
2016-11-21,France,Europe,0.818,0.722,1.623,46.8,2.25,0.8409,0.83,43.3,55.7,27.0,0,No Event,0.12,Low,42.0,0.77675,0.0507592699701458,0.775,44.68,0,2016,11,4,47,0
2016-11-28,France,Europe,0.785,0.73,1.5,46.56,2.22,0.8574,2.98,57.5,67.6,29.1,0,No Event,-0.03,Low,42.0,0.795,0.0511466361348766,0.818,46.8,0,2016,11,4,48,0
2016-12-05,France,Europe,0.8,0.711,1.5,45.08,2.25,0.8519,2.55,42.1,44.9,28.1,0,No Event,-0.27,Low,42.0,0.7945000000000001,0.048335491572336,0.785,46.56,0,2016,12,4,49,0
2016-12-12,France,Europe,0.874,0.806,1.5,49.49,2.14,0.8356,5.13,41.9,57.3,25.3,0,No Event,-0.18,Low,42.0,0.81925,0.0539940387408524,0.8,45.08,0,2016,12,4,50,0
2016-12-19,France,Europe,0.865,0.765,1.583,48.21,1.76,0.8584,2.96,45.7,46.3,24.3,0,No Event,0.34,Low,42.0,0.8310000000000001,0.0528894865465204,0.874,49.49,0,2016,12,4,51,0
2016-12-26,France,Europe,0.893,0.838,1.568,51.33,2.61,0.8508,1.41,38.9,67.0,26.5,0,No Event,-0.03,Low,42.0,0.8580000000000001,0.0527863289123812,0.865,48.21,1,2016,12,4,52,0
2017-01-02,France,Europe,0.901,0.786,1.625,51.58,1.86,0.8523,3.53,40.8,57.0,21.8,0,No Event,0.03,Low,42.0,0.88325,0.0515189116280901,0.893,51.33,0,2017,1,1,1,0
2017-01-09,France,Europe,0.957,0.841,1.614,55.17,2.14,0.8505,1.33,40.5,37.5,29.4,0,No Event,0.11,Low,42.0,0.904,0.0518887531320312,0.901,51.58,0,2017,1,1,2,0
2017-01-16,France,Europe,1.063,0.921,1.855,59.14,2.21,0.8493,0.74,48.7,68.1,29.6,0,No Event,-1.09,Low,42.0,0.9535,0.0570290127093018,0.957,55.17,0,2017,1,1,3,0
2017-01-23,France,Europe,0.993,0.86,1.933,55.55,1.85,0.8526,1.3,44.3,64.2,29.4,0,No Event,-0.06,Low,42.0,0.9785,0.061633233677509,1.063,59.14,0,2017,1,1,4,0
2017-01-30,France,Europe,0.995,0.89,1.5,57.01,2.54,0.8557,4.26,51.8,56.2,25.7,0,No Event,0.56,Low,42.0,1.002,0.0538812628377348,0.993,55.55,0,2017,1,1,5,0
2017-02-06,France,Europe,1.054,0.913,1.673,59.34,2.15,0.8475,0.22,56.7,50.5,20.3,0,No Event,0.44,Low,42.0,1.02625,0.0522098694846053,0.995,57.01,0,2017,2,1,6,0
2017-02-13,France,Europe,0.959,0.876,1.512,55.41,2.14,0.8565,1.0,48.1,55.0,26.6,0,No Event,0.27,Low,42.0,1.00025,0.0611842606983436,1.054,59.34,0,2017,2,1,7,0
2017-02-20,France,Europe,1.053,0.968,2.097,61.54,2.63,0.8629,4.71,52.0,53.6,26.4,0,No Event,0.49,Low,42.0,1.01525,0.0628130301020331,0.959,55.41,0,2017,2,1,8,0
2017-02-27,France,Europe,1.027,0.962,1.694,61.61,2.02,0.8613,2.98,53.6,55.2,25.9,0,No Event,-0.7,Low,42.0,1.02325,0.0645353092857994,1.053,61.54,0,2017,2,1,9,0
2017-03-06,France,Europe,1.159,1.056,1.869,66.07,1.61,0.8617,5.59,42.0,47.6,24.0,0,No Event,0.21,Low,42.0,1.0495,0.0687659774663864,1.027,61.61,0,2017,3,1,10,0
2017-03-13,France,Europe,1.053,0.973,1.898,59.89,2.05,0.8371,2.55,46.8,44.8,28.0,0,No Event,-0.21,Low,42.0,1.073,0.0762380148068535,1.159,66.07,0,2017,3,1,11,0
2017-03-20,France,Europe,1.101,0.992,2.004,62.24,1.71,0.8562,1.2,58.9,44.3,25.4,0,No Event,-0.56,Low,42.0,1.085,0.0765409283085016,1.053,59.89,0,2017,3,1,12,0
2017-03-27,France,Europe,1.101,0.97,1.739,62.86,2.17,0.8558,0.76,58.2,48.2,24.7,0,No Event,-0.53,Low,42.0,1.1035,0.0767047488285377,1.101,62.24,0,2017,3,1,13,0
2017-04-03,France,Europe,1.093,0.972,1.507,61.97,2.09,0.8611,5.15,44.1,50.7,21.6,0,No Event,0.21,Low,42.0,1.087,0.0758095444158586,1.101,62.86,0,2017,4,2,14,0
2017-04-10,France,Europe,1.099,0.956,2.066,62.75,2.23,0.866,0.88,56.3,51.5,23.2,0,No Event,-0.23,Low,42.0,1.0985,0.0693789122232585,1.093,61.97,0,2017,4,2,15,0
2017-04-17,France,Europe,1.128,1.022,2.222,64.56,1.74,0.8397,1.64,52.0,48.3,27.9,0,No Event,-0.1,Low,42.0,1.1052499999999998,0.0658396560094276,1.099,62.75,0,2017,4,2,16,0
2017-04-24,France,Europe,1.107,0.996,1.717,63.37,1.99,0.8644,3.71,65.6,36.7,22.7,0,No Event,-0.59,Low,42.0,1.10675,0.0664094736668533,1.128,64.56,0,2017,4,2,17,0
2017-05-01,France,Europe,1.056,0.933,1.5,58.87,3.23,0.8718,3.76,58.1,40.1,20.1,0,No Event,0.14,Low,42.0,1.0975,0.0663986670959662,1.107,63.37,0,2017,5,2,18,0
2017-05-08,France,Europe,1.067,0.961,1.746,61.69,1.11,0.8621,-0.33,56.6,55.0,22.2,0,No Event,0.06,Low,42.0,1.0895,0.0597013437617801,1.056,58.87,0,2017,5,2,19,0
2017-05-15,France,Europe,0.982,0.853,1.561,54.88,2.28,0.8559,1.4,54.0,64.0,27.6,0,No Event,0.63,Low,42.0,1.053,0.0580401085645876,1.067,61.69,0,2017,5,2,20,0
2017-05-22,France,Europe,1.035,0.951,1.943,60.83,2.76,0.8464,0.13,40.6,54.3,23.6,0,No Event,-0.58,Low,42.0,1.035,0.0599364294224152,0.982,54.88,0,2017,5,2,21,0
2017-05-29,France,Europe,1.122,0.999,1.572,63.12,2.11,0.8643,3.56,66.2,56.7,27.6,0,No Event,-0.62,Low,42.0,1.0515,0.0523098808688488,1.035,60.83,0,2017,5,2,22,0
2017-06-05,France,Europe,0.983,0.895,1.531,55.89,2.65,0.8524,1.0,53.2,38.5,27.4,0,No Event,0.23,Low,42.0,1.0305,0.0579202234368478,1.122,63.12,0,2017,6,2,23,0
2017-06-12,France,Europe,0.958,0.825,1.5,54.48,1.83,0.8602,0.66,54.6,48.5,27.1,0,No Event,1.5,Low,42.0,1.0245,0.0559739298082896,0.983,55.89,0,2017,6,2,24,0
2017-06-19,France,Europe,0.973,0.896,1.518,56.52,2.28,0.8405,0.33,42.0,27.0,20.7,0,No Event,-1.29,Low,42.0,1.009,0.0564103210212537,0.958,54.48,0,2017,6,2,25,0
2017-06-26,France,Europe,0.913,0.847,1.5,52.8,3.72,0.851,1.89,50.5,40.4,27.4,0,No Event,0.83,Low,42.0,0.95675,0.0584302035907546,0.973,56.52,0,2017,6,2,26,0
2017-07-03,France,Europe,0.873,0.797,1.5,50.36,2.39,0.8468,5.01,67.4,34.8,20.2,0,No Event,0.16,Low,42.0,0.92925,0.0587230585558445,0.913,52.8,0,2017,7,3,27,0
2017-07-10,France,Europe,0.887,0.76,1.5,49.75,1.23,0.8487,3.74,55.1,49.5,29.4,0,No Event,-0.77,Low,42.0,0.9115,0.0580942428447866,0.873,50.36,0,2017,7,3,28,0
2017-07-17,France,Europe,0.814,0.751,1.5,47.2,3.08,0.8379,2.51,54.7,56.5,21.1,0,No Event,-0.06,Low,42.0,0.87175,0.060968395688754,0.887,49.75,0,2017,7,3,29,0
2017-07-24,France,Europe,0.871,0.786,1.603,49.95,1.75,0.8508,1.89,31.0,48.5,27.2,0,No Event,-0.48,Low,42.0,0.86125,0.0660689354156245,0.814,47.2,1,2017,7,3,30,0
2017-07-31,France,Europe,0.787,0.737,1.5,45.48,2.51,0.8425,2.45,55.9,54.8,27.3,0,No Event,0.39,Low,42.0,0.83975,0.0696027660528133,0.871,49.95,0,2017,7,3,31,0
2017-08-07,France,Europe,0.85,0.762,1.502,49.76,1.63,0.8333,2.66,43.4,45.4,27.5,0,No Event,-0.12,Low,42.0,0.8305,0.072929129954916,0.787,45.48,0,2017,8,3,32,0
2017-08-14,France,Europe,0.799,0.733,1.5,45.58,2.49,0.8602,3.13,43.0,58.2,26.6,0,No Event,0.34,Low,42.0,0.82675,0.0713183681335474,0.85,49.76,0,2017,8,3,33,0
2017-08-21,France,Europe,0.758,0.695,1.568,44.46,2.45,0.8361,2.82,54.5,36.0,26.4,0,No Event,-0.15,Low,42.0,0.7985,0.0638550343621344,0.799,45.58,0,2017,8,3,34,0
2017-08-28,France,Europe,0.815,0.709,1.5,45.44,3.22,0.8355,3.35,44.3,36.2,23.5,0,No Event,-0.73,Low,42.0,0.8055,0.06317614967119,0.758,44.46,0,2017,8,3,35,0
2017-09-04,France,Europe,0.727,0.658,1.5,41.72,1.58,0.847,1.94,48.7,52.0,27.1,0,No Event,0.44,Low,42.0,0.7747499999999999,0.0688156120425259,0.815,45.44,0,2017,9,3,36,0
2017-09-11,France,Europe,0.728,0.692,1.5,42.65,2.83,0.8425,2.5,46.3,42.8,24.9,0,No Event,0.11,Low,42.0,0.757,0.068253774910643,0.727,41.72,0,2017,9,3,37,0
2017-09-18,France,Europe,0.768,0.704,1.5,44.75,2.23,0.8382,1.22,53.5,41.8,21.4,0,No Event,0.21,Low,42.0,0.7595,0.0703217644028188,0.728,42.65,0,2017,9,3,38,0
2017-09-25,France,Europe,0.676,0.602,1.5,39.05,2.17,0.8535,1.61,53.6,62.1,27.5,0,No Event,1.57,Low,42.0,0.72475,0.0765862332409896,0.768,44.75,0,2017,9,3,39,0
2017-10-02,France,Europe,0.795,0.676,1.5,44.47,1.69,0.85,-1.12,50.8,31.5,28.4,0,No Event,-0.37,Low,42.0,0.74175,0.0948634019187036,0.676,39.05,0,2017,10,4,40,0
2017-10-09,France,Europe,0.752,0.67,1.5,41.82,2.11,0.861,3.81,50.4,54.8,29.7,0,No Event,-0.24,Low,42.0,0.74775,0.093107298639077,0.795,44.47,0,2017,10,4,41,0
2017-10-16,France,Europe,0.774,0.726,1.5,45.48,2.14,0.8286,1.42,43.8,50.7,29.5,0,No Event,-0.63,Low,42.0,0.7492500000000001,0.0909321806195632,0.752,41.82,0,2017,10,4,42,0
2017-10-23,France,Europe,0.712,0.625,1.5,40.62,2.29,0.845,1.01,56.3,45.2,27.0,0,No Event,0.22,Low,42.0,0.75825,0.0895680706921852,0.774,45.48,0,2017,10,4,43,0
2017-10-30,France,Europe,0.7,0.641,1.5,40.63,2.3,0.8444,3.83,40.7,50.9,28.3,0,No Event,-0.63,Low,42.0,0.7345,0.0855086919359627,0.712,40.62,0,2017,10,4,44,0
2017-11-06,France,Europe,0.781,0.717,1.5,45.8,2.9,0.8585,2.6,33.2,66.1,20.8,0,No Event,0.1,Low,42.0,0.7417499999999999,0.0915204619960515,0.7,40.63,1,2017,11,4,45,0
2017-11-13,France,Europe,0.84,0.749,1.533,47.76,2.64,0.8462,0.56,53.4,62.5,23.0,0,No Event,0.41,Low,42.0,0.75825,0.0921437116372466,0.781,45.8,0,2017,11,4,46,0
2017-11-20,France,Europe,0.834,0.777,1.5,48.64,2.13,0.8389,2.03,54.2,57.3,21.4,0,No Event,0.57,Low,42.0,0.7887500000000001,0.0900881870783232,0.84,47.76,0,2017,11,4,47,0
2017-11-27,France,Europe,0.893,0.755,1.5,48.46,2.24,0.8446,2.86,52.1,55.4,23.4,0,No Event,-0.19,Low,42.0,0.837,0.0841890591988104,0.834,48.64,0,2017,11,4,48,0
2017-12-04,France,Europe,0.867,0.75,1.54,48.11,1.83,0.8532,5.08,47.1,58.9,26.2,0,No Event,-0.2,Low,42.0,0.8585,0.0852708910160359,0.893,48.46,0,2017,12,4,49,0
2017-12-11,France,Europe,0.878,0.775,1.647,49.45,2.68,0.8431,0.88,41.3,70.3,26.9,0,No Event,0.41,Low,42.0,0.868,0.0844720565652564,0.867,48.11,0,2017,12,4,50,0
2017-12-18,France,Europe,0.941,0.816,1.5,53.06,2.59,0.8486,1.7,43.5,74.2,29.6,0,No Event,-0.38,Low,42.0,0.8947499999999999,0.0742922358438594,0.878,49.45,0,2017,12,4,51,0
2017-12-25,France,Europe,0.862,0.77,1.5,48.95,2.35,0.8358,1.01,49.5,63.2,28.4,0,No Event,0.86,Low,42.0,0.887,0.0653179701691773,0.941,53.06,0,2017,12,4,52,0
2018-01-01,France,Europe,1.004,0.88,1.967,56.55,3.12,0.8406,2.06,50.3,60.2,27.4,0,No Event,0.85,Low,42.0,0.92125,0.0758845238132446,0.862,48.95,0,2018,1,1,1,0
2018-01-08,France,Europe,0.979,0.854,1.931,56.26,2.1,0.8547,0.88,60.8,47.2,23.8,0,No Event,-0.31,Low,42.0,0.9465,0.0773308007511428,1.004,56.55,0,2018,1,1,2,0
2018-01-15,France,Europe,0.955,0.82,1.5,53.56,1.9,0.8433,2.56,34.2,62.5,24.1,0,No Event,-0.09,Low,42.0,0.95,0.0721200303172662,0.979,56.26,1,2018,1,1,3,0
2018-01-22,France,Europe,0.976,0.87,1.525,57.29,2.0,0.8608,3.14,48.5,60.6,24.6,0,No Event,0.03,Low,42.0,0.9785,0.0708301324815521,0.955,53.56,0,2018,1,1,4,0
2018-01-29,France,Europe,0.966,0.857,1.5,55.65,2.3,0.8516,0.85,41.4,47.0,22.3,0,No Event,-0.05,Low,42.0,0.969,0.0662027991026401,0.976,57.29,0,2018,1,1,5,0
2018-02-05,France,Europe,1.046,0.918,1.671,59.84,3.08,0.86,1.51,49.3,42.8,21.0,0,No Event,0.2,Low,42.0,0.98575,0.0667901092121317,0.966,55.65,0,2018,2,1,6,0
2018-02-12,France,Europe,1.116,1.019,2.164,64.74,2.34,0.8506,1.03,63.1,46.9,24.8,0,No Event,0.55,Low,42.0,1.026,0.0674321219139272,1.046,59.84,0,2018,2,1,7,0
2018-02-19,France,Europe,1.058,0.952,1.5,59.22,2.23,0.8447,0.9,60.0,59.0,29.0,0,No Event,0.49,Low,42.0,1.0465,0.0694013889220703,1.116,64.74,0,2018,2,1,8,0
2018-02-26,France,Europe,1.116,0.97,1.632,62.51,2.93,0.8497,0.12,48.2,46.8,21.8,0,No Event,0.9,Low,42.0,1.084,0.0686280151524539,1.058,59.22,0,2018,2,1,9,0
2018-03-05,France,Europe,1.103,0.948,1.891,61.3,2.5,0.8514,2.33,40.3,60.8,28.9,0,No Event,0.27,Low,42.0,1.09825,0.0693275872943431,1.116,62.51,0,2018,3,1,10,0
2018-03-12,France,Europe,1.133,1.026,1.861,64.82,2.28,0.8594,3.19,53.1,50.9,24.0,0,No Event,0.59,Low,42.0,1.1025,0.0675511249097895,1.103,61.3,0,2018,3,1,11,0
2018-03-19,France,Europe,1.188,1.049,1.666,67.24,2.69,0.8655,0.32,44.1,56.1,26.9,0,No Event,-0.62,Low,42.0,1.135,0.0598294641809372,1.133,64.82,0,2018,3,1,12,0
2018-03-26,France,Europe,1.098,0.971,1.727,62.83,2.4,0.8631,1.44,43.7,46.7,30.0,0,No Event,-0.79,Low,42.0,1.1305,0.0494841836765514,1.188,67.24,0,2018,3,1,13,0
2018-04-02,France,Europe,1.077,0.986,1.663,62.32,1.67,0.8619,3.54,52.4,44.5,26.1,0,No Event,0.12,Low,42.0,1.124,0.0491557245150611,1.098,62.83,0,2018,4,2,14,0
2018-04-09,France,Europe,1.039,0.957,1.54,59.47,2.24,0.8556,1.45,50.2,49.0,22.6,0,No Event,1.07,Low,42.0,1.1005,0.0499172713651415,1.077,62.32,0,2018,4,2,15,0
2018-04-16,France,Europe,1.132,0.985,2.049,63.55,2.93,0.8694,1.12,40.6,42.2,28.2,0,No Event,0.49,Low,42.0,1.0865,0.0551459216309712,1.039,59.47,0,2018,4,2,16,0
2018-04-23,France,Europe,1.111,1.012,2.077,62.53,1.97,0.8666,-0.23,53.7,42.5,21.8,0,No Event,0.12,Low,42.0,1.08975,0.0555261551191222,1.132,63.55,0,2018,4,2,17,0
2018-04-30,France,Europe,1.114,0.969,1.902,63.1,2.3,0.8618,0.22,44.5,39.3,27.7,0,No Event,0.08,Low,42.0,1.099,0.0510181012617965,1.111,62.53,0,2018,4,2,18,0
2018-05-07,France,Europe,1.103,1.006,1.929,62.77,2.52,0.8461,2.26,51.0,53.7,29.8,0,No Event,-0.21,Low,42.0,1.115,0.0474331582234496,1.114,63.1,0,2018,5,2,19,0
2018-05-14,France,Europe,1.048,0.909,1.733,60.16,2.55,0.8565,3.59,49.1,47.3,24.4,0,No Event,0.01,Low,42.0,1.094,0.0472265172270768,1.103,62.77,0,2018,5,2,20,0
2018-05-21,France,Europe,1.1,0.965,1.655,60.88,2.89,0.8595,2.85,55.1,48.0,20.5,0,No Event,0.42,Low,42.0,1.09125,0.0467007303888439,1.048,60.16,0,2018,5,2,21,0
2018-05-28,France,Europe,1.057,0.936,1.5,60.94,2.73,0.8454,1.37,33.1,50.5,20.8,0,No Event,0.09,Low,42.0,1.077,0.0479664626185522,1.1,60.88,1,2018,5,2,22,0
2018-06-04,France,Europe,0.978,0.869,1.886,57.17,1.76,0.8492,2.84,57.7,53.0,21.8,0,No Event,0.19,Low,42.0,1.04575,0.0511500686388828,1.057,60.94,0,2018,6,2,23,0
2018-06-11,France,Europe,1.102,0.973,2.143,62.3,2.76,0.8477,1.8,54.5,58.4,23.0,0,No Event,0.05,Low,42.0,1.05925,0.0630359062993628,0.978,57.17,0,2018,6,2,24,0
2018-06-18,France,Europe,0.985,0.857,1.909,56.04,1.91,0.8643,2.8,47.0,45.1,22.3,0,No Event,-0.77,Low,42.0,1.0305,0.0666692269132591,1.102,62.3,0,2018,6,2,25,0
2018-06-25,France,Europe,0.928,0.838,1.824,53.13,2.39,0.8463,2.45,53.2,50.4,29.4,0,No Event,-0.03,Low,42.0,0.99825,0.0682292610248478,0.985,56.04,0,2018,6,2,26,0
2018-07-02,France,Europe,0.856,0.784,1.528,49.68,1.72,0.8529,0.64,49.3,40.8,21.1,0,No Event,0.83,Low,42.0,0.96775,0.0706895656121856,0.928,53.13,0,2018,7,3,27,0
2018-07-09,France,Europe,0.925,0.841,1.509,53.24,3.03,0.8574,2.75,40.1,47.5,28.1,0,No Event,0.09,Low,42.0,0.9235,0.0695447867399475,0.856,49.68,0,2018,7,3,28,0
2018-07-16,France,Europe,0.902,0.795,1.78,51.07,2.78,0.8458,3.42,51.3,46.0,28.5,0,No Event,-0.51,Low,42.0,0.90275,0.0696020609767387,0.925,53.24,0,2018,7,3,29,0
2018-07-23,France,Europe,0.91,0.819,1.542,51.01,1.39,0.8379,1.59,44.5,51.9,25.7,0,No Event,-0.09,Low,42.0,0.89825,0.0697674941884813,0.902,51.07,0,2018,7,3,30,0
2018-07-30,France,Europe,0.9,0.793,1.711,50.48,3.24,0.8426,6.67,52.1,46.7,22.7,0,No Event,0.18,Low,42.0,0.90925,0.0697614962452359,0.91,51.01,0,2018,7,3,31,0
2018-08-06,France,Europe,0.845,0.749,1.5,47.61,1.87,0.8454,2.44,41.9,54.6,26.1,0,No Event,1.01,Low,42.0,0.8892500000000001,0.0703512968910976,0.9,50.48,0,2018,8,3,32,0
2018-08-13,France,Europe,0.806,0.716,1.5,45.99,1.81,0.8378,-0.55,42.5,38.5,23.4,0,No Event,0.54,Low,42.0,0.8652500000000001,0.0676681067250413,0.845,47.61,0,2018,8,3,33,0
2018-08-20,France,Europe,0.729,0.671,1.5,42.74,2.34,0.8508,1.24,51.8,33.9,24.4,0,No Event,0.36,Low,42.0,0.82,0.0707402845417784,0.806,45.99,0,2018,8,3,34,0
2018-08-27,France,Europe,0.79,0.728,1.5,45.44,2.35,0.8438,0.27,43.1,46.8,28.2,0,No Event,-1.13,Low,42.0,0.7925,0.0758673313437427,0.729,42.74,0,2018,8,3,35,0
2018-09-03,France,Europe,0.819,0.713,1.549,46.31,1.85,0.831,-0.19,35.1,53.0,28.0,0,No Event,-0.32,Low,42.0,0.786,0.0641041184023304,0.79,45.44,1,2018,9,3,36,0
2018-09-10,France,Europe,0.78,0.69,1.5,44.95,1.83,0.8467,2.29,48.5,49.7,20.1,0,No Event,-0.13,Low,42.0,0.7795000000000001,0.0592001831149325,0.819,46.31,0,2018,9,3,37,0
2018-09-17,France,Europe,0.712,0.626,1.5,41.26,1.81,0.8417,5.03,38.7,44.6,27.1,0,No Event,-0.82,Low,42.0,0.77525,0.0615675758069623,0.78,44.95,1,2018,9,3,38,0
2018-09-24,France,Europe,0.791,0.716,1.5,45.16,2.43,0.8584,0.58,34.2,70.1,26.9,0,No Event,-0.58,Low,42.0,0.7755000000000001,0.069153255490356,0.712,41.26,1,2018,9,3,39,0
2018-10-01,France,Europe,0.812,0.711,1.5,45.29,2.38,0.8329,3.03,37.6,46.9,21.1,0,No Event,-0.35,Low,42.0,0.77375,0.0647326075790914,0.791,45.16,1,2018,10,4,40,0
2018-10-08,France,Europe,0.759,0.664,1.5,42.77,2.96,0.8466,-1.59,61.9,43.3,27.9,0,No Event,-0.1,Low,42.0,0.7685,0.0666612115293362,0.812,45.29,0,2018,10,4,41,0
2018-10-15,France,Europe,0.746,0.684,1.5,43.32,2.13,0.8506,2.33,49.7,52.2,26.9,0,No Event,0.2,Low,42.0,0.777,0.0663338065262067,0.759,42.77,0,2018,10,4,42,0
2018-10-22,France,Europe,0.808,0.712,1.582,45.0,2.49,0.8482,2.78,34.2,38.3,22.1,0,No Event,0.27,Low,42.0,0.7812500000000001,0.0720890980264645,0.746,43.32,1,2018,10,4,43,0
2018-10-29,France,Europe,0.776,0.675,1.5,43.42,2.55,0.8429,3.74,48.9,56.2,28.0,0,No Event,0.08,Low,42.0,0.77225,0.0708671897799087,0.808,45.0,0,2018,10,4,44,0
2018-11-05,France,Europe,0.815,0.739,1.5,46.68,2.05,0.8366,3.25,34.3,44.2,30.0,0,No Event,0.85,Low,42.0,0.78625,0.0712157972498611,0.776,43.42,1,2018,11,4,45,0
2018-11-12,France,Europe,0.827,0.763,1.5,47.82,2.64,0.8325,1.94,49.0,45.5,25.2,0,No Event,0.08,Low,42.0,0.8065,0.064067037323106,0.815,46.68,0,2018,11,4,46,0
2018-11-19,France,Europe,0.854,0.756,1.585,48.4,1.8,0.8357,0.8,52.6,51.8,29.2,0,No Event,0.24,Low,42.0,0.818,0.0605027075433359,0.827,47.82,0,2018,11,4,47,0
2018-11-26,France,Europe,0.865,0.798,1.769,49.67,2.32,0.8521,0.09,47.2,63.0,20.7,0,No Event,0.14,Low,42.0,0.8402499999999999,0.0598689493519647,0.854,48.4,0,2018,11,4,48,0
2018-12-03,France,Europe,0.841,0.781,1.5,49.09,2.99,0.8479,1.45,60.2,66.6,23.4,0,No Event,0.8,Low,42.0,0.84675,0.0585043615640326,0.865,49.67,0,2018,12,4,49,0
2018-12-10,France,Europe,0.81,0.729,1.5,47.21,2.61,0.8516,3.44,36.3,42.9,24.5,0,No Event,0.12,Low,42.0,0.8425,0.0525770934868056,0.841,49.09,1,2018,12,4,50,0
2018-12-17,France,Europe,0.939,0.833,1.736,53.45,2.0,0.8381,1.74,70.4,44.0,23.8,0,No Event,0.19,Low,42.0,0.86375,0.0618667623969926,0.81,47.21,0,2018,12,4,51,0
2018-12-24,France,Europe,0.983,0.849,1.934,54.4,1.52,0.8514,5.1,43.2,61.9,23.3,0,No Event,0.56,Low,42.0,0.8932499999999999,0.0624545488027589,0.939,53.45,0,2018,12,4,52,0
2018-12-31,France,Europe,0.971,0.871,1.694,55.57,2.39,0.853,4.59,49.8,50.7,24.2,0,No Event,-0.09,Low,42.0,0.92575,0.0577419600963427,0.983,54.4,0,2018,12,4,1,0
2019-01-07,France,Europe,1.132,1.0,2.302,64.79,1.53,0.8576,2.12,47.2,61.8,27.2,0,No Event,0.04,Low,42.0,1.00625,0.0693932912181098,0.971,55.57,0,2019,1,1,2,0
2019-01-14,France,Europe,1.047,0.939,1.721,59.45,2.84,0.8564,4.45,50.2,63.1,27.9,0,No Event,-0.29,Low,42.0,1.03325,0.0747462652242904,1.132,64.79,0,2019,1,1,3,0
2019-01-21,France,Europe,1.058,0.952,1.888,60.97,3.1,0.847,1.21,59.2,54.5,29.1,0,No Event,0.61,Low,42.0,1.052,0.0722117726826268,1.047,59.45,0,2019,1,1,4,0
2019-01-28,France,Europe,1.059,0.962,1.776,61.02,2.89,0.8657,0.64,46.4,63.8,23.2,0,No Event,0.14,Low,42.0,1.074,0.0722591788360428,1.058,60.97,0,2019,1,1,5,0
2019-02-04,France,Europe,1.076,0.985,1.909,61.08,3.94,0.8508,3.2,49.9,68.6,26.4,0,No Event,-0.44,Low,42.0,1.06,0.0722441671359272,1.059,61.02,0,2019,2,1,6,0
2019-02-11,France,Europe,1.08,0.954,2.201,61.4,2.18,0.8498,4.42,62.9,48.3,24.3,0,No Event,-0.42,Low,42.0,1.06825,0.0724271675948346,1.076,61.08,0,2019,2,1,7,0
2019-02-18,France,Europe,1.059,0.937,1.774,61.31,2.09,0.864,2.97,46.0,57.3,29.1,0,No Event,-0.13,Low,42.0,1.0685,0.0733922968252765,1.08,61.4,0,2019,2,1,8,0
2019-02-25,France,Europe,1.036,0.95,1.5,59.98,1.54,0.8557,-0.07,49.0,54.1,25.2,0,No Event,-0.54,Low,42.0,1.06275,0.0730608238295946,1.059,61.31,0,2019,2,1,9,0
2019-03-04,France,Europe,1.11,0.981,1.516,62.61,2.71,0.8537,0.81,64.0,43.6,25.2,0,No Event,0.47,Low,42.0,1.07125,0.0721050026974381,1.036,59.98,0,2019,3,1,10,0
2019-03-11,France,Europe,1.093,0.97,2.25,62.98,2.74,0.8566,4.78,70.4,54.3,20.6,0,No Event,0.26,Low,42.0,1.0745,0.0599942073219382,1.11,62.61,0,2019,3,1,11,0
2019-03-18,France,Europe,1.165,1.021,2.344,66.19,1.71,0.8456,2.63,66.9,48.1,27.7,0,No Event,0.35,Low,42.0,1.101,0.0611720428093085,1.093,62.98,0,2019,3,1,12,0
2019-03-25,France,Europe,1.2,1.063,1.815,68.01,2.22,0.8576,2.29,52.1,62.2,26.6,0,No Event,0.55,Low,42.0,1.142,0.0606218831666978,1.165,66.19,0,2019,3,1,13,0
2019-04-01,France,Europe,1.046,0.97,1.861,61.46,2.18,0.8413,2.89,44.6,46.3,25.7,0,No Event,0.01,Low,42.0,1.126,0.0552723203727698,1.2,68.01,0,2019,4,2,14,0
2019-04-08,France,Europe,1.133,0.981,1.726,64.62,2.14,0.8726,0.06,54.7,40.6,23.2,0,No Event,-0.99,Low,42.0,1.136,0.0559346345305743,1.046,61.46,0,2019,4,2,15,0
2019-04-15,France,Europe,1.063,0.953,1.608,61.48,2.74,0.8549,0.97,59.4,49.7,22.4,0,No Event,-0.14,Low,42.0,1.1105,0.0594326247109641,1.133,64.62,0,2019,4,2,16,0
2019-04-22,France,Europe,1.104,0.974,2.081,63.44,2.44,0.8662,1.38,68.3,54.8,20.3,0,No Event,-0.66,Low,42.0,1.0865,0.0603541669678639,1.063,61.48,0,2019,4,2,17,0
2019-04-29,France,Europe,1.158,1.035,2.127,65.28,3.21,0.8678,2.73,48.4,55.1,22.3,0,No Event,-0.56,Low,42.0,1.1145,0.0616239930102078,1.104,63.44,0,2019,4,2,18,0
2019-05-06,France,Europe,1.092,0.944,1.754,63.56,2.36,0.8573,2.02,59.4,52.1,26.5,0,No Event,0.46,Low,42.0,1.10425,0.0644294198666998,1.158,65.28,0,2019,5,2,19,0
2019-05-13,France,Europe,1.093,0.954,2.024,61.88,1.66,0.8419,2.36,50.7,51.1,21.2,0,No Event,-0.77,Low,42.0,1.11175,0.0640554328056046,1.092,63.56,0,2019,5,2,20,0
2019-05-20,France,Europe,1.134,0.95,1.961,62.68,2.5,0.8458,0.13,54.4,51.8,23.2,0,No Event,-0.19,Low,42.0,1.11925,0.06412802595036,1.093,61.88,0,2019,5,2,21,0
2019-05-27,France,Europe,1.141,1.02,1.981,63.86,2.86,0.8532,2.1,38.5,49.1,27.7,0,No Event,-0.0,Low,42.0,1.115,0.0610942181848195,1.134,62.68,1,2019,5,2,22,0
2019-06-03,France,Europe,1.091,0.962,2.112,61.52,2.0,0.8436,2.43,60.3,58.6,27.6,0,No Event,-1.26,Low,42.0,1.11475,0.0624551918091676,1.141,63.86,0,2019,6,2,23,0
2019-06-10,France,Europe,1.192,1.045,2.091,67.43,3.01,0.8558,1.02,56.9,41.4,28.9,0,No Event,-0.46,Low,42.0,1.1395,0.0653581454436524,1.091,61.52,0,2019,6,2,24,0
2019-06-17,France,Europe,1.211,1.051,2.217,68.28,2.49,0.8536,-0.31,43.2,45.2,27.1,0,No Event,0.08,Low,42.0,1.15875,0.0649711967879001,1.192,67.43,0,2019,6,2,25,0
2019-06-24,France,Europe,1.196,1.038,2.16,66.5,2.49,0.8505,1.24,60.4,48.9,20.3,0,No Event,-1.05,Low,42.0,1.1725,0.0507783736475794,1.211,68.28,0,2019,6,2,26,0
2019-07-01,France,Europe,1.208,1.081,2.234,70.05,2.87,0.8484,2.76,54.4,44.3,20.8,0,No Event,0.01,Low,42.0,1.20175,0.0456404566760728,1.196,66.5,0,2019,7,3,27,0
2019-07-08,France,Europe,1.176,0.993,1.748,66.35,2.37,0.8492,4.01,58.6,45.6,27.0,0,No Event,0.08,Low,42.0,1.19775,0.0418323522210129,1.208,70.05,0,2019,7,3,28,0
2019-07-15,France,Europe,1.121,0.984,1.645,63.91,1.84,0.8349,2.89,43.5,42.3,21.5,0,No Event,0.45,Low,42.0,1.17525,0.0436099181056337,1.176,66.35,0,2019,7,3,29,0
2019-07-22,France,Europe,1.221,1.117,2.307,70.43,1.93,0.8322,1.63,44.8,38.0,29.0,0,No Event,0.08,Low,42.0,1.1815,0.0487834704524201,1.121,63.91,0,2019,7,3,30,0
2019-07-29,France,Europe,1.189,1.049,2.037,67.61,3.17,0.8474,1.73,52.7,55.9,20.8,0,No Event,0.33,Low,42.0,1.17675,0.0459242997631424,1.221,70.43,0,2019,7,3,31,0
2019-08-05,France,Europe,1.238,1.131,1.924,72.72,1.93,0.8503,3.96,35.7,49.5,29.0,0,No Event,-0.13,Low,42.0,1.19225,0.0468191557052447,1.189,67.61,1,2019,8,3,32,0
2019-08-12,France,Europe,1.212,1.067,2.163,70.79,1.56,0.853,3.76,42.1,57.7,22.3,0,No Event,0.08,Low,42.0,1.215,0.0469010781087801,1.238,72.72,0,2019,8,3,33,0
2019-08-19,France,Europe,1.235,1.173,1.876,71.43,3.13,0.8404,2.7,45.0,40.5,29.9,0,No Event,-0.58,Low,42.0,1.2185,0.0470374504495708,1.212,70.79,0,2019,8,3,34,0
2019-08-26,France,Europe,1.243,1.15,2.132,73.03,2.41,0.8513,2.93,46.8,44.0,25.9,0,No Event,-0.84,Low,42.0,1.232,0.0441932401669107,1.235,71.43,0,2019,8,3,35,0
2019-09-02,France,Europe,0.822,0.729,1.5,47.98,2.58,0.8448,3.28,45.3,39.2,25.5,0,No Event,-0.33,Low,42.0,1.128,0.1054447634994717,1.243,73.03,0,2019,9,3,36,0
2019-09-09,France,Europe,0.76,0.646,1.5,43.05,1.67,0.8301,2.75,55.4,59.6,20.8,0,No Event,-0.28,Low,42.0,1.015,0.1055859815867709,0.822,47.98,0,2019,9,3,37,0
2019-09-16,France,Europe,0.795,0.718,1.623,45.34,2.54,0.8479,5.32,32.6,45.0,28.6,0,No Event,0.32,Low,42.0,0.905,0.1078832727013864,0.76,43.05,1,2019,9,3,38,0
2019-09-23,France,Europe,0.772,0.702,1.5,44.11,2.17,0.8499,4.12,34.8,61.9,20.4,0,No Event,-0.13,Low,42.0,0.78725,0.107255606833325,0.795,45.34,1,2019,9,3,39,0
2019-09-30,France,Europe,0.772,0.702,1.5,44.08,2.84,0.8438,2.15,52.1,45.0,26.3,0,No Event,0.06,Low,42.0,0.77475,0.1076094253406972,0.772,44.11,0,2019,9,3,40,0
2019-10-07,France,Europe,0.834,0.744,1.5,47.8,2.51,0.8412,1.69,31.0,50.8,25.6,0,No Event,-0.62,Low,42.0,0.79325,0.1117594730031786,0.772,44.08,1,2019,10,4,41,0
2019-10-14,France,Europe,0.813,0.721,1.5,45.76,2.98,0.8494,2.22,26.3,43.8,29.8,0,No Event,0.74,Low,42.0,0.79775,0.1066054877850384,0.834,47.8,1,2019,10,4,42,0
2019-10-21,France,Europe,0.683,0.663,1.5,41.84,2.94,0.8366,1.55,45.8,63.0,24.0,0,No Event,0.16,Low,42.0,0.7755,0.1133057367838104,0.813,45.76,0,2019,10,4,43,0
2019-10-28,France,Europe,0.869,0.786,1.651,49.15,2.77,0.8508,1.31,51.1,55.2,22.9,0,No Event,0.13,Low,42.0,0.79975,0.1435909637102819,0.683,41.84,0,2019,10,4,44,0
2019-11-04,France,Europe,0.859,0.79,1.512,50.49,1.82,0.8275,2.98,37.2,41.9,23.2,0,No Event,-0.61,Low,42.0,0.8059999999999999,0.143603580239737,0.869,49.15,1,2019,11,4,45,0
2019-11-11,France,Europe,0.846,0.767,1.589,49.31,2.61,0.8428,1.43,38.8,56.9,24.3,0,No Event,0.81,Low,42.0,0.81425,0.1431428710902258,0.859,50.49,1,2019,11,4,46,0
2019-11-18,France,Europe,0.789,0.689,1.5,45.07,1.86,0.8518,-0.29,56.3,63.9,21.7,0,No Event,-0.26,Low,42.0,0.84075,0.1434507583088477,0.846,49.31,0,2019,11,4,47,0
2019-11-25,France,Europe,0.866,0.735,1.637,47.66,2.52,0.8548,1.32,38.6,64.1,26.8,0,No Event,0.03,Low,42.0,0.8400000000000001,0.1082195105305248,0.789,45.07,1,2019,11,4,48,0
2019-12-02,France,Europe,0.882,0.772,1.524,49.84,2.38,0.8431,2.38,31.9,58.4,30.0,0,No Event,-0.23,Low,42.0,0.84575,0.1048712677390025,0.866,47.66,1,2019,12,4,49,0
2019-12-09,France,Europe,0.889,0.812,1.668,51.4,1.85,0.8575,0.78,53.6,52.6,22.2,0,No Event,0.06,Low,42.0,0.8565,0.1044953990495897,0.882,49.84,0,2019,12,4,50,0
2019-12-16,France,Europe,0.892,0.832,1.5,51.99,2.74,0.8369,-0.55,42.1,71.2,24.9,0,No Event,-0.09,Low,42.0,0.88225,0.1037005058944634,0.889,51.4,0,2019,12,4,51,0
2019-12-23,France,Europe,1.015,0.887,1.655,56.98,2.43,0.8576,2.26,48.1,40.0,20.7,0,No Event,0.11,Low,42.0,0.9195,0.1091720893075912,0.892,51.99,0,2019,12,4,52,0
2019-12-30,France,Europe,0.963,0.826,1.812,54.18,2.57,0.8497,0.45,44.3,61.5,23.0,0,No Event,-0.26,Low,42.0,0.93975,0.1100681132988006,1.015,56.98,0,2019,12,4,1,0
2020-01-06,France,Europe,0.957,0.862,1.523,55.65,2.08,0.8594,3.34,59.0,63.7,28.8,0,No Event,-0.53,Low,42.0,0.95675,0.1095383517954463,0.963,54.18,0,2020,1,1,2,0
2020-01-13,France,Europe,0.896,0.786,1.5,50.29,2.94,0.8558,0.93,59.6,48.8,22.6,0,No Event,0.03,Low,42.0,0.95775,0.0982035946089989,0.957,55.65,0,2020,1,1,3,0
2020-01-20,France,Europe,0.98,0.898,1.925,56.77,2.01,0.8446,2.86,56.7,52.5,29.8,0,No Event,0.03,Low,42.0,0.949,0.0658147552844356,0.896,50.29,0,2020,1,1,4,0
2020-01-27,France,Europe,1.047,0.91,1.908,59.58,2.43,0.8571,1.49,62.9,54.4,20.1,0,No Event,0.31,Low,42.0,0.97,0.0672465359586135,0.98,56.77,0,2020,1,1,5,0
2020-02-03,France,Europe,1.055,0.921,2.111,58.69,4.37,0.8529,1.16,41.7,60.5,31.0,1,COVID-19 Pandemic,0.98,Low,42.0,0.9945,0.0665241995861622,1.047,59.58,0,2020,2,1,6,0
2020-02-10,France,Europe,1.197,1.056,1.838,66.77,3.13,0.8557,1.96,43.1,41.7,33.0,1,COVID-19 Pandemic,-0.53,Low,42.0,1.06975,0.0677975318206161,1.055,58.69,0,2020,2,1,7,0
2020-02-17,France,Europe,1.156,0.984,1.93,64.34,3.51,0.8472,1.88,61.6,44.2,48.2,1,COVID-19 Pandemic,-0.05,Low,42.0,1.11375,0.06783382169838,1.197,66.77,0,2020,2,1,8,0
2020-02-24,France,Europe,1.185,1.087,2.079,67.78,2.57,0.8647,-1.0,52.6,66.0,25.0,0,No Event,-0.51,Low,42.0,1.14825,0.0677906092992494,1.156,64.34,0,2020,2,1,9,0
2020-03-02,France,Europe,1.234,1.091,2.18,69.19,2.49,0.847,2.97,67.0,52.8,22.5,0,No Event,-0.38,Low,42.0,1.193,0.0676254498033848,1.185,67.78,0,2020,3,1,10,0
2020-03-09,France,Europe,1.392,1.181,1.951,75.76,3.23,0.8565,-0.48,52.8,48.2,42.9,1,COVID-19 Pandemic,0.47,Low,42.0,1.24175,0.0726031506868939,1.234,69.19,0,2020,3,1,11,0
2020-03-16,France,Europe,1.352,1.185,2.18,73.44,1.45,0.8623,1.86,46.9,64.7,42.2,1,COVID-19 Pandemic,0.37,Low,42.0,1.29075,0.0679883275683072,1.392,75.76,0,2020,3,1,12,0
2020-03-23,France,Europe,1.34,1.183,2.76,77.91,4.08,0.8453,4.12,57.4,51.8,48.9,1,COVID-19 Pandemic,-1.04,Low,42.0,1.3295,0.0646177637357475,1.352,73.44,0,2020,3,1,13,0
2020-03-30,France,Europe,1.38,1.231,2.756,79.21,3.5,0.8617,0.24,67.6,66.9,30.9,1,COVID-19 Pandemic,-0.32,Low,42.0,1.366,0.0636231498313018,1.34,77.91,0,2020,3,1,14,0
2020-04-06,France,Europe,1.375,1.239,2.349,78.11,2.31,0.8643,1.92,58.4,49.0,25.3,0,No Event,0.73,Low,42.0,1.3617500000000002,0.0573961742500615,1.38,79.21,0,2020,4,2,15,0
2020-04-13,France,Europe,1.463,1.338,2.674,83.98,2.66,0.8668,2.2,55.7,55.5,29.6,0,No Event,-0.77,Low,42.0,1.3895,0.0553647431289045,1.375,78.11,0,2020,4,2,16,0
2020-04-20,France,Europe,1.448,1.254,2.686,80.78,1.32,0.8457,-0.22,43.4,34.4,40.4,1,COVID-19 Pandemic,-0.07,Low,42.0,1.4165,0.0557447856919277,1.463,83.98,0,2020,4,2,17,0
2020-04-27,France,Europe,1.378,1.286,2.771,79.1,5.28,0.8445,0.37,51.1,42.0,33.0,1,COVID-19 Pandemic,-0.38,Low,42.0,1.416,0.0598613113078352,1.448,80.78,0,2020,4,2,18,0
2020-05-04,France,Europe,1.48,1.289,2.958,84.49,3.03,0.8663,4.57,48.8,58.0,48.3,1,COVID-19 Pandemic,1.04,Low,42.0,1.4422499999999998,0.0516897569835429,1.378,79.1,0,2020,5,2,19,0
2020-05-11,France,Europe,1.444,1.3,2.186,83.61,5.03,0.8356,2.65,56.3,48.7,37.4,1,COVID-19 Pandemic,0.57,Low,42.0,1.4374999999999998,0.050831879289262,1.48,84.49,0,2020,5,2,20,0
2020-05-18,France,Europe,1.517,1.312,2.311,85.72,2.83,0.8459,1.15,63.6,52.1,21.9,0,No Event,-0.74,Low,42.0,1.45475,0.0515963160138332,1.444,83.61,0,2020,5,2,21,0
2020-05-25,France,Europe,1.525,1.393,2.502,89.33,2.91,0.8456,1.45,55.7,46.3,42.6,1,COVID-19 Pandemic,-0.6,Low,42.0,1.4914999999999998,0.0514152572573074,1.517,85.72,0,2020,5,2,22,0
2020-06-01,France,Europe,1.115,0.951,1.729,62.53,1.62,0.8478,3.33,47.9,48.8,22.9,0,No Event,-0.13,Low,42.0,1.40025,0.0888788280879768,1.525,89.33,0,2020,6,2,23,0
2020-06-08,France,Europe,1.069,0.927,2.007,58.81,5.18,0.8642,0.63,51.0,40.5,30.3,1,COVID-19 Pandemic,0.56,Low,42.0,1.3065,0.0891392393684775,1.115,62.53,0,2020,6,2,24,0
2020-06-15,France,Europe,1.042,0.97,1.768,61.25,3.5,0.8509,3.22,48.2,48.6,32.9,1,COVID-19 Pandemic,0.46,Low,42.0,1.18775,0.0891598128585796,1.069,58.81,0,2020,6,2,25,0
2020-06-22,France,Europe,0.929,0.8,1.853,52.42,2.9,0.8423,1.02,52.9,49.4,42.9,1,COVID-19 Pandemic,-0.65,Low,42.0,1.03875,0.0915279850631006,1.042,61.25,0,2020,6,2,26,0
2020-06-29,France,Europe,0.983,0.876,1.688,55.55,1.58,0.8454,0.69,45.6,47.3,51.4,1,COVID-19 Pandemic,-0.3,Low,42.0,1.00575,0.0947063277810051,0.929,52.42,0,2020,6,2,27,0
2020-07-06,France,Europe,0.921,0.88,1.591,53.77,2.61,0.8551,1.54,54.8,31.3,48.6,1,COVID-19 Pandemic,-0.58,Low,42.0,0.96875,0.0911440928613073,0.983,55.55,0,2020,7,3,28,0
2020-07-13,France,Europe,0.956,0.833,1.828,53.95,3.13,0.8606,3.97,41.8,45.2,46.6,1,COVID-19 Pandemic,-0.39,Low,42.0,0.94725,0.0933012732875156,0.921,53.77,0,2020,7,3,29,0
2020-07-20,France,Europe,0.942,0.841,1.558,52.32,2.54,0.8334,2.52,52.7,38.0,26.7,0,No Event,-0.66,Low,42.0,0.9505,0.0931884802997323,0.956,53.95,0,2020,7,3,30,0
2020-07-27,France,Europe,0.873,0.778,1.609,50.37,2.67,0.8439,3.05,41.3,51.7,22.0,0,No Event,0.03,Low,42.0,0.923,0.0882932888112967,0.942,52.32,0,2020,7,3,31,0
2020-08-03,France,Europe,0.82,0.743,1.5,47.25,1.68,0.8573,0.68,46.9,45.2,28.2,0,No Event,0.14,Low,42.0,0.89775,0.0883709017373096,0.873,50.37,0,2020,8,3,32,0
2020-08-10,France,Europe,0.838,0.741,1.72,48.34,2.27,0.841,2.44,52.9,44.8,40.3,1,COVID-19 Pandemic,-0.05,Low,42.0,0.86825,0.0860027272565691,0.82,47.25,0,2020,8,3,33,0
2020-08-17,France,Europe,0.893,0.769,1.5,50.18,2.49,0.8305,2.44,51.0,49.1,53.2,1,COVID-19 Pandemic,-0.55,Low,42.0,0.856,0.0907997383301166,0.838,48.34,0,2020,8,3,34,0
2020-08-24,France,Europe,0.852,0.758,1.5,48.87,3.12,0.8341,0.05,44.1,44.7,21.0,0,No Event,-0.27,Low,42.0,0.85075,0.0555178038534921,0.893,50.18,0,2020,8,3,35,0
2020-08-31,France,Europe,0.795,0.721,1.534,46.11,2.16,0.8496,2.15,47.4,40.8,24.5,0,No Event,0.34,Low,42.0,0.8445,0.0568569728667765,0.852,48.87,0,2020,8,3,36,0
2020-09-07,France,Europe,0.833,0.756,1.51,49.0,2.41,0.8624,3.54,30.8,61.2,21.2,0,No Event,-0.13,Low,42.0,0.84325,0.0603805735316537,0.795,46.11,1,2020,9,3,37,0
2020-09-14,France,Europe,0.783,0.739,1.5,46.31,2.57,0.8404,2.77,50.5,61.6,24.8,0,No Event,0.18,Low,42.0,0.81575,0.0550838952215767,0.833,49.0,0,2020,9,3,38,0
2020-09-21,France,Europe,0.851,0.744,1.513,47.55,2.11,0.834,1.86,35.4,51.0,28.6,0,No Event,0.7,Low,42.0,0.8155,0.0589326075517559,0.783,46.31,1,2020,9,3,39,0
2020-09-28,France,Europe,0.855,0.712,1.537,47.76,2.74,0.8259,4.64,54.8,43.2,25.6,0,No Event,0.31,Low,42.0,0.8305,0.0566236650459864,0.851,47.55,0,2020,9,3,40,0
2020-10-05,France,Europe,0.767,0.698,1.538,44.12,2.28,0.8422,3.78,28.8,51.6,29.1,0,No Event,-0.26,Low,42.0,0.814,0.0613747763974384,0.855,47.76,1,2020,10,4,41,0
2020-10-12,France,Europe,0.794,0.689,1.593,44.28,3.16,0.8456,3.0,41.3,50.3,29.7,0,No Event,0.91,Low,42.0,0.81675,0.0631689094965,0.767,44.12,0,2020,10,4,42,0
2020-10-19,France,Europe,0.851,0.755,1.5,47.58,1.95,0.8408,2.98,53.9,58.9,24.1,0,No Event,0.13,Low,42.0,0.81675,0.0643120009307194,0.794,44.28,0,2020,10,4,43,0
2020-10-26,France,Europe,0.872,0.744,1.54,48.47,3.45,0.8445,1.35,32.7,60.7,20.3,0,No Event,-0.69,Low,42.0,0.821,0.0616797799066028,0.851,47.58,1,2020,10,4,44,0
2020-11-02,France,Europe,0.831,0.732,1.585,46.86,2.25,0.8467,1.86,43.6,46.1,22.4,0,No Event,0.02,Low,42.0,0.837,0.0633410553916617,0.872,48.47,0,2020,11,4,45,0
2020-11-09,France,Europe,0.824,0.774,1.5,48.74,2.48,0.8298,3.74,48.0,42.9,23.5,0,No Event,0.32,Low,42.0,0.8445,0.0600078882566982,0.831,46.86,0,2020,11,4,46,0
2020-11-16,France,Europe,0.93,0.814,1.812,51.71,2.71,0.8444,3.41,57.9,43.0,21.2,0,No Event,-0.03,Low,42.0,0.86425,0.0695850937096567,0.824,48.74,0,2020,11,4,47,0
2020-11-23,France,Europe,0.915,0.789,1.5,51.11,2.61,0.8558,1.69,46.4,65.4,21.8,0,No Event,-0.78,Low,42.0,0.875,0.0659646824674509,0.93,51.71,0,2020,11,4,48,0
2020-11-30,France,Europe,0.875,0.762,1.5,50.42,1.66,0.8389,1.46,51.4,56.4,21.7,0,No Event,-0.38,Low,42.0,0.8859999999999999,0.066954441202498,0.915,51.11,0,2020,11,4,49,0
2020-12-07,France,Europe,0.883,0.799,1.585,51.59,2.48,0.8538,3.93,39.9,49.8,27.5,0,No Event,0.33,Low,42.0,0.90075,0.0636362106632752,0.875,50.42,1,2020,12,4,50,0
2020-12-14,France,Europe,0.936,0.855,1.853,54.09,2.13,0.8533,1.95,53.4,54.2,22.2,0,No Event,0.1,Low,42.0,0.90225,0.0611883746479209,0.883,51.59,0,2020,12,4,51,0
2020-12-21,France,Europe,1.02,0.948,2.12,59.84,1.33,0.8589,-0.52,49.4,49.0,28.2,0,No Event,-0.22,Low,42.0,0.9285,0.0653450033475868,0.936,54.09,0,2020,12,4,52,0
2020-12-28,France,Europe,1.024,0.884,1.558,56.58,3.14,0.8589,3.21,61.5,59.4,21.7,0,No Event,0.8,Low,42.0,0.96575,0.0538186573148698,1.02,59.84,0,2020,12,4,53,0
2021-01-04,France,Europe,1.053,0.961,1.703,60.05,1.82,0.8659,1.85,43.4,42.3,23.9,0,No Event,-0.3,Low,42.0,1.00825,0.0537442833304328,1.024,56.58,0,2021,1,1,1,0
2021-01-11,France,Europe,1.089,0.951,1.628,61.09,2.71,0.8665,1.65,48.0,55.3,24.6,0,No Event,0.1,Low,42.0,1.0465,0.0518358042043886,1.053,60.05,0,2021,1,1,2,0
2021-01-18,France,Europe,1.045,0.949,1.5,60.21,3.03,0.8545,2.82,40.7,81.7,22.3,0,No Event,0.44,Low,42.0,1.05275,0.0548417224372814,1.089,61.09,0,2021,1,1,3,0
2021-01-25,France,Europe,1.031,0.93,1.598,60.36,2.74,0.8427,1.72,51.2,58.2,27.3,0,No Event,1.05,Low,42.0,1.0545,0.0520901312571806,1.045,60.21,0,2021,1,1,4,0
2021-02-01,France,Europe,1.067,0.973,1.65,62.0,2.88,0.8624,4.27,64.9,58.7,21.4,0,No Event,-0.7,Low,42.0,1.0579999999999998,0.0514902745072733,1.031,60.36,0,2021,2,1,5,0
2021-02-08,France,Europe,1.094,0.974,1.613,62.34,2.59,0.8708,2.57,50.3,65.6,24.8,0,No Event,0.66,Low,42.0,1.05925,0.0394349993141924,1.067,62.0,0,2021,2,1,6,0
2021-02-15,France,Europe,1.176,1.0,1.684,64.4,2.2,0.8719,2.54,52.7,51.3,29.9,0,No Event,0.87,Low,42.0,1.092,0.0417385773431231,1.094,62.34,0,2021,2,1,7,0
2021-02-22,France,Europe,1.173,1.029,2.013,65.63,1.81,0.8493,0.05,52.5,47.0,20.1,0,No Event,0.28,Low,42.0,1.1275,0.0373107794286275,1.176,64.4,0,2021,2,1,8,0
2021-03-01,France,Europe,1.224,1.083,1.907,67.36,2.22,0.8306,0.89,51.2,49.9,22.6,0,No Event,0.46,Low,42.0,1.16675,0.0372716881592568,1.173,65.63,0,2021,3,1,9,0
2021-03-08,France,Europe,1.127,1.023,1.994,63.79,1.88,0.8674,3.5,56.8,52.9,29.1,0,No Event,0.17,Low,42.0,1.1749999999999998,0.0469035361596613,1.224,67.36,0,2021,3,1,10,0
2021-03-15,France,Europe,1.195,1.071,1.87,68.29,2.85,0.8572,3.93,46.1,44.5,21.4,0,No Event,0.59,Low,42.0,1.17975,0.0433698564277389,1.127,63.79,0,2021,3,1,11,0
2021-03-22,France,Europe,1.167,1.023,1.673,66.44,2.88,0.8498,4.28,59.6,47.6,28.7,0,No Event,0.33,Low,42.0,1.17825,0.0446561071148586,1.195,68.29,0,2021,3,1,12,0
2021-03-29,France,Europe,1.114,0.982,1.911,63.85,2.24,0.8657,0.51,56.7,52.1,26.0,0,No Event,0.18,Low,42.0,1.15075,0.0471883502975633,1.167,66.44,0,2021,3,1,13,0
2021-04-05,France,Europe,1.17,1.042,2.232,68.9,2.66,0.8579,4.85,51.5,52.8,23.3,0,No Event,0.96,Low,42.0,1.1615,0.0482856615835348,1.114,63.85,0,2021,4,2,14,0
2021-04-12,France,Europe,1.216,1.059,1.666,68.52,2.92,0.8657,1.83,42.8,42.2,21.1,0,No Event,0.43,Low,42.0,1.16675,0.0466157659446173,1.17,68.9,0,2021,4,2,15,0
2021-04-19,France,Europe,1.22,1.08,2.004,69.1,2.85,0.8692,2.33,46.4,49.5,24.1,0,No Event,0.43,Low,42.0,1.18,0.0459781306024658,1.216,68.52,0,2021,4,2,16,0
2021-04-26,France,Europe,1.199,1.072,2.314,67.89,3.18,0.8677,3.34,43.3,61.7,21.7,0,No Event,-0.5,Low,42.0,1.20125,0.0463965027140466,1.22,69.1,0,2021,4,2,17,0
2021-05-03,France,Europe,1.147,1.042,2.284,65.27,2.47,0.8479,0.82,47.0,42.0,28.0,0,No Event,0.3,Low,42.0,1.1955,0.0486210711758048,1.199,67.89,0,2021,5,2,18,0
2021-05-10,France,Europe,1.071,0.953,2.006,60.38,2.85,0.833,2.02,53.5,38.2,28.2,0,No Event,0.23,Low,42.0,1.15925,0.0472290949618955,1.147,65.27,0,2021,5,2,19,0
2021-05-17,France,Europe,1.076,0.968,2.046,62.48,2.31,0.8528,2.97,49.3,30.3,24.1,0,No Event,0.93,Low,42.0,1.12325,0.0473330811885674,1.071,60.38,0,2021,5,2,20,0
2021-05-24,France,Europe,1.151,0.969,1.871,61.63,2.76,0.8627,1.22,51.5,36.7,20.6,0,No Event,1.04,Low,42.0,1.11125,0.0503415613606915,1.076,62.48,0,2021,5,2,21,0
2021-05-31,France,Europe,1.106,0.973,1.574,62.81,3.03,0.8389,2.23,65.2,39.2,20.2,0,No Event,0.72,Low,42.0,1.101,0.0460313855289315,1.151,61.63,0,2021,5,2,22,0
2021-06-07,France,Europe,1.101,0.974,1.925,60.98,2.95,0.8502,-0.75,41.0,47.6,27.6,0,No Event,-0.2,Low,42.0,1.1085,0.0418430369946377,1.106,62.81,0,2021,6,2,23,0
2021-06-14,France,Europe,1.047,0.886,1.799,56.76,2.57,0.8719,1.87,44.2,58.7,20.4,0,No Event,0.15,Low,42.0,1.10125,0.0434358977365091,1.101,60.98,0,2021,6,2,24,0
2021-06-21,France,Europe,0.984,0.859,1.833,56.65,2.7,0.8549,1.47,50.9,38.9,28.2,0,No Event,-0.61,Low,42.0,1.0595,0.0447753641097284,1.047,56.76,0,2021,6,2,25,0
2021-06-28,France,Europe,1.021,0.881,1.537,56.09,2.36,0.8486,1.53,45.5,43.5,29.7,0,No Event,0.66,Low,42.0,1.03825,0.0433687131553347,0.984,56.65,0,2021,6,2,26,0
2021-07-05,France,Europe,0.927,0.889,1.81,54.41,2.09,0.8573,0.39,46.3,40.3,22.9,0,No Event,0.0,Low,42.0,0.99475,0.0461637571752732,1.021,56.09,0,2021,7,3,27,0
2021-07-12,France,Europe,0.927,0.826,1.79,52.96,2.13,0.8456,0.42,50.5,46.8,25.3,0,No Event,0.73,Low,42.0,0.96475,0.0460135154286541,0.927,54.41,0,2021,7,3,28,0
2021-07-19,France,Europe,0.952,0.867,1.5,54.21,2.07,0.8551,2.43,45.2,49.0,21.6,0,No Event,-0.09,Low,42.0,0.95675,0.0481200160798491,0.927,52.96,0,2021,7,3,29,0
2021-07-26,France,Europe,0.93,0.841,1.874,53.59,2.59,0.8345,1.28,43.2,64.3,23.3,0,No Event,0.14,Low,42.0,0.934,0.047499089262418,0.952,54.21,0,2021,7,3,30,0
2021-08-02,France,Europe,0.875,0.815,1.597,50.22,2.76,0.8616,1.86,54.7,47.9,26.9,0,No Event,-0.22,Low,42.0,0.921,0.0468581201362789,0.93,53.59,0,2021,8,3,31,0
2021-08-09,France,Europe,0.858,0.743,1.5,48.14,1.14,0.8406,1.42,47.3,35.8,20.8,0,No Event,0.57,Low,42.0,0.90375,0.0464209181711436,0.875,50.22,0,2021,8,3,32,0
2021-08-16,France,Europe,0.842,0.796,1.565,49.29,3.13,0.8447,1.47,49.9,40.4,25.5,0,No Event,0.21,Low,42.0,0.8762500000000001,0.0374366001179636,0.858,48.14,0,2021,8,3,33,0
2021-08-23,France,Europe,0.816,0.728,1.649,46.85,2.1,0.8481,4.68,46.1,43.4,22.2,0,No Event,0.41,Low,42.0,0.84775,0.0372309910863572,0.842,49.29,0,2021,8,3,34,0
2021-08-30,France,Europe,0.785,0.721,1.5,45.11,2.49,0.8399,3.0,54.6,42.4,25.7,0,No Event,-0.65,Low,42.0,0.82525,0.0368606512199126,0.816,46.85,0,2021,8,3,35,0
2021-09-06,France,Europe,0.835,0.707,1.5,45.83,3.4,0.8464,2.94,44.9,43.6,23.9,0,No Event,-0.44,Low,42.0,0.8195,0.0443763489190639,0.785,45.11,0,2021,9,3,36,0
2021-09-13,France,Europe,0.815,0.706,1.5,45.06,2.33,0.84,2.25,65.0,42.7,26.4,0,No Event,-0.75,Low,42.0,0.81275,0.0424182692355926,0.835,45.83,0,2021,9,3,37,0
2021-09-20,France,Europe,0.891,0.781,1.524,49.27,2.12,0.8498,3.21,51.9,46.6,23.5,0,No Event,0.32,Low,42.0,0.8315,0.0508630000436446,0.815,45.06,0,2021,9,3,38,0
2021-09-27,France,Europe,0.85,0.756,1.5,48.59,3.07,0.847,0.4,51.4,48.7,26.6,0,No Event,-0.28,Low,42.0,0.84775,0.0455800416954295,0.891,49.27,0,2021,9,3,39,0
2021-10-04,France,Europe,0.864,0.768,1.687,48.99,3.02,0.8424,0.48,50.1,44.3,27.0,0,No Event,-0.14,Low,42.0,0.855,0.0460317862908905,0.85,48.59,0,2021,10,4,40,0
2021-10-11,France,Europe,0.833,0.753,1.5,47.2,3.34,0.8603,2.29,46.0,35.7,29.7,0,No Event,-0.27,Low,42.0,0.8594999999999999,0.0456502301414604,0.864,48.99,0,2021,10,4,41,0
2021-10-18,France,Europe,0.838,0.779,1.5,49.08,3.4,0.8461,3.47,34.4,53.6,29.5,0,No Event,1.18,Low,42.0,0.84625,0.0456716215081551,0.833,47.2,1,2021,10,4,42,0
2021-10-25,France,Europe,0.81,0.705,1.5,45.77,1.55,0.8329,0.98,43.9,47.6,28.0,0,No Event,-0.53,Low,42.0,0.83625,0.0435945172672462,0.838,49.08,0,2021,10,4,43,0
2021-11-01,France,Europe,0.847,0.779,1.656,48.95,2.84,0.8427,0.93,42.5,50.6,21.4,0,No Event,-0.04,Low,42.0,0.832,0.0457124208519677,0.81,45.77,0,2021,11,4,44,0
2021-11-08,France,Europe,0.89,0.76,1.5,49.39,3.83,0.824,4.41,51.6,54.0,28.4,0,No Event,-0.58,Low,42.0,0.8462500000000001,0.0475139703786278,0.847,48.95,0,2021,11,4,45,0
2021-11-15,France,Europe,0.904,0.834,1.825,52.53,3.37,0.8538,6.07,60.9,45.6,20.4,0,No Event,-0.38,Low,42.0,0.86275,0.0461421425004079,0.89,49.39,0,2021,11,4,46,0
2021-11-22,France,Europe,0.88,0.79,1.739,50.29,1.95,0.8369,2.76,21.3,52.3,23.9,0,No Event,-0.15,Low,42.0,0.88025,0.0451791298787101,0.904,52.53,1,2021,11,4,47,0
2021-11-29,France,Europe,0.983,0.876,1.921,55.54,2.15,0.8407,0.71,43.7,57.0,22.1,0,No Event,0.2,Low,42.0,0.91425,0.0528632003678012,0.88,50.29,0,2021,11,4,48,0
2021-12-06,France,Europe,0.986,0.838,1.569,55.8,3.36,0.8513,2.73,46.6,49.9,24.8,0,No Event,-0.84,Low,42.0,0.93825,0.0516177401393657,0.983,55.54,0,2021,12,4,49,0
2021-12-13,France,Europe,0.928,0.807,1.688,53.01,3.31,0.8648,4.28,41.8,55.7,27.0,0,No Event,-0.05,Low,42.0,0.94425,0.0498819165589713,0.986,55.8,0,2021,12,4,50,0
2021-12-20,France,Europe,0.973,0.88,1.597,56.21,2.54,0.845,1.26,64.6,49.9,24.6,0,No Event,0.07,Low,42.0,0.9675,0.0486250185181119,0.928,53.01,0,2021,12,4,51,0
2021-12-27,France,Europe,1.042,0.909,1.932,59.27,3.71,0.8592,2.51,59.7,55.3,28.3,0,No Event,0.32,Low,42.0,0.98225,0.0514964750142786,0.973,56.21,0,2021,12,4,52,0
2022-01-03,France,Europe,1.076,0.94,1.5,59.52,2.97,0.8606,3.29,56.2,63.5,20.4,0,No Event,-0.12,Low,42.0,1.00475,0.0488400662192391,1.042,59.27,0,2022,1,1,1,0
2022-01-10,France,Europe,1.091,0.977,1.5,61.75,3.4,0.8592,3.37,57.2,62.3,24.3,0,No Event,0.06,Low,42.0,1.0455,0.0486478021645579,1.076,59.52,0,2022,1,1,2,0
2022-01-17,France,Europe,1.149,0.949,1.877,62.25,2.31,0.8592,-0.27,55.5,55.5,25.3,0,No Event,-0.05,Low,42.0,1.0895,0.0458113105681409,1.091,61.75,0,2022,1,1,3,0
2022-01-24,France,Europe,1.1,0.988,1.916,61.77,3.52,0.8375,-0.0,53.2,56.0,27.9,0,No Event,-0.16,Low,42.0,1.104,0.050050726874615,1.149,62.25,0,2022,1,1,4,0
2022-01-31,France,Europe,1.071,0.946,1.984,61.83,2.6,0.8536,2.07,41.1,57.5,22.3,0,No Event,-0.05,Low,42.0,1.10275,0.0511218274083856,1.1,61.77,0,2022,1,1,5,0
2022-02-07,France,Europe,1.145,1.033,2.115,67.08,2.55,0.8679,1.86,60.0,64.7,24.2,0,No Event,0.34,Low,42.0,1.11625,0.0533028453984897,1.071,61.83,0,2022,2,1,6,0
2022-02-14,France,Europe,1.139,1.049,2.14,67.68,3.17,0.8629,0.97,47.4,63.2,24.6,0,No Event,-0.13,Low,42.0,1.11375,0.0519055434069983,1.145,67.08,0,2022,2,1,7,0
2022-02-21,France,Europe,1.279,1.179,2.602,73.87,10.67,0.8442,0.6,62.7,43.3,32.5,1,Russia-Ukraine War,0.46,Low,42.0,1.1585,0.0528912461849371,1.139,67.68,0,2022,2,1,8,0
2022-02-28,France,Europe,1.343,1.145,2.463,74.76,9.69,0.8495,3.07,52.2,48.4,57.5,1,Russia-Ukraine War,-0.19,Low,42.0,1.2265,0.0529848864099841,1.279,73.87,0,2022,2,1,9,0
2022-03-07,France,Europe,1.328,1.171,2.515,78.7,6.35,0.8453,2.94,53.9,57.7,48.5,1,Russia-Ukraine War,-0.22,Low,42.0,1.27225,0.0474347965155804,1.343,74.76,0,2022,3,1,10,0
2022-03-14,France,Europe,1.243,1.112,2.078,71.49,8.66,0.8632,4.01,62.5,69.3,54.6,1,Russia-Ukraine War,-0.08,Low,42.0,1.29825,0.0543447456442533,1.328,78.7,0,2022,3,1,11,0
2022-03-21,France,Europe,1.368,1.235,2.09,80.92,3.57,0.8612,3.5,42.5,51.0,60.5,1,Russia-Ukraine War,0.07,Low,42.0,1.3205,0.0573638612540961,1.243,71.49,0,2022,3,1,12,0
2022-03-28,France,Europe,1.415,1.232,2.05,80.64,4.02,0.8594,0.8,56.5,51.1,56.1,1,Russia-Ukraine War,-0.44,Low,42.0,1.3385,0.0573885213683174,1.368,80.92,0,2022,3,1,13,0
2022-04-04,France,Europe,1.554,1.353,2.355,86.21,9.02,0.8632,-0.11,50.5,48.3,59.7,1,Russia-Ukraine War,0.5,Low,42.0,1.395,0.0610154727433218,1.415,80.64,0,2022,4,2,14,0
2022-04-11,France,Europe,1.496,1.287,2.256,82.11,10.11,0.8552,0.03,52.8,46.1,45.3,1,Russia-Ukraine War,-0.93,Low,42.0,1.45825,0.0636403146585371,1.554,86.21,0,2022,4,2,15,0
2022-04-18,France,Europe,1.46,1.301,2.542,83.62,8.16,0.8554,2.49,66.2,44.3,40.1,1,Russia-Ukraine War,0.61,Low,42.0,1.4812500000000002,0.0620771608537927,1.496,82.11,0,2022,4,2,16,0
2022-04-25,France,Europe,1.466,1.287,2.734,83.51,8.09,0.8558,0.92,50.5,33.1,56.9,1,Russia-Ukraine War,-0.69,Low,42.0,1.494,0.060358311210152,1.46,83.62,0,2022,4,2,17,0
2022-05-02,France,Europe,1.434,1.318,2.348,82.49,3.39,0.8498,2.2,57.5,47.8,44.1,1,Russia-Ukraine War,-0.44,Low,42.0,1.464,0.0604546661849606,1.466,83.51,0,2022,5,2,18,0
2022-05-09,France,Europe,1.576,1.362,2.493,87.94,7.24,0.8628,0.37,59.0,42.1,51.9,1,Russia-Ukraine War,-0.38,Low,42.0,1.484,0.0638106233083903,1.434,82.49,0,2022,5,2,19,0
2022-05-16,France,Europe,1.469,1.32,2.407,84.08,7.64,0.8441,2.13,60.2,35.9,48.8,1,Russia-Ukraine War,0.29,Low,42.0,1.48625,0.0620957744923381,1.576,87.94,0,2022,5,2,20,0
2022-05-23,France,Europe,1.53,1.353,3.119,87.7,4.67,0.852,3.75,57.9,38.9,50.1,1,Russia-Ukraine War,-0.2,Low,42.0,1.50225,0.0616855693467948,1.469,84.08,0,2022,5,2,21,0
2022-05-30,France,Europe,1.158,1.017,1.811,64.3,8.15,0.8493,0.92,35.2,44.5,53.4,1,Russia-Ukraine War,0.32,Low,42.0,1.43325,0.0963994232859711,1.53,87.7,1,2022,5,2,22,0
2022-06-06,France,Europe,1.153,1.024,2.1,65.27,10.19,0.8512,2.58,57.6,48.1,50.1,1,Russia-Ukraine War,0.36,Low,42.0,1.3275,0.0946988270991134,1.158,64.3,0,2022,6,2,23,0
2022-06-13,France,Europe,1.071,0.972,1.87,61.49,10.42,0.8532,3.0,52.9,55.1,35.6,1,Russia-Ukraine War,0.63,Low,42.0,1.228,0.0907250865395389,1.153,65.27,0,2022,6,2,24,0
2022-06-20,France,Europe,0.981,0.884,1.778,57.32,7.2,0.8512,2.03,51.8,40.6,60.9,1,Russia-Ukraine War,0.41,Low,42.0,1.09075,0.0911829486864087,1.071,61.49,0,2022,6,2,25,0
2022-06-27,France,Europe,1.063,0.933,1.957,58.45,5.92,0.857,1.94,43.8,44.8,48.0,1,Russia-Ukraine War,-0.41,Low,42.0,1.067,0.0894520201873966,0.981,57.32,0,2022,6,2,26,0
2022-07-04,France,Europe,1.02,0.924,1.697,58.77,9.18,0.8577,-0.01,52.6,57.8,56.5,1,Russia-Ukraine War,-0.32,Low,42.0,1.03375,0.0894890039851288,1.063,58.45,0,2022,7,3,27,0
2022-07-11,France,Europe,0.924,0.825,1.614,52.63,8.02,0.8619,2.29,52.6,48.5,55.6,1,Russia-Ukraine War,0.41,Low,42.0,0.997,0.091514834051164,1.02,58.77,0,2022,7,3,28,0
2022-07-18,France,Europe,1.025,0.892,1.518,57.59,4.64,0.8439,2.37,57.1,50.7,57.4,1,Russia-Ukraine War,0.5,Low,42.0,1.008,0.1000559648021926,0.924,52.63,0,2022,7,3,29,0
2022-07-25,France,Europe,0.971,0.869,1.903,54.72,6.17,0.8352,1.49,55.6,36.1,51.1,1,Russia-Ukraine War,0.41,Low,42.0,0.985,0.1003782698620186,1.025,57.59,0,2022,7,3,30,0
2022-08-01,France,Europe,0.883,0.8,1.5,50.98,8.15,0.8484,4.87,49.1,31.7,53.9,1,Russia-Ukraine War,0.25,Low,42.0,0.95075,0.0934165922910114,0.971,54.72,0,2022,8,3,31,0
2022-08-08,France,Europe,0.85,0.761,1.5,47.94,7.93,0.845,4.69,40.5,38.3,61.8,1,Russia-Ukraine War,-0.6,Low,42.0,0.93225,0.0930870773797387,0.883,50.98,0,2022,8,3,32,0
2022-08-15,France,Europe,0.936,0.833,1.5,53.86,7.35,0.8447,1.4,41.7,54.6,39.2,1,Russia-Ukraine War,-0.2,Low,42.0,0.91,0.0992423173936764,0.85,47.94,0,2022,8,3,33,0
2022-08-22,France,Europe,0.868,0.811,1.83,51.14,8.14,0.829,1.11,50.3,37.7,40.4,1,Russia-Ukraine War,-1.0,Low,42.0,0.88425,0.0763492347000297,0.936,53.86,0,2022,8,3,34,0
2022-08-29,France,Europe,0.913,0.774,1.5,51.09,6.31,0.8429,0.97,42.4,53.8,31.7,1,Russia-Ukraine War,0.62,Low,42.0,0.89175,0.079142248656114,0.868,51.14,0,2022,8,3,35,0
2022-09-05,France,Europe,0.824,0.703,1.5,45.22,7.22,0.8339,2.3,60.7,43.6,49.2,1,Russia-Ukraine War,-0.44,Low,42.0,0.8852500000000001,0.0811390488115048,0.913,51.09,0,2022,9,3,36,0
2022-09-12,France,Europe,0.834,0.736,1.513,46.82,7.63,0.8581,1.69,38.0,55.0,60.1,1,Russia-Ukraine War,-0.5,Low,42.0,0.85975,0.0788071619389191,0.824,45.22,1,2022,9,3,37,0
2022-09-19,France,Europe,0.846,0.746,1.5,47.48,4.19,0.8329,1.86,33.0,62.9,43.0,1,Russia-Ukraine War,0.52,Low,42.0,0.85425,0.0736507085027152,0.834,46.82,1,2022,9,3,38,0
2022-09-26,France,Europe,0.901,0.78,1.5,49.17,6.94,0.8268,2.95,38.6,49.6,43.7,1,Russia-Ukraine War,0.14,Low,42.0,0.85125,0.0767442691989413,0.846,47.48,1,2022,9,3,39,0
2022-10-03,France,Europe,0.878,0.749,1.622,48.14,9.95,0.8363,3.67,47.2,53.5,53.0,1,Russia-Ukraine War,-0.63,Low,42.0,0.8647499999999999,0.0721293244251553,0.901,49.17,0,2022,10,4,40,0
2022-10-10,France,Europe,0.849,0.777,1.512,50.09,4.63,0.846,-0.25,52.1,51.4,48.1,1,Russia-Ukraine War,-0.24,Low,42.0,0.8685,0.0633535045191357,0.878,48.14,0,2022,10,4,41,0
2022-10-17,France,Europe,0.812,0.714,1.5,46.7,8.27,0.8384,2.18,46.6,47.8,60.0,1,Russia-Ukraine War,-0.79,Low,42.0,0.8600000000000001,0.0628976396082026,0.849,50.09,0,2022,10,4,42,0
2022-10-24,France,Europe,0.881,0.731,1.73,48.27,5.07,0.8303,5.78,30.3,52.9,40.8,1,Russia-Ukraine War,-0.12,Low,42.0,0.855,0.0636125696621782,0.812,46.7,1,2022,10,4,43,0
2022-10-31,France,Europe,0.898,0.811,1.524,50.65,7.93,0.8402,1.33,49.3,43.0,53.5,1,Russia-Ukraine War,0.7,Low,42.0,0.86,0.0625462046978471,0.881,48.27,0,2022,10,4,44,0
2022-11-07,France,Europe,0.908,0.778,1.5,50.98,6.25,0.854,3.58,55.1,45.2,65.0,1,Russia-Ukraine War,-0.83,Low,42.0,0.87475,0.0550973842132837,0.898,50.65,0,2022,11,4,45,0
2022-11-14,France,Europe,0.941,0.8,1.557,53.38,6.81,0.8456,3.72,36.2,61.1,57.0,1,Russia-Ukraine War,0.47,Low,42.0,0.907,0.0510710418327578,0.908,50.98,1,2022,11,4,46,0
2022-11-21,France,Europe,0.869,0.776,1.627,49.29,9.57,0.851,2.73,43.7,61.0,55.5,1,Russia-Ukraine War,-0.89,Low,42.0,0.904,0.0543789695827643,0.941,53.38,0,2022,11,4,47,0
2022-11-28,France,Europe,0.882,0.763,1.638,49.1,9.7,0.8469,2.0,43.6,44.5,67.0,1,Russia-Ukraine War,0.29,Low,42.0,0.8999999999999999,0.0455382235330138,0.869,49.29,0,2022,11,4,48,0
2022-12-05,France,Europe,0.975,0.93,1.89,56.61,7.78,0.8462,1.31,45.5,44.9,59.2,1,Russia-Ukraine War,0.05,Low,42.0,0.91675,0.0537828179358935,0.882,49.1,0,2022,12,4,49,0
2022-12-12,France,Europe,1.014,0.937,1.621,57.57,6.5,0.8408,2.54,49.9,65.6,39.6,1,Russia-Ukraine War,0.37,Low,42.0,0.935,0.0542877609144189,0.975,56.61,0,2022,12,4,50,0
2022-12-19,France,Europe,0.926,0.873,1.518,54.7,6.0,0.8482,1.36,37.6,54.3,41.1,1,Russia-Ukraine War,0.48,Low,42.0,0.94925,0.0594107089436563,1.014,57.57,1,2022,12,4,51,0
2022-12-26,France,Europe,1.134,0.947,1.603,61.55,10.25,0.8557,2.23,45.5,47.4,38.4,1,Russia-Ukraine War,-0.04,Low,42.0,1.01225,0.0860587292944306,0.926,54.7,0,2022,12,4,52,0
2023-01-02,France,Europe,1.064,0.925,1.5,59.26,4.6,0.8665,1.41,50.7,54.2,45.4,1,Russia-Ukraine War,-0.39,Low,42.0,1.0345,0.0881826121680871,1.134,61.55,0,2023,1,1,1,0
2023-01-09,France,Europe,1.091,1.013,1.942,63.72,6.95,0.8494,4.7,44.8,64.7,63.6,1,Russia-Ukraine War,0.64,Low,42.0,1.05375,0.0857079279032492,1.064,59.26,0,2023,1,1,2,0
2023-01-16,France,Europe,1.076,0.982,1.976,62.2,7.17,0.8554,4.05,60.9,49.0,44.2,1,Russia-Ukraine War,0.17,Low,42.0,1.09125,0.0844809754946058,1.091,63.72,0,2023,1,1,3,0
2023-01-23,France,Europe,1.153,1.017,1.951,67.51,8.77,0.8589,2.25,45.4,51.2,56.0,1,Russia-Ukraine War,-0.5,Low,42.0,1.096,0.0857860835029045,1.076,62.2,0,2023,1,1,4,0
2023-01-30,France,Europe,1.195,1.081,1.799,67.97,6.07,0.8469,2.54,47.5,42.4,53.9,1,Russia-Ukraine War,-0.35,Low,42.0,1.12875,0.085746019601164,1.153,67.51,0,2023,1,1,5,0
2023-02-06,France,Europe,1.097,0.991,1.729,65.04,10.27,0.8603,2.77,40.6,40.0,38.2,1,Russia-Ukraine War,-0.78,Low,42.0,1.13025,0.091127155053629,1.195,67.97,0,2023,2,1,6,0
2023-02-13,France,Europe,1.186,1.094,1.749,67.47,9.75,0.8596,0.16,44.1,49.4,60.4,1,Russia-Ukraine War,0.52,Low,42.0,1.15775,0.0878069167887268,1.097,65.04,0,2023,2,1,7,0
2023-02-20,France,Europe,1.225,1.065,1.686,68.76,6.04,0.862,2.47,55.2,57.6,55.8,1,Russia-Ukraine War,0.6,Low,42.0,1.17575,0.0876875294503983,1.186,67.47,0,2023,2,1,8,0
2023-02-27,France,Europe,1.239,1.102,2.409,69.88,2.39,0.8534,3.36,50.3,61.0,20.7,0,No Event,0.57,Low,42.0,1.18675,0.084586343667311,1.225,68.76,0,2023,2,1,9,0
2023-03-06,France,Europe,1.201,1.074,2.436,68.55,2.99,0.8543,4.12,34.2,50.5,23.0,0,No Event,-0.1,Low,42.0,1.21275,0.0857670268491001,1.239,69.88,1,2023,3,1,10,0
2023-03-13,France,Europe,1.234,1.127,2.136,70.59,2.71,0.8536,1.25,39.9,38.6,22.9,0,No Event,-0.52,Low,42.0,1.22475,0.0792469087576862,1.201,68.55,0,2023,3,1,11,0
2023-03-20,France,Europe,1.241,1.057,1.782,68.62,1.71,0.8543,4.25,49.3,45.8,23.8,0,No Event,0.57,Low,42.0,1.22875,0.0490275217986934,1.234,70.59,0,2023,3,1,12,0
2023-03-27,France,Europe,1.098,1.004,1.677,65.76,2.85,0.8397,0.67,46.4,50.3,26.8,0,No Event,0.0,Low,42.0,1.1935000000000002,0.0576787353377226,1.241,68.62,0,2023,3,1,13,0
2023-04-03,France,Europe,1.161,1.011,2.153,66.22,2.08,0.8659,2.27,57.8,55.2,23.2,0,No Event,0.35,Low,42.0,1.1835,0.059459517553537,1.098,65.76,0,2023,4,2,14,0
2023-04-10,France,Europe,1.227,1.063,1.883,67.14,3.12,0.8503,2.8,59.0,55.0,21.9,0,No Event,-0.43,Low,42.0,1.18175,0.0607144684541765,1.161,66.22,0,2023,4,2,15,0
2023-04-17,France,Europe,1.215,1.055,2.329,67.49,2.88,0.8497,2.88,58.3,43.9,22.4,0,No Event,0.23,Low,42.0,1.17525,0.0580319467864934,1.227,67.14,0,2023,4,2,16,0
2023-04-24,France,Europe,1.211,1.095,1.776,69.17,3.02,0.8552,-0.33,48.6,41.5,25.7,0,No Event,-0.06,Low,42.0,1.2035,0.0572640837543215,1.215,67.49,0,2023,4,2,17,0
2023-05-01,France,Europe,1.276,1.113,2.543,71.37,3.47,0.8709,2.16,60.9,51.4,29.4,0,No Event,-0.22,Low,42.0,1.23225,0.0521992808358105,1.211,69.17,0,2023,5,2,18,0
2023-05-08,France,Europe,1.193,1.062,2.08,67.14,2.48,0.8629,2.01,45.8,46.8,27.9,0,No Event,0.34,Low,42.0,1.22375,0.0521553719294449,1.276,71.37,0,2023,5,2,19,0
2023-05-15,France,Europe,1.2,1.073,2.106,70.28,2.69,0.84,3.01,53.8,58.2,28.9,0,No Event,-0.6,Low,42.0,1.22,0.051266133843232,1.193,67.14,0,2023,5,2,20,0
2023-05-22,France,Europe,1.09,0.948,1.717,60.72,2.21,0.8617,3.74,52.9,50.5,23.9,0,No Event,-0.2,Low,42.0,1.18975,0.0573659232675824,1.2,70.28,0,2023,5,2,21,0
2023-05-29,France,Europe,1.072,0.948,1.59,60.58,3.17,0.8577,2.3,62.8,49.3,20.9,0,No Event,1.22,Low,42.0,1.13875,0.0570257734843438,1.09,60.72,0,2023,5,2,22,0
2023-06-05,France,Europe,1.095,0.972,1.6,62.07,2.79,0.8618,0.3,60.3,61.2,24.2,0,No Event,-0.98,Low,42.0,1.11425,0.0567119380529598,1.072,60.58,0,2023,6,2,23,0
2023-06-12,France,Europe,1.098,0.91,1.774,60.44,2.37,0.8514,1.65,49.9,43.2,22.0,0,No Event,-0.6,Low,42.0,1.08875,0.0566521300965026,1.095,62.07,0,2023,6,2,24,0
2023-06-19,France,Europe,1.057,0.916,2.023,59.84,3.09,0.8488,1.28,43.2,65.6,25.6,0,No Event,-0.45,Low,42.0,1.0805,0.0469617392380087,1.098,60.44,0,2023,6,2,25,0
2023-06-26,France,Europe,1.026,0.877,1.523,56.35,2.74,0.8495,4.63,49.3,36.5,24.4,0,No Event,-0.33,Low,42.0,1.069,0.0435158446919635,1.057,59.84,0,2023,6,2,26,0
2023-07-03,France,Europe,0.982,0.878,1.5,57.4,3.23,0.854,1.04,50.1,57.0,23.3,0,No Event,-0.01,Low,42.0,1.04075,0.0390110244088909,1.026,56.35,0,2023,7,3,27,0
2023-07-10,France,Europe,0.948,0.852,1.72,54.03,2.46,0.8534,0.99,45.6,44.2,29.1,0,No Event,-0.19,Low,42.0,1.00325,0.0392125567498276,0.982,57.4,0,2023,7,3,28,0
2023-07-17,France,Europe,0.978,0.892,2.014,57.57,3.39,0.8546,3.21,39.7,38.1,20.3,0,No Event,-0.07,Low,42.0,0.9835,0.0417596582043061,0.948,54.03,0,2023,7,3,29,0
2023-07-24,France,Europe,1.001,0.873,1.883,56.0,2.83,0.8576,4.8,52.5,42.0,21.4,0,No Event,0.71,Low,42.0,0.97725,0.0378555461560319,0.978,57.57,0,2023,7,3,30,0
2023-07-31,France,Europe,0.92,0.789,1.684,51.13,2.61,0.8399,-0.81,58.9,69.8,22.4,0,No Event,-0.43,Low,42.0,0.96175,0.0398235446495786,1.001,56.0,0,2023,7,3,31,0
2023-08-07,France,Europe,0.856,0.795,1.5,51.31,2.28,0.8425,2.31,41.7,49.1,29.1,0,No Event,-0.18,Low,42.0,0.93875,0.041183896110245,0.92,51.13,0,2023,8,3,32,0
2023-08-14,France,Europe,0.849,0.745,1.5,48.79,2.22,0.8481,0.14,32.1,38.7,20.2,0,No Event,-0.29,Low,42.0,0.9065,0.0359819429083931,0.856,51.31,1,2023,8,3,33,0
2023-08-21,France,Europe,0.862,0.765,1.5,49.03,2.89,0.8528,2.45,45.6,35.8,20.2,0,No Event,-0.04,Low,42.0,0.8717499999999999,0.0374069275628851,0.849,48.79,0,2023,8,3,34,0
2023-08-28,France,Europe,0.966,0.826,1.757,53.14,2.8,0.8325,3.72,47.9,54.1,21.2,0,No Event,-0.65,Low,42.0,0.88325,0.0540283128803964,0.862,49.03,0,2023,8,3,35,0
2023-09-04,France,Europe,0.845,0.746,1.5,47.22,3.39,0.8604,2.04,53.8,47.7,24.5,0,No Event,0.4,Low,42.0,0.8805,0.0633187034790598,0.966,53.14,0,2023,9,3,36,0
2023-09-11,France,Europe,0.895,0.788,1.5,49.9,2.37,0.8423,0.78,43.9,45.9,26.3,0,No Event,1.03,Low,42.0,0.892,0.0669086066689967,0.845,47.22,0,2023,9,3,37,0
2023-09-18,France,Europe,0.832,0.785,1.5,49.3,3.38,0.8387,3.45,41.5,55.5,20.9,0,No Event,-1.2,Low,42.0,0.8845000000000001,0.0689118893012164,0.895,49.9,0,2023,9,3,38,0
2023-09-25,France,Europe,0.907,0.826,1.614,52.71,2.8,0.8424,0.19,59.3,63.6,22.3,0,No Event,-0.48,Low,42.0,0.86975,0.0745130369541967,0.832,49.3,0,2023,9,3,39,0
2023-10-02,France,Europe,0.914,0.764,1.679,51.97,3.82,0.8611,4.18,50.0,49.4,41.8,1,Middle East Crisis,0.27,Low,42.0,0.887,0.0739334688324964,0.907,52.71,0,2023,10,4,40,0
2023-10-09,France,Europe,0.902,0.805,1.634,51.94,4.24,0.8677,0.74,39.2,51.6,34.1,1,Middle East Crisis,0.3,Low,42.0,0.88875,0.0732900113651415,0.914,51.97,1,2023,10,4,41,0
2023-10-16,France,Europe,0.997,0.857,1.518,56.13,4.08,0.8951,1.69,41.9,55.2,50.1,1,Middle East Crisis,-0.54,Low,42.0,0.93,0.0796366356775443,0.902,51.94,0,2023,10,4,42,0
2023-10-23,France,Europe,0.942,0.858,1.5,55.51,5.91,0.9062,3.64,61.0,53.6,43.8,1,Middle East Crisis,0.54,Low,42.0,0.93875,0.0775004204112146,0.997,56.13,0,2023,10,4,43,0
2023-10-30,France,Europe,1.159,1.06,1.87,66.39,3.65,0.9572,-0.27,42.9,59.5,53.3,1,Middle East Crisis,1.35,Low,42.0,1.0,0.0972200947831895,0.942,55.51,0,2023,10,4,44,0
2023-11-06,France,Europe,1.128,0.991,2.103,63.89,9.36,0.9797,2.12,43.0,62.9,59.0,1,Middle East Crisis,-0.48,Low,42.0,1.0565,0.0980225099043684,1.159,66.39,0,2023,11,4,45,0
2023-11-13,France,Europe,1.126,1.017,2.195,63.98,8.16,0.9908,2.02,55.7,61.2,58.7,1,Middle East Crisis,-0.21,Low,42.0,1.08875,0.0983497098718121,1.128,63.89,0,2023,11,4,46,0
2023-11-20,France,Europe,1.203,1.099,1.803,67.74,5.13,1.0229,1.48,48.1,62.6,53.5,1,Middle East Crisis,-0.0,Low,42.0,1.154,0.0949100193469579,1.126,63.98,0,2023,11,4,47,0
2023-11-27,France,Europe,1.231,1.136,2.106,72.84,6.56,1.0653,0.55,47.2,54.0,40.8,1,Middle East Crisis,-0.83,Low,42.0,1.172,0.0828197560905935,1.203,67.74,0,2023,11,4,48,0
2023-12-04,France,Europe,1.323,1.184,2.608,75.18,6.02,1.0959,1.11,56.8,57.5,58.1,1,Middle East Crisis,1.14,Low,42.0,1.22075,0.0833568838886286,1.231,72.84,0,2023,12,4,49,0
2023-12-11,France,Europe,1.405,1.204,2.452,77.57,5.17,1.1255,0.31,52.6,58.5,43.8,1,Middle East Crisis,0.57,Low,42.0,1.2905000000000002,0.0764624868430344,1.323,75.18,0,2023,12,4,50,0
2023-12-18,France,Europe,1.479,1.287,2.037,82.15,3.99,1.1969,2.28,49.6,63.7,31.2,1,Middle East Crisis,-0.22,Low,42.0,1.3595000000000002,0.0753007374178824,1.405,77.57,0,2023,12,4,51,0
2023-12-25,France,Europe,1.362,1.262,2.634,79.92,5.51,1.2686,3.86,55.5,53.6,50.3,1,Middle East Crisis,0.08,Low,42.0,1.3922500000000002,0.0828896791342903,1.479,82.15,0,2023,12,4,52,0
2024-01-01,France,Europe,1.523,1.332,2.287,85.06,4.83,1.2801,2.43,39.0,66.0,40.3,1,Middle East Crisis,-0.28,Low,42.0,1.44225,0.084365047317864,1.362,79.92,1,2024,1,1,1,0
2024-01-08,France,Europe,1.06,0.983,1.872,61.6,4.96,1.3013,1.83,55.0,57.5,50.5,1,Middle East Crisis,-0.94,Low,42.0,1.356,0.1295756869106088,1.523,85.06,0,2024,1,1,2,0
2024-01-15,France,Europe,1.039,0.952,1.634,58.96,6.53,1.3728,1.09,66.4,52.2,55.0,1,Middle East Crisis,-1.02,Low,42.0,1.246,0.1282661210331477,1.06,61.6,0,2024,1,1,3,0
2024-01-22,France,Europe,1.091,0.946,1.756,61.79,5.18,1.3852,-1.28,63.0,56.3,54.0,1,Middle East Crisis,0.56,Low,42.0,1.17825,0.1102306873433831,1.039,58.96,0,2024,1,1,4,0
2024-01-29,France,Europe,1.192,1.086,1.731,68.75,7.9,1.4349,2.84,46.3,51.3,42.3,1,Middle East Crisis,0.65,Low,42.0,1.0955,0.1128039620572175,1.091,61.79,0,2024,1,1,5,0
2024-02-05,France,Europe,1.212,1.046,1.778,68.9,4.26,1.5034,-0.4,43.6,59.0,40.6,1,Middle East Crisis,0.85,Low,42.0,1.1335,0.1127336437738656,1.192,68.75,0,2024,2,1,6,0
2024-02-12,France,Europe,1.102,1.004,1.618,64.71,5.07,1.5167,0.21,53.9,47.5,39.9,1,Middle East Crisis,-0.43,Low,42.0,1.14925,0.1149618682921316,1.212,68.9,0,2024,2,1,7,0
2024-02-19,France,Europe,1.218,1.089,1.791,70.27,4.44,1.5287,3.75,58.2,65.4,55.3,1,Middle East Crisis,-0.4,Low,42.0,1.181,0.118859579149602,1.102,64.71,0,2024,2,1,8,0
2024-02-26,France,Europe,1.206,1.103,1.988,69.69,4.98,1.5464,4.86,51.9,57.9,50.8,1,Middle East Crisis,0.48,Low,42.0,1.1845,0.1169408161164201,1.218,70.27,0,2024,2,1,9,0
2024-03-04,France,Europe,1.29,1.159,2.514,75.02,4.09,1.6412,2.03,42.4,52.6,37.6,1,Middle East Crisis,-0.05,Low,42.0,1.2040000000000002,0.1173337444222468,1.206,69.69,0,2024,3,1,10,0
2024-03-11,France,Europe,1.264,1.165,2.16,71.21,7.86,1.7205,-1.13,52.6,50.4,37.0,1,Middle East Crisis,0.09,Low,42.0,1.2445,0.1162480403960175,1.29,75.02,0,2024,3,1,11,0
2024-03-18,France,Europe,1.235,1.118,1.895,69.9,3.94,1.7635,0.91,57.3,39.0,42.8,1,Middle East Crisis,-0.15,Low,42.0,1.24875,0.1141455791829215,1.264,71.21,0,2024,3,1,12,0
2024-03-25,France,Europe,1.183,1.032,2.314,66.47,4.58,1.7938,6.15,70.2,47.5,50.1,1,Middle East Crisis,0.01,Low,42.0,1.243,0.1081154454508989,1.235,69.9,0,2024,3,1,13,0
2024-04-01,France,Europe,1.124,1.046,1.891,66.35,4.92,1.8585,3.38,55.0,48.6,58.6,1,Middle East Crisis,-0.19,Low,42.0,1.2015,0.0608202634872342,1.183,66.47,0,2024,4,2,14,0
2024-04-08,France,Europe,1.25,1.094,1.922,71.29,8.24,1.9451,-0.73,57.5,50.9,55.8,1,Middle East Crisis,0.5,Low,42.0,1.198,0.0672046550618494,1.124,66.35,0,2024,4,2,15,0
2024-04-15,France,Europe,1.156,1.062,2.141,67.08,5.93,1.9755,2.52,58.7,57.1,52.1,1,Middle East Crisis,0.36,Low,42.0,1.17825,0.0713015308599925,1.25,71.29,0,2024,4,2,16,0
2024-04-22,France,Europe,1.15,0.965,1.985,64.7,7.25,2.1262,1.47,47.0,53.1,59.1,1,Middle East Crisis,-0.65,Low,42.0,1.17,0.0660413253444871,1.156,67.08,0,2024,4,2,17,0
2024-04-29,France,Europe,1.152,1.001,1.747,65.47,4.94,2.18,0.06,66.5,42.5,36.6,1,Middle East Crisis,0.79,Low,42.0,1.1769999999999998,0.0658150901030644,1.15,64.7,0,2024,4,2,18,0
2024-05-06,France,Europe,1.124,0.999,1.782,63.63,5.27,2.2608,2.32,60.0,24.2,61.5,1,Middle East Crisis,0.12,Low,42.0,1.1455,0.0602540574462901,1.152,65.47,0,2024,5,2,19,0
2024-05-13,France,Europe,1.224,1.06,2.177,69.16,8.08,2.3652,5.36,48.9,54.5,46.7,1,Middle East Crisis,0.15,Low,42.0,1.1625,0.0578832483225736,1.124,63.63,0,2024,5,2,20,0
2024-05-20,France,Europe,1.151,1.03,1.998,66.77,7.83,2.3863,4.19,61.8,51.1,52.2,1,Middle East Crisis,-0.6,Low,42.0,1.16275,0.0605264811899478,1.224,69.16,0,2024,5,2,21,0
2024-05-27,France,Europe,1.157,1.003,2.033,63.75,4.76,2.4314,1.31,41.3,58.7,43.9,1,Middle East Crisis,0.43,Low,42.0,1.164,0.0562771522103265,1.151,66.77,0,2024,5,2,22,0
2024-06-03,France,Europe,1.14,0.994,2.168,64.96,8.29,2.5381,1.78,41.2,46.8,57.9,1,Middle East Crisis,0.2,Low,42.0,1.168,0.0561885385847126,1.157,63.75,0,2024,6,2,23,0
2024-06-10,France,Europe,1.107,0.951,1.988,62.3,3.93,2.6109,2.68,53.9,28.1,45.4,1,Middle East Crisis,-0.6,Low,42.0,1.13875,0.0563683017658653,1.14,64.96,0,2024,6,2,24,0
2024-06-17,France,Europe,1.013,0.877,1.724,58.35,6.71,2.6724,2.91,45.1,36.2,44.1,1,Middle East Crisis,0.05,Low,42.0,1.10425,0.0599849547782735,1.107,62.3,0,2024,6,2,25,0
2024-06-24,France,Europe,1.092,0.952,2.11,61.95,9.35,2.7203,1.82,55.1,63.7,42.8,1,Middle East Crisis,0.35,Low,42.0,1.088,0.0637350420038144,1.013,58.35,0,2024,6,2,26,0
2024-07-01,France,Europe,1.03,0.951,1.913,60.01,6.37,2.875,1.9,41.2,46.6,54.0,1,Middle East Crisis,0.63,Low,42.0,1.0605,0.0545815205701381,1.092,61.95,0,2024,7,3,27,0
2024-07-08,France,Europe,0.945,0.873,1.875,55.4,4.01,2.9648,1.22,63.0,44.5,40.5,1,Middle East Crisis,0.44,Low,42.0,1.02,0.0553556740065361,1.03,60.01,0,2024,7,3,28,0
2024-07-15,France,Europe,0.972,0.848,1.5,55.72,6.15,3.1276,3.25,62.4,53.0,40.2,1,Middle East Crisis,0.39,Low,42.0,1.00975,0.056754152620304,0.945,55.4,0,2024,7,3,29,0
2024-07-22,France,Europe,0.944,0.805,1.551,52.01,8.33,3.2113,3.05,59.3,40.5,37.6,1,Middle East Crisis,0.16,Low,42.0,0.97275,0.0567452135543391,0.972,55.72,0,2024,7,3,30,0
2024-07-29,France,Europe,0.912,0.834,1.5,51.87,6.13,3.3363,1.78,60.5,52.7,38.8,1,Middle East Crisis,-0.54,Low,42.0,0.94325,0.0569555682030365,0.944,52.01,0,2024,7,3,31,0
2024-08-05,France,Europe,0.989,0.851,1.63,55.15,6.16,3.4153,0.79,50.9,48.7,33.6,1,Middle East Crisis,0.29,Low,42.0,0.95425,0.0562069082327765,0.912,51.87,0,2024,8,3,32,0
2024-08-12,France,Europe,0.951,0.874,1.711,55.28,9.0,3.5871,0.85,48.2,49.9,40.1,1,Middle East Crisis,-0.24,Low,42.0,0.949,0.0550365335779528,0.989,55.15,0,2024,8,3,33,0
2024-08-19,France,Europe,0.831,0.75,1.5,47.81,5.32,3.7444,3.48,38.7,51.2,57.7,1,Middle East Crisis,1.48,Low,42.0,0.92075,0.0632395342256121,0.951,55.28,1,2024,8,3,34,0
2024-08-26,France,Europe,0.946,0.848,1.613,53.63,8.76,3.7127,3.51,48.4,45.1,36.6,1,Middle East Crisis,-0.56,Low,42.0,0.92925,0.0790481262336682,0.831,47.81,0,2024,8,3,35,0
2024-09-02,France,Europe,0.851,0.787,1.5,50.08,8.09,3.7812,2.52,52.9,43.4,52.3,1,Middle East Crisis,0.49,Low,42.0,0.8947499999999999,0.0829872768996256,0.946,53.63,0,2024,9,3,36,0
2024-09-09,France,Europe,0.9,0.769,1.5,50.07,6.84,4.0771,1.06,41.4,60.0,56.2,1,Middle East Crisis,-0.72,Low,42.0,0.882,0.0828221389248995,0.851,50.08,0,2024,9,3,37,0
2024-09-16,France,Europe,0.894,0.756,1.5,48.82,8.94,4.2015,1.1,38.3,62.0,48.5,1,Middle East Crisis,0.65,Low,42.0,0.89775,0.0784452131874042,0.9,50.07,1,2024,9,3,38,0
2024-09-23,France,Europe,0.858,0.781,1.623,49.05,6.92,4.1864,0.21,46.7,54.8,49.1,1,Middle East Crisis,0.21,Low,42.0,0.87575,0.0777634321184833,0.894,48.82,0,2024,9,3,39,0
2024-09-30,France,Europe,0.913,0.777,1.5,50.89,3.56,4.3322,2.05,55.1,58.6,34.2,1,Middle East Crisis,0.72,Low,42.0,0.89125,0.0772529582695562,0.858,49.05,0,2024,9,3,40,0
2024-10-07,France,Europe,0.842,0.766,1.5,48.34,3.83,4.3954,0.73,44.0,61.5,25.0,0,No Event,-0.37,Low,42.0,0.87675,0.0797203994970637,0.913,50.89,0,2024,10,4,41,0
2024-10-14,France,Europe,0.89,0.792,1.773,50.61,2.6,4.3577,2.29,38.0,55.1,22.0,0,No Event,0.05,Low,42.0,0.87575,0.0816081577037134,0.842,48.34,1,2024,10,4,42,0
2024-10-21,France,Europe,0.934,0.83,1.817,52.17,3.01,4.302,1.28,35.8,55.2,25.0,0,No Event,0.1,Low,42.0,0.8947499999999999,0.0821762786603696,0.89,50.61,1,2024,10,4,43,0
2024-10-28,France,Europe,0.888,0.784,1.5,50.26,2.92,4.2737,1.18,55.8,48.3,26.1,0,No Event,0.31,Low,42.0,0.8885000000000001,0.0794608232482338,0.934,52.17,0,2024,10,4,44,0
2024-11-04,France,Europe,0.893,0.784,1.605,50.59,3.22,4.2797,6.33,54.7,57.5,20.4,0,No Event,-0.17,Low,42.0,0.90125,0.0788439079961225,0.888,50.26,0,2024,11,4,45,0
2024-11-11,France,Europe,0.925,0.805,1.5,51.95,2.98,4.3641,0.14,50.2,61.8,28.5,0,No Event,-0.55,Low,42.0,0.91,0.0689674938458009,0.893,50.59,0,2024,11,4,46,0
2024-11-18,France,Europe,0.965,0.875,1.911,56.14,3.39,4.3385,0.53,47.1,55.0,26.5,0,No Event,0.7,Low,42.0,0.91775,0.0575285010067043,0.925,51.95,0,2024,11,4,47,0
2024-11-25,France,Europe,0.959,0.862,1.643,55.2,3.39,4.3707,1.57,46.2,53.9,20.0,0,No Event,-0.01,Low,42.0,0.9355,0.0476877143403058,0.965,56.14,0,2024,11,4,48,0
2024-12-02,France,Europe,0.939,0.839,1.895,54.13,3.66,4.3261,1.67,46.2,35.3,24.9,0,No Event,0.24,Low,42.0,0.947,0.0460794379192811,0.959,55.2,0,2024,12,4,49,0
2024-12-09,France,Europe,0.993,0.869,1.785,57.18,1.89,4.3163,3.32,42.6,55.9,26.2,0,No Event,-0.24,Low,42.0,0.964,0.0483321195615714,0.939,54.13,0,2024,12,4,50,0
2024-12-16,France,Europe,1.125,0.994,2.023,62.57,3.0,4.3582,-0.04,44.5,59.1,20.9,0,No Event,0.09,Low,42.0,1.004,0.0570702064526959,0.993,57.18,0,2024,12,4,51,0
2024-12-23,France,Europe,1.028,0.911,2.056,57.52,2.56,4.3963,-0.55,51.5,69.1,22.1,0,No Event,0.8,Low,42.0,1.02125,0.0636574821526206,1.125,62.57,0,2024,12,4,52,0
2024-12-30,France,Europe,1.086,0.956,1.886,60.77,2.47,4.2768,0.1,42.6,53.8,29.7,0,No Event,0.22,Low,42.0,1.058,0.0580365414703273,1.028,57.52,0,2024,12,4,1,0
2025-01-06,France,Europe,1.168,1.038,1.907,65.62,2.57,4.4088,1.15,63.3,50.1,22.6,0,No Event,0.28,Low,42.0,1.10175,0.0592561536162046,1.086,60.77,0,2025,1,1,2,0
2025-01-13,France,Europe,1.122,1.013,2.273,65.98,3.47,4.4187,1.72,49.8,57.4,20.7,0,No Event,-1.13,Low,42.0,1.101,0.061367344404979,1.168,65.62,0,2025,1,1,3,0
2025-01-20,France,Europe,1.129,0.971,2.009,63.44,2.94,4.3679,2.65,46.1,55.5,25.9,0,No Event,1.06,Low,42.0,1.12625,0.0579066308495948,1.122,65.98,0,2025,1,1,4,0
2025-01-27,France,Europe,1.132,0.98,2.103,62.81,3.43,4.4041,-0.1,36.9,67.5,27.5,0,No Event,1.09,Low,42.0,1.13775,0.0579880385823709,1.129,63.44,1,2025,1,1,5,0
2025-02-03,France,Europe,1.125,1.03,1.57,64.4,2.76,4.4405,0.96,43.7,44.1,20.4,0,No Event,-0.37,Low,42.0,1.127,0.0583096377621283,1.132,62.81,0,2025,2,1,6,0
2025-02-10,France,Europe,1.171,1.043,1.947,67.46,3.73,4.4195,1.91,57.7,51.7,24.0,0,No Event,-1.11,Low,42.0,1.13925,0.0582207632797043,1.125,64.4,0,2025,2,1,7,0
2025-02-17,France,Europe,1.192,1.049,1.619,67.22,3.75,4.3933,3.97,57.3,57.0,26.5,0,No Event,0.15,Low,42.0,1.1549999999999998,0.0577313937636476,1.171,67.46,0,2025,2,1,8,0
2025-02-24,France,Europe,1.163,1.045,1.822,66.15,2.99,4.4255,-1.61,52.6,42.9,22.6,0,No Event,0.17,Low,42.0,1.16275,0.0579619591141736,1.192,67.22,0,2025,2,1,9,0
2025-03-03,France,Europe,1.284,1.166,2.067,72.17,2.87,4.3492,1.66,47.9,49.0,23.0,0,No Event,0.6,Low,42.0,1.2025,0.0621420075761323,1.163,66.15,0,2025,3,1,10,0
2025-03-10,France,Europe,1.223,1.072,2.378,67.16,3.63,4.371,-0.19,47.2,46.9,25.0,0,No Event,0.4,Low,42.0,1.2155,0.0545949274208534,1.284,72.17,0,2025,3,1,11,0
2025-03-17,France,Europe,1.206,1.081,1.881,69.74,3.4,4.4129,3.15,56.4,49.4,22.2,0,No Event,-0.24,Low,42.0,1.219,0.046616080778412,1.223,67.16,0,2025,3,1,12,0
2025-03-24,France,Europe,1.225,1.075,1.851,68.13,2.32,4.3181,3.15,50.1,49.1,27.1,0,No Event,0.57,Low,42.0,1.2345,0.0447204887864022,1.206,69.74,0,2025,3,1,13,0
2025-03-31,France,Europe,1.281,1.098,2.241,71.36,2.3,4.3017,1.74,52.1,56.2,24.9,0,No Event,0.9,Low,42.0,1.23375,0.0415252070143131,1.225,68.13,0,2025,3,1,14,0
2025-04-07,France,Europe,1.251,1.092,1.946,70.17,3.04,4.3264,1.42,61.6,51.1,20.8,0,No Event,0.15,Low,42.0,1.24075,0.0400825672516565,1.281,71.36,0,2025,4,2,15,0
2025-04-14,France,Europe,1.217,1.08,2.168,70.08,4.02,4.3665,3.15,61.3,43.6,23.5,0,No Event,-0.24,Low,42.0,1.2435,0.041490407304655,1.251,70.17,0,2025,4,2,16,0
2025-04-21,France,Europe,1.173,1.061,1.866,66.04,3.36,4.4609,0.9,54.0,34.0,24.3,0,No Event,-0.55,Low,42.0,1.2305,0.0433348098623766,1.217,70.08,0,2025,4,2,17,0
2025-04-28,France,Europe,1.241,1.069,2.364,68.42,2.97,4.4029,1.44,50.2,34.6,20.3,0,No Event,-0.36,Low,42.0,1.2205,0.0458735030546319,1.173,66.04,0,2025,4,2,18,0
2025-05-05,France,Europe,1.157,1.042,2.164,66.43,2.9,4.4313,1.51,50.3,39.9,29.8,0,No Event,0.09,Low,42.0,1.197,0.0496008120597915,1.241,68.42,0,2025,5,2,19,0
2025-05-12,France,Europe,1.223,1.049,2.276,68.52,2.44,4.3631,1.38,44.2,36.5,25.8,0,No Event,0.3,Low,42.0,1.1985,0.0521008847193754,1.157,66.43,0,2025,5,2,20,0
2025-05-19,France,Europe,1.14,1.005,2.242,65.63,3.0,4.4174,5.32,61.1,46.6,20.1,0,No Event,0.34,Low,42.0,1.19025,0.0556026773099046,1.223,68.52,0,2025,5,2,21,0
2025-05-26,France,Europe,1.134,1.03,1.884,64.61,2.47,4.3029,3.68,55.9,52.1,27.8,0,No Event,0.89,Low,42.0,1.1635,0.0448813086627071,1.14,65.63,0,2025,5,2,22,0
2025-06-02,France,Europe,1.109,0.982,2.12,65.45,2.62,4.3752,0.93,59.7,42.9,29.2,0,No Event,-0.48,Low,42.0,1.1515,0.0434950714849076,1.134,64.61,0,2025,6,2,23,0
2025-06-09,France,Europe,1.016,0.929,1.5,58.78,3.07,4.4162,1.43,49.7,47.1,25.3,0,No Event,-0.55,Low,42.0,1.09975,0.0488286297115335,1.109,65.45,0,2025,6,2,24,0
2025-06-16,France,Europe,1.009,0.933,2.042,58.54,3.29,4.3861,0.71,58.4,36.7,21.2,0,No Event,0.19,Low,42.0,1.067,0.0480441377214151,1.016,58.78,0,2025,6,2,25,0
2025-06-23,France,Europe,1.065,0.917,1.531,60.29,3.31,4.3868,3.67,51.1,52.6,22.7,0,No Event,0.44,Low,42.0,1.04975,0.0492361178713569,1.009,58.54,0,2025,6,2,26,0
2025-06-30,France,Europe,1.064,0.908,1.825,59.21,2.61,4.4342,0.67,39.6,51.3,28.1,0,No Event,-0.13,Low,42.0,1.0385,0.0492791924813992,1.065,60.29,1,2025,6,2,27,0
2025-07-07,France,Europe,1.037,0.897,1.5,59.66,3.58,4.3497,1.49,49.4,65.2,27.3,0,No Event,-0.64,Low,42.0,1.04375,0.0492323840620581,1.064,59.21,0,2025,7,3,28,0
2025-07-14,France,Europe,0.994,0.891,1.872,56.51,2.99,4.3758,3.0,42.8,35.2,27.4,0,No Event,-0.14,Low,42.0,1.04,0.0494911932602985,1.037,59.66,0,2025,7,3,29,0
2025-07-21,France,Europe,0.939,0.905,1.993,55.46,2.78,4.2786,3.06,49.0,40.7,25.0,0,No Event,0.89,Low,42.0,1.0085,0.045452500373495,0.994,56.51,0,2025,7,3,30,0
2025-07-28,France,Europe,0.993,0.856,1.726,54.79,2.88,4.2933,0.6,47.4,48.5,22.3,0,No Event,0.83,Low,42.0,0.99075,0.0482954941418631,0.939,55.46,0,2025,7,3,31,0
2025-08-04,France,Europe,0.965,0.891,1.943,56.71,3.1,4.3498,0.85,41.7,55.3,23.6,0,No Event,-0.09,Low,42.0,0.97275,0.0432939465307001,0.993,54.79,0,2025,8,3,32,0
2025-08-11,France,Europe,0.932,0.847,1.5,54.33,3.0,4.3357,1.12,45.7,53.0,20.2,0,No Event,0.21,Low,42.0,0.95725,0.0408383128934049,0.965,56.71,0,2025,8,3,33,0
2025-08-18,France,Europe,0.918,0.825,1.614,52.69,2.87,4.3729,2.92,41.9,39.9,27.5,0,No Event,-0.57,Low,42.0,0.952,0.0407046298139707,0.932,54.33,0,2025,8,3,34,0
2025-08-25,France,Europe,0.896,0.815,1.5,51.79,2.31,4.3089,1.7,46.4,44.5,20.4,0,No Event,0.19,Low,42.0,0.92775,0.0407313372154972,0.918,52.69,0,2025,8,3,35,0
2025-09-01,France,Europe,0.899,0.781,1.5,51.19,3.82,4.3058,1.4,37.3,55.6,21.9,0,No Event,-0.03,Low,42.0,0.91125,0.0350764239793532,0.896,51.79,1,2025,9,3,36,0
2025-09-08,France,Europe,0.914,0.818,1.5,50.7,3.16,4.3295,1.86,58.0,51.5,24.7,0,No Event,-0.09,Low,42.0,0.90675,0.0358918592291965,0.899,51.19,0,2025,9,3,37,0
2025-09-15,France,Europe,0.888,0.765,1.562,49.93,3.46,4.3322,2.2,54.9,52.5,24.4,0,No Event,-1.05,Low,42.0,0.89925,0.0302002457208859,0.914,50.7,0,2025,9,3,38,0
2025-09-22,France,Europe,0.886,0.77,1.5,49.08,3.16,4.2713,2.15,48.1,43.5,23.0,0,No Event,-0.08,Low,42.0,0.89675,0.030148509889487,0.888,49.93,0,2025,9,3,39,0
2025-09-29,France,Europe,0.917,0.8,1.6,52.36,3.2,4.2686,2.03,46.1,56.7,25.2,0,No Event,-0.48,Low,42.0,0.90125,0.033101402163638,0.886,49.08,0,2025,9,3,40,0
2025-10-06,France,Europe,0.945,0.807,1.5,53.77,3.2,4.3612,4.46,42.8,52.8,27.2,0,No Event,-1.14,Low,42.0,0.909,0.0333437122137585,0.917,52.36,0,2025,10,4,41,0
2025-10-13,France,Europe,0.977,0.875,1.917,54.63,1.94,4.3333,4.14,55.9,49.1,25.2,0,No Event,0.19,Low,42.0,0.93125,0.0306166184974644,0.945,53.77,0,2025,10,4,42,0
2025-10-20,France,Europe,0.893,0.826,1.5,52.56,2.35,4.2692,4.75,57.0,37.6,22.5,0,No Event,-1.04,Low,42.0,0.933,0.0353591027087717,0.977,54.63,0,2025,10,4,43,0
2025-10-27,France,Europe,0.975,0.861,1.5,56.32,3.55,4.3464,2.53,45.0,59.3,21.4,0,No Event,0.06,Low,42.0,0.9475,0.0448861217596437,0.893,52.56,0,2025,10,4,44,0
2025-11-03,France,Europe,0.872,0.775,1.539,50.59,3.65,4.4593,1.98,47.1,54.5,28.0,0,No Event,-0.27,Low,42.0,0.92925,0.0539210541829746,0.975,56.32,0,2025,11,4,45,0
2025-11-10,France,Europe,0.906,0.786,1.542,50.11,3.43,4.3951,2.23,44.4,62.2,22.7,0,No Event,0.18,Low,42.0,0.9115,0.0551728266547674,0.872,50.59,0,2025,11,4,46,0
2025-11-17,France,Europe,0.96,0.833,1.5,53.08,2.8,4.3121,3.01,44.5,54.6,29.4,0,No Event,0.48,Low,42.0,0.92825,0.0570689997170297,0.906,50.11,0,2025,11,4,47,0
2025-11-24,France,Europe,0.909,0.86,1.5,52.41,3.28,4.338,3.79,45.2,44.5,29.5,0,No Event,-0.32,Low,42.0,0.91175,0.0596921081921425,0.96,53.08,0,2025,11,4,48,0
2025-12-01,France,Europe,0.97,0.891,1.714,56.75,1.12,4.3404,2.13,35.9,43.0,29.9,0,No Event,0.24,Low,42.0,0.93625,0.0624840128779952,0.909,52.41,1,2025,12,4,49,0
2025-12-08,France,Europe,1.068,0.945,1.741,60.54,2.82,4.2883,1.2,38.7,61.5,22.5,0,No Event,0.12,Low,42.0,0.97675,0.0668714705615094,0.97,56.75,1,2025,12,4,50,0
2025-12-15,France,Europe,1.162,1.054,2.124,65.68,1.77,4.3854,2.81,57.9,59.3,22.8,0,No Event,-0.94,Low,42.0,1.02725,0.0694646355108484,1.068,60.54,0,2025,12,4,51,0
2025-12-22,France,Europe,1.113,0.979,2.098,63.57,2.49,4.349,2.87,50.6,58.7,22.8,0,No Event,-0.82,Low,42.0,1.0782500000000002,0.0719911903801154,1.162,65.68,0,2025,12,4,52,0
2025-12-29,France,Europe,1.074,0.948,2.129,62.0,2.88,4.3758,2.29,50.2,75.1,28.2,0,No Event,0.44,Low,42.0,1.10425,0.073482175489481,1.113,63.57,0,2025,12,4,1,0
2026-01-05,France,Europe,1.137,1.03,2.256,65.5,3.42,4.385,1.56,52.1,67.6,23.8,0,No Event,-0.56,Low,42.0,1.1215,0.0744580173717457,1.074,62.0,0,2026,1,1,2,0
2026-01-12,France,Europe,1.01,0.939,1.816,59.14,3.26,4.4037,3.64,62.0,39.7,23.8,0,No Event,-0.12,Low,42.0,1.0835,0.0779269337109676,1.137,65.5,0,2026,1,1,3,0
2026-01-19,France,Europe,1.205,1.063,2.199,67.04,3.87,4.3677,3.33,43.7,63.8,28.0,0,No Event,-0.27,Low,42.0,1.1065,0.091517369008882,1.01,59.14,0,2026,1,1,4,0
2026-01-26,France,Europe,1.259,1.117,2.375,69.32,3.29,4.3919,2.49,40.4,55.0,22.9,0,No Event,-0.18,Low,42.0,1.1527500000000002,0.0823528435171437,1.205,67.04,0,2026,1,1,5,0
2026-02-02,France,Europe,1.159,1.013,1.604,65.16,3.1,4.3987,3.38,67.2,46.2,23.5,0,No Event,0.22,Low,42.0,1.15825,0.0885741278165414,1.259,69.32,0,2026,2,1,6,0
2026-02-09,France,Europe,1.218,1.109,2.272,71.23,3.32,4.3929,0.34,56.0,54.1,21.8,0,No Event,-0.47,Low,42.0,1.21025,0.0882935851532996,1.159,65.16,0,2026,2,1,7,0
2026-02-16,France,Europe,1.203,1.092,2.291,69.52,2.7,4.3601,2.8,55.9,49.4,23.4,0,No Event,-0.2,Low,42.0,1.20975,0.0858248368397211,1.218,71.23,0,2026,2,1,8,0
2026-02-23,France,Europe,1.252,1.124,2.047,71.41,3.33,4.4067,-1.69,51.4,33.5,22.6,0,No Event,0.69,Low,42.0,1.208,0.0850360084486027,1.203,69.52,0,2026,2,1,9,0
2026-03-02,France,Europe,1.258,1.099,1.907,71.79,3.24,4.3562,0.54,63.7,54.0,22.1,0,No Event,-0.72,Low,42.0,1.23275,0.0816551746749931,1.252,71.41,0,2026,3,1,10,0
2026-03-09,France,Europe,1.38,1.138,2.584,77.25,2.57,4.4782,1.38,52.0,43.6,27.1,0,No Event,-0.58,Low,42.0,1.27325,0.082404537466027,1.258,71.79,0,2026,3,1,11,0
2026-03-16,France,Europe,1.281,1.099,1.875,71.71,3.23,4.4177,1.88,51.1,58.3,25.9,0,No Event,-0.22,Low,42.0,1.2927499999999998,0.0847576999459854,1.38,77.25,0,2026,3,1,12,0
2026-03-23,France,Europe,1.253,1.129,1.804,70.61,2.97,4.4224,1.5,51.4,37.1,25.0,0,No Event,-0.96,Low,42.0,1.293,0.0841336150417027,1.281,71.71,0,2026,3,1,13,0
2015-01-05,Germany,Europe,0.879,0.812,1.767,50.32,2.42,0.8319,0.39,57.7,59.5,21.0,0,No Event,0.56,Low,45.0,0.879,0.045366912531035,0.879,50.32,0,2015,1,1,2,0
2015-01-12,Germany,Europe,0.941,0.842,1.5,52.04,2.04,0.8624,-0.28,63.8,59.2,24.9,0,No Event,0.37,Low,45.0,0.91,0.045366912531035,0.879,50.32,0,2015,1,1,3,0
2015-01-19,Germany,Europe,0.947,0.847,1.62,54.28,3.03,0.8557,1.68,48.9,52.9,27.4,0,No Event,0.52,Low,45.0,0.9223333333333332,0.045366912531035,0.941,52.04,0,2015,1,1,4,0
2015-01-26,Germany,Europe,1.076,0.964,2.007,59.05,1.97,0.8496,2.54,55.1,35.6,28.3,0,No Event,-0.03,Low,45.0,0.96075,0.0649232181019776,0.947,54.28,0,2015,1,1,5,0
2015-02-02,Germany,Europe,0.95,0.826,1.5,53.01,2.64,0.8592,2.81,62.4,58.3,26.0,0,No Event,0.3,Low,45.0,0.9785,0.1079793794353379,1.076,59.05,0,2015,2,1,6,0
2015-02-09,Germany,Europe,0.972,0.901,1.948,54.15,2.42,0.8422,3.74,51.7,54.4,29.7,0,No Event,0.17,Low,45.0,0.98625,0.0935136576502278,0.95,53.01,0,2015,2,1,7,0
2015-02-16,Germany,Europe,1.073,0.958,1.5,59.28,2.75,0.8524,0.96,56.8,36.5,25.5,0,No Event,0.57,Low,45.0,1.01775,0.0898021544951255,0.972,54.15,0,2015,2,1,8,0
2015-02-23,Germany,Europe,1.024,0.905,1.558,55.69,1.87,0.8528,3.31,46.8,61.3,23.3,0,No Event,0.03,Low,45.0,1.00475,0.0877549291840245,1.073,59.28,0,2015,2,1,9,0
2015-03-02,Germany,Europe,0.974,0.909,1.803,55.65,1.95,0.8571,2.32,50.8,50.0,22.5,0,No Event,-0.09,Low,45.0,1.0107499999999998,0.085372972709007,1.024,55.69,0,2015,3,1,10,0
2015-03-09,Germany,Europe,1.104,0.986,2.163,61.57,2.52,0.8545,3.5,54.4,38.4,29.2,0,No Event,-1.22,Low,45.0,1.0437500000000002,0.0889312077911181,0.974,55.65,0,2015,3,1,11,0
2015-03-16,Germany,Europe,1.049,0.935,1.986,60.02,1.81,0.8539,2.11,49.7,45.9,27.7,0,No Event,-0.35,Low,45.0,1.03775,0.0874821746707055,1.104,61.57,0,2015,3,1,12,0
2015-03-23,Germany,Europe,1.036,0.943,1.671,59.72,1.26,0.8684,2.36,57.4,39.3,27.0,0,No Event,0.56,Low,45.0,1.04075,0.083609579149827,1.049,60.02,0,2015,3,1,13,0
2015-03-30,Germany,Europe,1.12,0.944,2.026,61.5,2.37,0.8629,2.95,49.6,54.6,24.7,0,No Event,0.16,Low,45.0,1.07725,0.0817611219492813,1.036,59.72,0,2015,3,1,14,0
2015-04-06,Germany,Europe,1.0,0.916,1.846,55.38,1.34,0.8613,2.3,47.3,55.4,28.7,0,No Event,0.21,Low,45.0,1.05125,0.0882799784928638,1.12,61.5,0,2015,4,2,15,0
2015-04-13,Germany,Europe,1.036,0.871,1.909,56.45,1.79,0.8574,2.66,55.9,48.1,24.9,0,No Event,-0.18,Low,45.0,1.048,0.0886254953091371,1.0,55.38,0,2015,4,2,16,0
2015-04-20,Germany,Europe,1.039,0.923,2.035,58.51,1.18,0.8635,3.54,67.2,55.6,28.8,0,No Event,0.15,Low,45.0,1.04875,0.0793859762938387,1.036,56.45,0,2015,4,2,17,0
2015-04-27,Germany,Europe,1.002,0.887,1.939,55.61,2.55,0.8667,1.84,50.9,49.6,26.5,0,No Event,0.23,Low,45.0,1.01925,0.0715615791469707,1.039,58.51,0,2015,4,2,18,0
2015-05-04,Germany,Europe,1.074,0.912,2.0,59.9,1.58,0.8441,0.96,40.1,52.2,20.6,0,No Event,-0.32,Low,45.0,1.03775,0.0739183804684826,1.002,55.61,0,2015,5,2,19,0
2015-05-11,Germany,Europe,0.992,0.886,1.58,56.12,2.02,0.8564,1.18,56.2,43.1,20.1,0,No Event,-0.62,Low,45.0,1.02675,0.0715578333187815,1.074,59.9,0,2015,5,2,20,0
2015-05-18,Germany,Europe,0.996,0.877,1.84,56.09,2.7,0.8561,1.46,38.6,71.8,23.0,0,No Event,0.68,Low,45.0,1.016,0.0703685916776855,0.992,56.12,1,2015,5,2,21,0
2015-05-25,Germany,Europe,1.058,0.895,1.758,58.81,1.87,0.8533,1.94,59.9,46.0,28.2,0,No Event,0.76,Low,45.0,1.03,0.0706763833275641,0.996,56.09,0,2015,5,2,22,0
2015-06-01,Germany,Europe,0.96,0.906,1.656,55.39,2.56,0.855,3.66,48.7,47.5,24.6,0,No Event,-0.23,Low,45.0,1.0015,0.0643904808288959,1.058,58.81,0,2015,6,2,23,0
2015-06-08,Germany,Europe,0.999,0.893,1.779,56.66,2.05,0.8546,3.13,51.1,60.5,22.2,0,No Event,0.47,Low,45.0,1.00325,0.0645546112959364,0.96,55.39,0,2015,6,2,24,0
2015-06-15,Germany,Europe,0.941,0.842,1.875,53.11,1.63,0.8517,2.43,51.5,46.1,25.8,0,No Event,0.0,Low,45.0,0.9895,0.0665312327930483,0.999,56.66,0,2015,6,2,25,0
2015-06-22,Germany,Europe,0.924,0.804,1.711,50.65,2.49,0.8548,3.58,48.5,37.5,26.5,0,No Event,-0.64,Low,45.0,0.956,0.0606401008917651,0.941,53.11,0,2015,6,2,26,0
2015-06-29,Germany,Europe,0.907,0.835,1.5,52.12,0.24,0.8475,3.71,58.9,51.8,26.4,0,No Event,0.48,Low,45.0,0.94275,0.0532313933922933,0.924,50.65,0,2015,6,2,27,0
2015-07-06,Germany,Europe,0.864,0.788,1.53,48.09,1.48,0.8507,0.67,48.8,43.9,29.0,0,No Event,0.05,Low,45.0,0.909,0.0525780275727905,0.907,52.12,0,2015,7,3,28,0
2015-07-13,Germany,Europe,0.86,0.779,1.5,49.41,2.68,0.8591,1.5,61.8,52.4,21.4,0,No Event,-0.29,Low,45.0,0.88875,0.0524061871047042,0.864,48.09,0,2015,7,3,29,0
2015-07-20,Germany,Europe,0.852,0.729,1.5,46.22,1.33,0.8375,3.03,49.9,55.6,22.0,0,No Event,0.15,Low,45.0,0.87075,0.0519852042441629,0.86,49.41,0,2015,7,3,30,0
2015-07-27,Germany,Europe,0.847,0.732,1.5,47.16,1.46,0.8588,2.84,62.2,37.4,21.8,0,No Event,1.74,Low,45.0,0.85575,0.0449266486713061,0.852,46.22,0,2015,7,3,31,0
2015-08-03,Germany,Europe,0.791,0.685,1.5,44.47,1.24,0.848,2.29,47.6,41.6,21.2,0,No Event,0.35,Low,45.0,0.8375,0.0438151182080597,0.847,47.16,0,2015,8,3,32,0
2015-08-10,Germany,Europe,0.86,0.759,1.5,48.05,1.43,0.828,1.7,37.3,42.5,24.3,0,No Event,0.09,Low,45.0,0.8374999999999999,0.0531678941018468,0.791,44.47,1,2015,8,3,33,0
2015-08-17,Germany,Europe,0.807,0.69,1.5,44.0,2.41,0.8506,2.31,51.9,51.6,20.4,0,No Event,0.16,Low,45.0,0.82625,0.049587125182647,0.86,48.05,0,2015,8,3,34,0
2015-08-24,Germany,Europe,0.72,0.67,1.5,41.39,1.45,0.8517,2.46,40.1,33.1,24.6,0,No Event,-0.67,Low,45.0,0.7945,0.0517227904242264,0.807,44.0,0,2015,8,3,35,0
2015-08-31,Germany,Europe,0.828,0.713,1.5,44.11,0.94,0.838,1.17,28.6,40.6,25.6,0,No Event,0.11,Low,45.0,0.80375,0.0701892412125432,0.72,41.39,1,2015,8,3,36,0
2015-09-07,Germany,Europe,0.718,0.64,1.5,39.95,2.06,0.8292,3.03,35.3,59.5,23.0,0,No Event,0.38,Low,45.0,0.7682499999999999,0.0774649644149618,0.828,44.11,1,2015,9,3,37,0
2015-09-14,Germany,Europe,0.781,0.664,1.5,42.6,2.16,0.8429,2.92,42.7,62.8,21.1,0,No Event,-0.52,Low,45.0,0.7617499999999999,0.0834430021037199,0.718,39.95,0,2015,9,3,38,0
2015-09-21,Germany,Europe,0.657,0.595,1.5,36.87,1.45,0.8466,0.45,46.3,53.5,20.2,0,No Event,-0.09,Low,45.0,0.746,0.0938077957903156,0.781,42.6,0,2015,9,3,39,0
2015-09-28,Germany,Europe,0.705,0.613,1.5,38.69,2.24,0.8429,1.3,35.9,44.1,27.1,0,No Event,0.08,Low,45.0,0.7152499999999999,0.0972759629090378,0.657,36.87,1,2015,9,3,40,0
2015-10-05,Germany,Europe,0.741,0.67,1.5,41.57,2.36,0.8445,2.86,36.9,36.2,26.8,0,No Event,-0.99,Low,45.0,0.721,0.0989944061242164,0.705,38.69,0,2015,10,4,41,0
2015-10-12,Germany,Europe,0.766,0.685,1.5,43.08,1.81,0.8489,2.89,44.2,40.3,25.1,0,No Event,-0.74,Low,45.0,0.71725,0.0997109701625499,0.741,41.57,0,2015,10,4,42,0
2015-10-19,Germany,Europe,0.729,0.654,1.5,41.1,1.45,0.839,2.83,39.0,42.2,23.3,0,No Event,0.23,Low,45.0,0.73525,0.1005252870923341,0.766,43.08,1,2015,10,4,43,0
2015-10-26,Germany,Europe,0.75,0.695,1.5,43.5,2.33,0.8449,5.3,50.4,52.8,28.0,0,No Event,-0.43,Low,45.0,0.7464999999999999,0.0992388812992011,0.729,41.1,0,2015,10,4,44,0
2015-11-02,Germany,Europe,0.723,0.656,1.5,40.44,1.9,0.8479,1.58,43.5,61.9,24.9,0,No Event,-0.7,Low,45.0,0.742,0.0957268966224198,0.75,43.5,0,2015,11,4,45,0
2015-11-09,Germany,Europe,0.721,0.635,1.5,40.33,2.13,0.854,2.7,45.2,66.3,27.1,0,No Event,0.64,Low,45.0,0.73075,0.0943434135413491,0.723,40.44,0,2015,11,4,46,0
2015-11-16,Germany,Europe,0.754,0.687,1.524,42.39,2.53,0.8434,2.74,49.9,74.9,23.3,0,No Event,0.31,Low,45.0,0.7369999999999999,0.0894446117744522,0.721,40.33,0,2015,11,4,47,0
2015-11-23,Germany,Europe,0.777,0.676,1.5,44.13,2.35,0.8543,2.32,53.7,55.2,22.2,0,No Event,-0.77,Low,45.0,0.7437499999999999,0.0780829491005774,0.754,42.39,0,2015,11,4,48,0
2015-11-30,Germany,Europe,0.852,0.753,1.5,47.37,2.31,0.842,2.04,44.7,52.5,20.9,0,No Event,0.53,Low,45.0,0.776,0.0709804726740631,0.777,44.13,0,2015,11,4,49,0
2015-12-07,Germany,Europe,0.858,0.753,1.5,47.27,2.34,0.8539,1.17,69.0,57.7,28.0,0,No Event,0.28,Low,45.0,0.8102499999999999,0.0673774241686187,0.852,47.37,0,2015,12,4,50,0
2015-12-14,Germany,Europe,0.778,0.707,1.544,42.92,2.51,0.8496,1.74,42.4,57.5,27.4,0,No Event,0.34,Low,45.0,0.81625,0.0537220604348859,0.858,47.27,0,2015,12,4,51,0
2015-12-21,Germany,Europe,0.903,0.775,1.5,49.7,2.74,0.8414,0.91,57.2,64.6,27.1,0,No Event,0.09,Low,45.0,0.84775,0.066650313054837,0.778,42.92,0,2015,12,4,52,0
2015-12-28,Germany,Europe,0.861,0.764,1.5,47.42,2.88,0.8248,2.16,56.7,58.2,24.2,0,No Event,-0.06,Low,45.0,0.85,0.0688081302665785,0.903,49.7,0,2015,12,4,53,0
2016-01-04,Germany,Europe,0.889,0.806,1.638,49.31,2.33,0.866,0.12,38.3,55.0,25.7,0,No Event,0.36,Low,45.0,0.85775,0.0687783664013701,0.861,47.42,1,2016,1,1,1,0
2016-01-11,Germany,Europe,0.937,0.841,1.5,52.74,1.17,0.8511,1.06,51.4,36.6,25.3,0,No Event,-0.3,Low,45.0,0.8975000000000001,0.0665795907783927,0.889,49.31,0,2016,1,1,2,0
2016-01-18,Germany,Europe,1.01,0.912,1.5,56.11,2.16,0.8508,-2.64,47.6,54.7,23.7,0,No Event,0.09,Low,45.0,0.92425,0.0684442763559636,0.937,52.74,0,2016,1,1,3,0
2016-01-25,Germany,Europe,0.995,0.864,1.872,56.22,1.02,0.855,1.34,51.4,59.8,25.1,0,No Event,0.14,Low,45.0,0.95775,0.0669243654016338,1.01,56.11,0,2016,1,1,4,0
2016-02-01,Germany,Europe,0.942,0.862,1.614,53.33,2.06,0.8429,1.08,45.9,66.6,24.4,0,No Event,-1.01,Low,45.0,0.971,0.0705884503086154,0.995,56.22,0,2016,2,1,5,0
2016-02-08,Germany,Europe,1.001,0.887,1.863,55.99,1.78,0.8598,3.16,64.9,50.5,28.9,0,No Event,-0.8,Low,45.0,0.987,0.0712099460973991,0.942,53.33,0,2016,2,1,6,0
2016-02-15,Germany,Europe,1.026,0.891,1.5,57.46,1.55,0.8527,3.08,50.1,47.2,26.5,0,No Event,-0.66,Low,45.0,0.991,0.0711971727737032,1.001,55.99,0,2016,2,1,7,0
2016-02-22,Germany,Europe,1.032,0.956,2.083,59.57,1.98,0.8447,4.72,46.2,51.4,26.3,0,No Event,-0.63,Low,45.0,1.00025,0.0677240797483139,1.026,57.46,0,2016,2,1,8,0
2016-02-29,Germany,Europe,1.093,0.97,1.897,58.93,2.54,0.8638,3.0,45.1,55.3,24.1,0,No Event,-0.39,Low,45.0,1.038,0.0686102816788497,1.032,59.57,0,2016,2,1,9,0
2016-03-07,Germany,Europe,1.116,0.971,1.852,60.48,2.02,0.852,1.05,59.6,59.1,20.5,0,No Event,0.99,Low,45.0,1.06675,0.0582339675153158,1.093,58.93,0,2016,3,1,10,0
2016-03-14,Germany,Europe,1.049,0.897,1.511,57.4,2.21,0.8625,-0.0,69.5,54.2,26.0,0,No Event,-0.05,Low,45.0,1.0725,0.0478268576987237,1.116,60.48,0,2016,3,1,11,0
2016-03-21,Germany,Europe,1.09,0.971,1.707,60.85,2.04,0.855,0.75,52.3,48.7,23.3,0,No Event,0.41,Low,45.0,1.0870000000000002,0.0442972012415195,1.049,57.4,0,2016,3,1,12,0
2016-03-28,Germany,Europe,1.122,0.982,2.227,62.32,3.4,0.8632,1.77,64.5,45.4,25.6,0,No Event,-0.3,Low,45.0,1.0942500000000002,0.0442301435639861,1.09,60.85,0,2016,3,1,13,0
2016-04-04,Germany,Europe,1.143,1.068,1.961,64.96,2.1,0.862,2.33,51.9,62.3,27.5,0,No Event,-0.14,Low,45.0,1.101,0.0429543637447135,1.122,62.32,0,2016,4,2,14,0
2016-04-11,Germany,Europe,1.08,0.971,1.775,60.85,2.13,0.8627,3.4,63.7,64.1,30.0,0,No Event,-0.14,Low,45.0,1.10875,0.0431245256657893,1.143,64.96,0,2016,4,2,15,0
2016-04-18,Germany,Europe,1.142,1.022,1.621,64.98,2.2,0.8636,1.93,53.5,43.1,26.1,0,No Event,-0.33,Low,45.0,1.12175,0.044887357758941,1.08,60.85,0,2016,4,2,16,0
2016-04-25,Germany,Europe,1.13,0.954,2.097,62.19,2.24,0.8486,1.12,47.6,52.6,26.9,0,No Event,0.9,Low,45.0,1.12375,0.0406952925670796,1.142,64.98,0,2016,4,2,17,0
2016-05-02,Germany,Europe,1.006,0.867,1.5,55.9,2.33,0.8568,-0.1,50.5,51.1,25.3,0,No Event,-0.09,Low,45.0,1.0895,0.0516901361628132,1.13,62.19,0,2016,5,2,18,0
2016-05-09,Germany,Europe,1.114,0.958,1.809,60.71,1.75,0.8605,0.39,60.5,62.7,24.5,0,No Event,-0.01,Low,45.0,1.098,0.0598862260876165,1.006,55.9,0,2016,5,2,19,0
2016-05-16,Germany,Europe,1.104,1.006,1.624,63.71,3.28,0.8622,2.42,51.7,49.8,26.6,0,No Event,0.21,Low,45.0,1.0885,0.060099421977203,1.114,60.71,0,2016,5,2,20,0
2016-05-23,Germany,Europe,1.062,0.949,2.128,60.04,2.16,0.8546,1.28,58.8,51.8,21.0,0,No Event,0.11,Low,45.0,1.0715,0.0590210641709522,1.104,63.71,0,2016,5,2,21,0
2016-05-30,Germany,Europe,1.098,0.97,1.529,61.68,2.06,0.8595,1.85,48.7,38.8,26.5,0,No Event,0.42,Low,45.0,1.0945,0.0595674644555256,1.062,60.04,0,2016,5,2,22,0
2016-06-06,Germany,Europe,0.959,0.802,1.652,52.55,1.94,0.8327,1.92,55.2,39.5,20.8,0,No Event,0.3,Low,45.0,1.05575,0.0681718424051447,1.098,61.68,0,2016,6,2,23,0
2016-06-13,Germany,Europe,0.993,0.904,1.547,56.58,1.43,0.844,-2.28,49.5,52.7,21.3,0,No Event,1.05,Low,45.0,1.028,0.0679648397174404,0.959,52.55,0,2016,6,2,24,0
2016-06-20,Germany,Europe,0.901,0.822,1.614,53.8,1.55,0.865,4.89,53.5,38.4,24.1,0,No Event,-1.11,Low,45.0,0.98775,0.0713090540231329,0.993,56.58,0,2016,6,2,25,0
2016-06-27,Germany,Europe,0.951,0.857,1.728,53.17,2.3,0.8447,2.12,52.8,45.9,29.8,0,No Event,-0.2,Low,45.0,0.951,0.0736752992191527,0.901,53.8,0,2016,6,2,26,0
2016-07-04,Germany,Europe,0.974,0.879,1.927,53.99,1.67,0.8377,1.54,54.7,36.3,23.9,0,No Event,-0.18,Low,45.0,0.95475,0.073075660237984,0.951,53.17,0,2016,7,3,27,0
2016-07-11,Germany,Europe,0.841,0.715,1.5,47.21,2.38,0.8424,3.58,37.3,46.9,22.8,0,No Event,-0.17,Low,45.0,0.91675,0.0789738247894002,0.974,53.99,1,2016,7,3,28,0
2016-07-18,Germany,Europe,0.875,0.736,1.5,47.11,2.29,0.8519,0.92,48.8,55.0,27.5,0,No Event,-0.16,Low,45.0,0.91025,0.0810034548414217,0.841,47.21,0,2016,7,3,29,0
2016-07-25,Germany,Europe,0.879,0.783,1.534,49.22,1.77,0.846,3.2,42.3,44.4,26.1,0,No Event,-0.02,Low,45.0,0.89225,0.0757852759424494,0.875,47.11,0,2016,7,3,30,0
2016-08-01,Germany,Europe,0.869,0.818,1.769,50.31,1.81,0.8431,3.71,43.5,25.5,29.4,0,No Event,0.5,Low,45.0,0.866,0.0664692319120068,0.879,49.22,0,2016,8,3,31,0
2016-08-08,Germany,Europe,0.8,0.705,1.5,43.88,2.07,0.8456,1.18,53.4,49.6,23.2,0,No Event,-0.62,Low,45.0,0.85575,0.0686402754234935,0.869,50.31,0,2016,8,3,32,0
2016-08-15,Germany,Europe,0.756,0.696,1.5,42.48,2.35,0.8379,1.83,47.1,35.0,20.6,0,No Event,0.12,Low,45.0,0.8260000000000001,0.0691236569537056,0.8,43.88,0,2016,8,3,33,0
2016-08-22,Germany,Europe,0.804,0.69,1.5,44.06,2.84,0.8443,3.79,58.5,42.8,23.6,0,No Event,-0.22,Low,45.0,0.80725,0.0719121457022626,0.756,42.48,0,2016,8,3,34,0
2016-08-29,Germany,Europe,0.805,0.716,1.5,45.11,1.02,0.8636,0.84,50.2,52.6,29.8,0,No Event,0.78,Low,45.0,0.79125,0.0642584371950332,0.804,44.06,0,2016,8,3,35,0
2016-09-05,Germany,Europe,0.78,0.679,1.5,43.39,2.64,0.8392,1.63,50.0,45.4,21.3,0,No Event,-0.35,Low,45.0,0.7862500000000001,0.0625921520074798,0.805,45.11,0,2016,9,3,36,0
2016-09-12,Germany,Europe,0.758,0.67,1.5,41.94,2.92,0.8363,0.64,56.5,39.1,28.7,0,No Event,0.35,Low,45.0,0.7867500000000001,0.0582220338741217,0.78,43.39,0,2016,9,3,37,0
2016-09-19,Germany,Europe,0.759,0.698,1.5,43.97,2.22,0.835,3.36,38.6,55.2,28.0,0,No Event,-0.49,Low,45.0,0.7755000000000001,0.0544321472223988,0.758,41.94,1,2016,9,3,38,0
2016-09-26,Germany,Europe,0.763,0.668,1.5,41.64,2.2,0.8386,4.06,25.8,43.2,24.8,0,No Event,-1.35,Low,45.0,0.765,0.0533887711532582,0.759,43.97,1,2016,9,3,39,0
2016-10-03,Germany,Europe,0.794,0.685,1.577,43.86,2.32,0.8194,2.65,47.5,50.5,25.2,0,No Event,-0.49,Low,45.0,0.7685000000000001,0.0408931082232875,0.763,41.64,0,2016,10,4,40,0
2016-10-10,Germany,Europe,0.724,0.658,1.5,40.68,1.47,0.8425,3.48,40.6,59.2,27.6,0,No Event,-0.1,Low,45.0,0.76,0.0448474197792079,0.794,43.86,0,2016,10,4,41,0
2016-10-17,Germany,Europe,0.756,0.689,1.5,42.3,2.13,0.8388,3.11,42.8,62.3,22.4,0,No Event,0.3,Low,45.0,0.75925,0.0477615730115339,0.724,40.68,0,2016,10,4,42,0
2016-10-24,Germany,Europe,0.747,0.673,1.5,41.5,2.17,0.8398,1.87,43.7,41.7,27.3,0,No Event,-0.54,Low,45.0,0.75525,0.0477617721271194,0.756,42.3,0,2016,10,4,43,0
2016-10-31,Germany,Europe,0.746,0.64,1.5,39.93,1.86,0.8358,1.33,44.9,49.1,23.4,0,No Event,0.22,Low,45.0,0.74325,0.0427171849892126,0.747,41.5,0,2016,10,4,44,0
2016-11-07,Germany,Europe,0.801,0.695,1.5,44.35,1.62,0.8485,3.79,36.3,34.3,21.5,0,No Event,-0.14,Low,45.0,0.7625,0.0451047964068614,0.746,39.93,0,2016,11,4,45,0
2016-11-14,Germany,Europe,0.802,0.711,1.528,45.28,2.1,0.8369,-0.21,49.8,58.5,27.1,0,No Event,-0.07,Low,45.0,0.774,0.0412799226276943,0.801,44.35,0,2016,11,4,46,0
2016-11-21,Germany,Europe,0.819,0.717,1.57,44.95,1.49,0.8403,-0.7,60.7,49.5,29.1,0,No Event,0.95,Low,45.0,0.792,0.0417086869908718,0.802,45.28,0,2016,11,4,47,0
2016-11-28,Germany,Europe,0.855,0.727,1.5,47.27,1.89,0.8438,4.62,34.7,45.0,24.7,0,No Event,0.31,Low,45.0,0.81925,0.0418850446681628,0.819,44.95,1,2016,11,4,48,0
2016-12-05,Germany,Europe,0.777,0.71,1.5,43.39,2.0,0.8393,2.11,63.1,60.3,20.8,0,No Event,0.06,Low,45.0,0.81325,0.0500587660898366,0.855,47.27,0,2016,12,4,49,0
2016-12-12,Germany,Europe,0.841,0.787,1.569,47.64,2.2,0.8635,1.07,60.8,63.5,24.2,0,No Event,0.06,Low,45.0,0.823,0.0549994996501729,0.777,43.39,0,2016,12,4,50,0
2016-12-19,Germany,Europe,0.87,0.791,1.5,48.83,1.48,0.8464,1.15,65.4,70.1,25.7,0,No Event,0.45,Low,45.0,0.83575,0.0554161944110649,0.841,47.64,0,2016,12,4,51,0
2016-12-26,Germany,Europe,0.867,0.792,1.717,48.45,1.7,0.8523,2.09,53.6,45.3,27.0,0,No Event,-0.18,Low,45.0,0.83875,0.0548349870854387,0.87,48.83,0,2016,12,4,52,0
2017-01-02,Germany,Europe,0.925,0.797,1.5,50.48,2.12,0.8593,0.92,45.6,49.3,28.0,0,No Event,-0.65,Low,45.0,0.87575,0.0477292253228066,0.867,48.45,0,2017,1,1,1,0
2017-01-09,Germany,Europe,1.017,0.892,1.5,55.27,2.29,0.8399,3.54,50.5,60.1,22.6,0,No Event,-0.68,Low,45.0,0.91975,0.0525244339141639,0.925,50.48,0,2017,1,1,2,0
2017-01-16,Germany,Europe,1.028,0.918,2.002,56.65,1.44,0.845,3.63,56.6,43.8,24.5,0,No Event,0.68,Low,45.0,0.95925,0.0514205491132236,1.017,55.27,0,2017,1,1,3,0
2017-01-23,Germany,Europe,0.976,0.897,1.985,55.65,2.34,0.8489,-0.39,51.6,50.0,27.1,0,No Event,0.61,Low,45.0,0.9865,0.0557713536998732,1.028,56.65,0,2017,1,1,4,0
2017-01-30,Germany,Europe,1.033,0.894,1.5,56.01,2.9,0.8544,1.77,47.5,45.0,28.7,0,No Event,-0.35,Low,45.0,1.0135,0.0546961303501582,0.976,55.65,0,2017,1,1,5,0
2017-02-06,Germany,Europe,1.089,0.926,1.5,58.82,1.9,0.8651,0.91,43.1,50.7,27.5,0,No Event,-0.15,Low,45.0,1.0315,0.0549355456729044,1.033,56.01,0,2017,2,1,6,0
2017-02-13,Germany,Europe,1.012,0.89,1.61,55.36,2.75,0.865,2.39,53.5,46.9,28.3,0,No Event,0.47,Low,45.0,1.0275,0.0618244838088628,1.089,58.82,0,2017,2,1,7,0
2017-02-20,Germany,Europe,1.026,0.939,1.572,58.4,2.89,0.8677,-0.36,55.0,49.7,28.3,0,No Event,-0.21,Low,45.0,1.04,0.0613532755686662,1.012,55.36,0,2017,2,1,8,0
2017-02-27,Germany,Europe,1.03,0.939,2.114,59.76,2.31,0.8577,2.44,76.1,53.4,25.2,0,No Event,-0.46,Low,45.0,1.03925,0.0514363930142235,1.026,58.4,0,2017,2,1,9,0
2017-03-06,Germany,Europe,1.121,1.021,2.214,65.35,1.38,0.8474,0.96,61.5,45.5,28.4,0,No Event,0.37,Low,45.0,1.04725,0.052068293643552,1.03,59.76,0,2017,3,1,10,0
2017-03-13,Germany,Europe,1.067,0.951,2.054,60.38,1.45,0.8587,2.98,59.2,58.8,23.3,0,No Event,-0.4,Low,45.0,1.061,0.0560797215796498,1.121,65.35,0,2017,3,1,11,0
2017-03-20,Germany,Europe,1.151,1.04,1.568,64.06,1.57,0.853,4.27,61.0,41.3,25.4,0,No Event,0.47,Low,45.0,1.09225,0.0581251284681624,1.067,60.38,0,2017,3,1,12,0
2017-03-27,Germany,Europe,1.074,0.97,1.5,61.12,2.46,0.8793,3.06,62.9,50.7,23.8,0,No Event,0.2,Low,45.0,1.10325,0.0621408969805503,1.151,64.06,0,2017,3,1,13,0
2017-04-03,Germany,Europe,1.053,0.953,1.854,59.22,2.96,0.8702,2.95,45.6,44.6,28.0,0,No Event,-0.36,Low,45.0,1.0862500000000002,0.0565562627658088,1.074,61.12,0,2017,4,2,14,0
2017-04-10,Germany,Europe,1.147,1.02,1.6,64.64,1.37,0.8547,2.28,63.2,42.3,29.5,0,No Event,0.13,Low,45.0,1.10625,0.0616733295271805,1.053,59.22,0,2017,4,2,15,0
2017-04-17,Germany,Europe,1.091,1.0,2.123,61.94,2.31,0.8533,3.93,53.6,36.4,29.8,0,No Event,-0.59,Low,45.0,1.09125,0.061515661521269,1.147,64.64,0,2017,4,2,16,0
2017-04-24,Germany,Europe,1.132,0.988,1.831,63.16,2.1,0.8404,1.55,66.0,61.7,25.8,0,No Event,0.41,Low,45.0,1.10575,0.0603409008363107,1.091,61.94,0,2017,4,2,17,0
2017-05-01,Germany,Europe,1.098,0.931,1.693,59.77,1.72,0.8641,0.02,59.2,48.8,29.2,0,No Event,-0.19,Low,45.0,1.117,0.059537377019324,1.132,63.16,0,2017,5,2,18,0
2017-05-08,Germany,Europe,1.111,1.013,1.958,62.21,2.1,0.8597,0.78,64.4,48.1,24.2,0,No Event,-0.07,Low,45.0,1.108,0.0549269312067497,1.098,59.77,0,2017,5,2,19,0
2017-05-15,Germany,Europe,1.072,0.914,1.931,59.08,2.03,0.8601,2.05,73.6,36.7,27.9,0,No Event,-0.84,Low,45.0,1.10325,0.0563473484871076,1.111,62.21,0,2017,5,2,20,0
2017-05-22,Germany,Europe,1.116,0.982,1.849,60.76,2.29,0.8627,1.11,53.5,44.8,24.7,0,No Event,0.54,Low,45.0,1.09925,0.0572884371019023,1.072,59.08,0,2017,5,2,21,0
2017-05-29,Germany,Europe,1.105,0.959,1.5,60.63,2.41,0.844,1.08,46.3,53.5,22.2,0,No Event,0.13,Low,45.0,1.101,0.0515197442544418,1.116,60.76,0,2017,5,2,22,0
2017-06-05,Germany,Europe,0.966,0.88,1.773,55.22,2.37,0.845,4.15,64.0,46.7,23.9,0,No Event,-1.34,Low,45.0,1.06475,0.0619372060048857,1.105,60.63,0,2017,6,2,23,0
2017-06-12,Germany,Europe,0.961,0.863,1.894,54.58,1.98,0.8506,0.32,51.3,38.1,22.0,0,No Event,-0.31,Low,45.0,1.037,0.0558860115578768,0.966,55.22,0,2017,6,2,24,0
2017-06-19,Germany,Europe,1.021,0.862,1.563,55.55,2.48,0.8604,1.92,60.4,41.2,23.4,0,No Event,0.35,Low,45.0,1.0132499999999998,0.0571010538327473,0.961,54.58,0,2017,6,2,25,0
2017-06-26,Germany,Europe,0.989,0.865,1.5,54.43,2.49,0.8251,-0.35,56.7,41.2,20.6,0,No Event,-0.26,Low,45.0,0.98425,0.0575176103112909,1.021,55.55,0,2017,6,2,26,0
2017-07-03,Germany,Europe,0.928,0.794,1.5,50.41,1.98,0.8631,2.76,41.7,33.3,23.1,0,No Event,-0.01,Low,45.0,0.97475,0.0515413899137269,0.989,54.43,0,2017,7,3,27,0
2017-07-10,Germany,Europe,0.921,0.823,1.5,51.05,2.53,0.8359,1.99,55.3,48.9,24.2,0,No Event,-0.68,Low,45.0,0.96475,0.0505369618003361,0.928,50.41,0,2017,7,3,28,0
2017-07-17,Germany,Europe,0.857,0.769,1.5,47.6,2.91,0.8696,4.1,52.5,38.7,20.4,0,No Event,0.69,Low,45.0,0.92375,0.0502842578284,0.921,51.05,0,2017,7,3,29,0
2017-07-24,Germany,Europe,0.913,0.779,1.5,49.57,2.41,0.8621,4.15,49.8,55.7,26.8,0,No Event,-0.7,Low,45.0,0.90475,0.0560579301554614,0.857,47.6,0,2017,7,3,30,0
2017-07-31,Germany,Europe,0.83,0.761,1.5,47.25,2.33,0.8453,3.0,56.4,60.1,28.2,0,No Event,-0.57,Low,45.0,0.88025,0.0595291277757734,0.913,49.57,0,2017,7,3,31,0
2017-08-07,Germany,Europe,0.867,0.789,1.5,49.86,2.67,0.8456,2.07,56.3,54.9,24.9,0,No Event,0.13,Low,45.0,0.86675,0.0623529237464942,0.83,47.25,0,2017,8,3,32,0
2017-08-14,Germany,Europe,0.773,0.711,1.576,44.2,2.26,0.8375,1.33,53.5,58.8,20.2,0,No Event,-0.13,Low,45.0,0.84575,0.064865250094357,0.867,49.86,0,2017,8,3,33,0
2017-08-21,Germany,Europe,0.8,0.704,1.5,43.44,2.27,0.822,0.58,44.2,37.4,25.0,0,No Event,0.46,Low,45.0,0.8175,0.0672579983496201,0.773,44.2,0,2017,8,3,34,0
2017-08-28,Germany,Europe,0.838,0.734,1.5,45.33,2.5,0.8445,1.55,37.9,46.6,28.7,0,No Event,-0.33,Low,45.0,0.8195,0.0619049330088477,0.8,43.44,1,2017,8,3,35,0
2017-09-04,Germany,Europe,0.734,0.652,1.5,41.09,2.16,0.8538,1.75,42.7,59.8,23.7,0,No Event,-0.45,Low,45.0,0.78625,0.0700499568508624,0.838,45.33,0,2017,9,3,36,0
2017-09-11,Germany,Europe,0.786,0.671,1.5,43.62,2.23,0.8352,2.42,59.0,42.7,29.7,0,No Event,-0.36,Low,45.0,0.7895,0.0709843004924248,0.734,41.09,0,2017,9,3,37,0
2017-09-18,Germany,Europe,0.805,0.74,1.5,45.1,1.45,0.8386,1.74,46.5,41.6,24.0,0,No Event,-1.23,Low,45.0,0.7907500000000001,0.071923217814768,0.786,43.62,0,2017,9,3,38,0
2017-09-25,Germany,Europe,0.691,0.625,1.5,38.32,3.89,0.8391,2.26,55.1,52.6,28.5,0,No Event,-0.4,Low,45.0,0.754,0.0799386174150331,0.805,45.1,0,2017,9,3,39,0
2017-10-02,Germany,Europe,0.793,0.687,1.534,44.0,1.43,0.8418,1.58,57.0,57.5,25.5,0,No Event,-0.8,Low,45.0,0.76875,0.0937137940300234,0.691,38.32,0,2017,10,4,40,0
2017-10-09,Germany,Europe,0.765,0.673,1.5,42.67,2.44,0.8501,1.78,56.2,47.0,29.6,0,No Event,0.27,Low,45.0,0.7635,0.0921918599800343,0.793,44.0,0,2017,10,4,41,0
2017-10-16,Germany,Europe,0.812,0.674,1.5,45.33,2.58,0.8416,2.63,28.8,47.0,22.6,0,No Event,-0.16,Low,45.0,0.76525,0.0919256830867414,0.765,42.67,1,2017,10,4,42,0
2017-10-23,Germany,Europe,0.765,0.674,1.513,42.26,2.48,0.82,0.56,40.7,45.9,29.0,0,No Event,0.25,Low,45.0,0.78375,0.0896102424464348,0.812,45.33,0,2017,10,4,43,0
2017-10-30,Germany,Europe,0.769,0.664,1.5,41.48,1.69,0.84,2.43,54.7,46.4,24.7,0,No Event,0.65,Low,45.0,0.7777499999999999,0.0884221585904222,0.765,42.26,0,2017,10,4,44,0
2017-11-06,Germany,Europe,0.846,0.739,1.5,46.21,1.87,0.845,0.9,28.9,55.3,28.9,0,No Event,0.54,Low,45.0,0.798,0.0870098779399987,0.769,41.48,1,2017,11,4,45,0
2017-11-13,Germany,Europe,0.808,0.724,1.588,46.09,2.63,0.8509,-0.32,54.0,60.6,29.3,0,No Event,-0.51,Low,45.0,0.7969999999999999,0.0880667860202942,0.846,46.21,0,2017,11,4,46,0
2017-11-20,Germany,Europe,0.891,0.76,1.5,47.43,1.4,0.8427,2.38,52.4,64.6,24.5,0,No Event,-0.18,Low,45.0,0.8285,0.0918824475623044,0.808,46.09,0,2017,11,4,47,0
2017-11-27,Germany,Europe,0.891,0.757,1.5,47.83,1.35,0.8534,2.05,56.1,42.1,29.7,0,No Event,-0.8,Low,45.0,0.859,0.0819867663006038,0.891,47.43,0,2017,11,4,48,0
2017-12-04,Germany,Europe,0.848,0.738,1.5,47.28,2.63,0.8583,0.17,37.3,58.2,20.4,0,No Event,0.35,Low,45.0,0.8595,0.0823969971581615,0.891,47.83,1,2017,12,4,49,0
2017-12-11,Germany,Europe,0.872,0.787,1.571,50.15,1.88,0.8574,1.69,54.0,31.2,28.8,0,No Event,0.48,Low,45.0,0.8755,0.0824726820349307,0.848,47.28,0,2017,12,4,50,0
2017-12-18,Germany,Europe,0.852,0.815,1.511,49.11,2.37,0.8508,2.23,43.3,53.3,29.4,0,No Event,-0.55,Low,45.0,0.8657499999999999,0.0686185553410742,0.872,50.15,0,2017,12,4,51,0
2017-12-25,Germany,Europe,0.94,0.842,1.5,51.8,2.3,0.857,1.64,56.8,58.9,21.8,0,No Event,0.12,Low,45.0,0.878,0.0619772693603783,0.852,49.11,0,2017,12,4,52,0
2018-01-01,Germany,Europe,1.021,0.914,1.732,57.66,2.15,0.8527,1.6,52.0,69.3,28.6,0,No Event,0.96,Low,45.0,0.92125,0.0627538204900498,0.94,51.8,0,2018,1,1,1,0
2018-01-08,Germany,Europe,0.985,0.886,1.747,55.67,2.12,0.8528,3.67,58.3,43.1,29.4,0,No Event,0.39,Low,45.0,0.9495,0.0640005841287375,1.021,57.66,0,2018,1,1,2,0
2018-01-15,Germany,Europe,0.959,0.852,1.5,53.75,2.77,0.8591,3.78,65.7,66.0,20.2,0,No Event,-0.4,Low,45.0,0.97625,0.0611883037523641,0.985,55.67,0,2018,1,1,3,0
2018-01-22,Germany,Europe,1.074,0.958,1.898,59.33,2.59,0.8453,0.64,59.2,49.1,29.8,0,No Event,1.14,Low,45.0,1.00975,0.0672166388609499,0.959,53.75,0,2018,1,1,4,0
2018-01-29,Germany,Europe,1.006,0.903,1.5,55.73,2.1,0.8607,2.02,57.7,52.7,27.2,0,No Event,-0.16,Low,45.0,1.006,0.0683155973080539,1.074,59.33,0,2018,1,1,5,0
2018-02-05,Germany,Europe,1.095,0.952,2.134,61.11,2.73,0.847,0.65,41.3,46.2,29.2,0,No Event,0.16,Low,45.0,1.0335,0.0682461020090518,1.006,55.73,0,2018,2,1,6,0
2018-02-12,Germany,Europe,1.122,1.033,1.868,62.43,2.59,0.8648,0.24,52.1,49.4,24.5,0,No Event,-0.19,Low,45.0,1.07425,0.0640381551558937,1.095,61.11,0,2018,2,1,7,0
2018-02-19,Germany,Europe,1.088,0.981,1.515,60.85,2.35,0.8477,0.2,67.1,48.3,26.3,0,No Event,0.19,Low,45.0,1.07775,0.0655310660545521,1.122,62.43,0,2018,2,1,8,0
2018-02-26,Germany,Europe,1.144,1.011,1.687,63.23,3.23,0.8413,2.5,57.0,64.7,22.6,0,No Event,0.55,Low,45.0,1.11225,0.0625227331701695,1.088,60.85,0,2018,2,1,9,0
2018-03-05,Germany,Europe,1.131,0.995,1.651,62.44,1.63,0.8714,0.84,60.7,57.4,29.9,0,No Event,0.69,Low,45.0,1.12125,0.063489006598716,1.144,63.23,0,2018,3,1,10,0
2018-03-12,Germany,Europe,1.144,1.031,1.905,64.36,1.6,0.8621,4.18,72.0,52.3,28.5,0,No Event,-0.93,Low,45.0,1.12675,0.0619491761330174,1.131,62.44,0,2018,3,1,11,0
2018-03-19,Germany,Europe,1.15,1.054,1.996,64.46,1.49,0.8449,-0.1,65.2,58.8,21.3,0,No Event,-0.05,Low,45.0,1.14225,0.05719413143846,1.144,64.36,0,2018,3,1,12,0
2018-03-26,Germany,Europe,1.118,1.006,2.082,62.16,2.26,0.8565,2.71,53.2,46.3,29.9,0,No Event,0.54,Low,45.0,1.1357499999999998,0.0543086412496413,1.15,64.46,0,2018,3,1,13,0
2018-04-02,Germany,Europe,1.163,0.998,1.879,63.4,2.05,0.8593,5.35,52.2,47.0,24.2,0,No Event,0.07,Low,45.0,1.14375,0.0530878160485962,1.118,62.16,0,2018,4,2,14,0
2018-04-09,Germany,Europe,1.092,0.963,1.887,62.02,2.37,0.8545,1.07,56.6,60.0,22.8,0,No Event,0.89,Low,45.0,1.13075,0.0563951322642144,1.163,63.4,0,2018,4,2,15,0
2018-04-16,Germany,Europe,1.069,0.99,2.104,61.6,2.56,0.8512,3.66,50.0,54.3,29.5,0,No Event,-0.14,Low,45.0,1.1105,0.0455881577771503,1.092,62.02,0,2018,4,2,16,0
2018-04-23,Germany,Europe,1.175,1.001,1.559,64.32,2.52,0.8663,2.34,46.0,61.1,23.9,0,No Event,-0.52,Low,45.0,1.12475,0.0489009292743253,1.069,61.6,0,2018,4,2,17,0
2018-04-30,Germany,Europe,1.145,0.985,1.924,63.26,2.69,0.8606,4.67,58.9,42.8,26.2,0,No Event,-0.98,Low,45.0,1.12025,0.0439628741976006,1.175,64.32,0,2018,4,2,18,0
2018-05-07,Germany,Europe,1.118,1.012,1.94,62.8,2.4,0.8547,1.96,53.9,47.8,24.1,0,No Event,-0.24,Low,45.0,1.12675,0.0441665581697823,1.145,63.26,0,2018,5,2,19,0
2018-05-14,Germany,Europe,1.076,0.978,1.5,61.37,1.72,0.8456,2.59,52.3,38.4,24.7,0,No Event,0.13,Low,45.0,1.1285,0.0446750935038377,1.118,62.8,0,2018,5,2,20,0
2018-05-21,Germany,Europe,1.079,0.979,1.515,60.51,2.81,0.8648,2.09,50.8,48.2,22.1,0,No Event,-0.27,Low,45.0,1.1045,0.0416834550395799,1.076,61.37,0,2018,5,2,21,0
2018-05-28,Germany,Europe,1.107,0.972,1.895,61.13,2.15,0.8566,3.36,57.7,38.8,26.8,0,No Event,0.37,Low,45.0,1.095,0.0424755176175213,1.079,60.51,0,2018,5,2,22,0
2018-06-04,Germany,Europe,1.056,0.908,2.07,58.4,2.76,0.8474,0.39,51.2,48.0,24.4,0,No Event,-0.21,Low,45.0,1.0795,0.0441562719024209,1.107,61.13,0,2018,6,2,23,0
2018-06-11,Germany,Europe,1.155,1.022,1.529,63.37,1.85,0.8625,0.75,38.9,42.4,20.1,0,No Event,-1.1,Low,45.0,1.09925,0.0527244211696958,1.056,58.4,1,2018,6,2,24,0
2018-06-18,Germany,Europe,1.007,0.911,1.5,56.71,2.09,0.8503,2.16,42.6,42.4,23.6,0,No Event,-0.89,Low,45.0,1.08125,0.0644602082307743,1.155,63.37,0,2018,6,2,25,0
2018-06-25,Germany,Europe,0.96,0.851,1.741,53.77,2.83,0.8553,2.38,46.7,45.3,25.0,0,No Event,-0.57,Low,45.0,1.0445,0.0635752855238127,1.007,56.71,0,2018,6,2,26,0
2018-07-02,Germany,Europe,0.975,0.849,1.66,53.3,2.14,0.841,1.07,45.0,52.7,26.1,0,No Event,0.4,Low,45.0,1.02425,0.0622564025460926,0.96,53.77,0,2018,7,3,27,0
2018-07-09,Germany,Europe,0.968,0.84,1.5,53.65,2.25,0.8434,1.88,50.9,36.8,28.1,0,No Event,-0.6,Low,45.0,0.9775,0.0621125765231833,0.975,53.3,0,2018,7,3,28,0
2018-07-16,Germany,Europe,0.849,0.787,1.665,49.3,1.04,0.8475,2.75,53.1,45.6,21.2,0,No Event,0.65,Low,45.0,0.938,0.0608575911578604,0.968,53.65,0,2018,7,3,29,0
2018-07-23,Germany,Europe,0.981,0.833,1.5,53.16,2.74,0.8406,0.91,58.0,42.1,23.6,0,No Event,0.02,Low,45.0,0.94325,0.0800955287063436,0.849,49.3,0,2018,7,3,30,0
2018-07-30,Germany,Europe,0.914,0.794,1.5,50.05,2.77,0.845,3.07,38.3,62.7,26.9,0,No Event,0.07,Low,45.0,0.928,0.0818127338483442,0.981,53.16,1,2018,7,3,31,0
2018-08-06,Germany,Europe,0.909,0.749,1.543,48.7,2.73,0.8361,2.31,56.8,50.6,29.4,0,No Event,-0.4,Low,45.0,0.91325,0.0814821522760762,0.914,50.05,0,2018,8,3,32,0
2018-08-13,Germany,Europe,0.811,0.72,1.582,45.85,2.3,0.8367,-0.88,51.9,35.9,24.6,0,No Event,-1.0,Low,45.0,0.90375,0.0859232517385732,0.909,48.7,0,2018,8,3,33,0
2018-08-20,Germany,Europe,0.804,0.702,1.5,43.88,1.44,0.8366,5.05,52.8,52.1,26.5,0,No Event,0.09,Low,45.0,0.8595,0.0848093231111649,0.811,45.85,0,2018,8,3,34,0
2018-08-27,Germany,Europe,0.862,0.751,1.5,46.17,2.19,0.8461,-0.25,46.7,49.8,28.3,0,No Event,-0.51,Low,45.0,0.8465,0.0886671937614373,0.804,43.88,0,2018,8,3,35,0
2018-09-03,Germany,Europe,0.87,0.74,1.5,46.91,2.5,0.8481,2.65,50.9,46.1,29.0,0,No Event,-0.44,Low,45.0,0.8367500000000001,0.0825484321489511,0.862,46.17,0,2018,9,3,36,0
2018-09-10,Germany,Europe,0.832,0.735,1.5,46.21,1.66,0.837,2.68,40.9,40.4,25.6,0,No Event,-0.08,Low,45.0,0.8420000000000001,0.0758381760672971,0.87,46.91,0,2018,9,3,37,0
2018-09-17,Germany,Europe,0.762,0.644,1.5,41.62,1.81,0.8369,4.06,46.8,41.1,24.8,0,No Event,-0.2,Low,45.0,0.8315,0.078080129970443,0.832,46.21,0,2018,9,3,38,0
2018-09-24,Germany,Europe,0.838,0.703,1.5,43.68,2.23,0.847,1.53,52.6,52.2,21.0,0,No Event,0.46,Low,45.0,0.8254999999999999,0.0847014547492496,0.762,41.62,0,2018,9,3,39,0
2018-10-01,Germany,Europe,0.843,0.744,1.5,45.94,2.86,0.8408,2.63,56.8,53.0,20.2,0,No Event,-0.4,Low,45.0,0.8187499999999999,0.0848161948748329,0.838,43.68,0,2018,10,4,40,0
2018-10-08,Germany,Europe,0.75,0.669,1.5,41.89,2.11,0.8341,2.58,68.9,41.5,20.2,0,No Event,-0.85,Low,45.0,0.7982499999999999,0.0833301171320759,0.843,45.94,0,2018,10,4,41,0
2018-10-15,Germany,Europe,0.812,0.719,1.5,45.04,2.69,0.8466,1.25,47.6,60.1,27.3,0,No Event,0.44,Low,45.0,0.81075,0.0723384711830148,0.75,41.89,0,2018,10,4,42,0
2018-10-22,Germany,Europe,0.807,0.71,1.5,44.47,2.3,0.8475,1.21,51.2,54.5,26.7,0,No Event,-0.08,Low,45.0,0.803,0.0702301662564064,0.812,45.04,0,2018,10,4,43,0
2018-10-29,Germany,Europe,0.768,0.695,1.5,42.52,1.55,0.8414,1.42,43.0,50.8,25.8,0,No Event,-0.37,Low,45.0,0.78425,0.0711713134669717,0.807,44.47,0,2018,10,4,44,0
2018-11-05,Germany,Europe,0.847,0.728,1.614,46.07,2.21,0.8427,1.17,46.3,63.5,27.3,0,No Event,-0.02,Low,45.0,0.8085000000000001,0.071266651317497,0.768,42.52,0,2018,11,4,45,0
2018-11-12,Germany,Europe,0.876,0.769,1.544,48.11,3.05,0.8469,-0.98,52.9,40.6,24.4,0,No Event,-0.19,Low,45.0,0.8245,0.071543196591662,0.847,46.07,0,2018,11,4,46,0
2018-11-19,Germany,Europe,0.896,0.825,1.5,50.44,2.06,0.8358,0.55,45.2,56.3,26.1,0,No Event,-0.74,Low,45.0,0.84675,0.0689903902598928,0.876,48.11,0,2018,11,4,47,0
2018-11-26,Germany,Europe,0.905,0.79,1.5,50.28,3.57,0.8497,0.73,48.4,55.6,21.8,0,No Event,0.09,Low,45.0,0.881,0.0689946348249816,0.896,50.44,0,2018,11,4,48,0
2018-12-03,Germany,Europe,0.836,0.758,1.5,46.69,3.3,0.8645,1.11,48.8,62.9,26.6,0,No Event,0.32,Low,45.0,0.87825,0.0716915545106357,0.905,50.28,0,2018,12,4,49,0
2018-12-10,Germany,Europe,0.894,0.765,1.5,48.64,2.88,0.8549,2.77,50.2,49.5,23.6,0,No Event,-0.03,Low,45.0,0.88275,0.0683963788128458,0.836,46.69,0,2018,12,4,50,0
2018-12-17,Germany,Europe,0.946,0.88,1.5,53.2,2.91,0.8492,2.26,50.0,61.8,28.4,0,No Event,0.45,Low,45.0,0.89525,0.064697749119543,0.894,48.64,0,2018,12,4,51,0
2018-12-24,Germany,Europe,0.951,0.829,1.607,53.63,2.66,0.8445,2.05,49.9,56.9,26.5,0,No Event,-0.38,Low,45.0,0.90675,0.0647039108176928,0.946,53.2,0,2018,12,4,52,0
2018-12-31,Germany,Europe,0.971,0.867,1.55,55.17,2.64,0.8532,2.71,45.2,56.3,22.1,0,No Event,-1.11,Low,45.0,0.9405,0.0519831890487604,0.951,53.63,0,2018,12,4,1,0
2019-01-07,Germany,Europe,1.191,0.995,2.26,65.15,2.78,0.8548,1.9,43.9,62.0,26.6,0,No Event,-0.35,Low,45.0,1.0147499999999998,0.0773923191618625,0.971,55.17,0,2019,1,1,2,0
2019-01-14,Germany,Europe,1.043,0.928,1.903,57.85,2.31,0.8535,0.77,39.5,62.6,23.5,0,No Event,-0.31,Low,45.0,1.039,0.0896397031648079,1.191,65.15,1,2019,1,1,3,0
2019-01-21,Germany,Europe,1.09,0.957,2.08,60.51,1.46,0.8558,1.23,62.5,49.4,22.9,0,No Event,-0.2,Low,45.0,1.07375,0.0866877268438545,1.043,57.85,0,2019,1,1,4,0
2019-01-28,Germany,Europe,1.179,1.001,2.131,64.16,2.15,0.8561,2.22,32.1,60.1,27.1,0,No Event,0.14,Low,45.0,1.12575,0.0853373576234434,1.09,60.51,1,2019,1,1,5,0
2019-02-04,Germany,Europe,1.109,0.937,1.955,61.3,2.18,0.8357,1.48,51.0,62.7,22.9,0,No Event,-0.07,Low,45.0,1.10525,0.0892192549165786,1.179,64.16,0,2019,2,1,6,0
2019-02-11,Germany,Europe,1.123,0.98,1.505,62.19,1.83,0.8513,2.68,57.7,52.3,29.6,0,No Event,-1.19,Low,45.0,1.12525,0.0892732381563284,1.109,61.3,0,2019,2,1,7,0
2019-02-18,Germany,Europe,1.121,1.021,1.938,64.74,3.11,0.8526,1.34,68.1,53.4,29.8,0,No Event,0.05,Low,45.0,1.133,0.0894881715162412,1.123,62.19,0,2019,2,1,8,0
2019-02-25,Germany,Europe,1.092,1.011,1.858,60.98,3.09,0.8596,1.01,67.5,46.5,22.7,0,No Event,0.02,Low,45.0,1.11125,0.0855821228373592,1.121,64.74,0,2019,2,1,9,0
2019-03-04,Germany,Europe,1.138,1.037,1.836,62.98,1.66,0.8526,3.5,53.7,49.1,20.1,0,No Event,-0.57,Low,45.0,1.1185,0.0846746502232237,1.092,60.98,0,2019,3,1,10,0
2019-03-11,Germany,Europe,1.118,0.983,1.957,62.85,2.5,0.849,1.18,53.2,43.5,25.2,0,No Event,0.39,Low,45.0,1.11725,0.0846733667253442,1.138,62.98,0,2019,3,1,11,0
2019-03-18,Germany,Europe,1.108,0.986,2.276,63.23,1.72,0.8374,0.8,68.1,49.2,24.2,0,No Event,0.64,Low,45.0,1.114,0.0849534130084323,1.118,62.85,0,2019,3,1,12,0
2019-03-25,Germany,Europe,1.242,1.114,2.251,70.32,2.98,0.8661,2.07,49.4,38.3,27.4,0,No Event,0.89,Low,45.0,1.1515,0.0902296602481109,1.108,63.23,0,2019,3,1,13,0
2019-04-01,Germany,Europe,1.077,0.979,2.144,61.06,3.65,0.859,2.4,55.1,41.8,24.7,0,No Event,-0.61,Low,45.0,1.13625,0.07540600787139,1.242,70.32,0,2019,4,2,14,0
2019-04-08,Germany,Europe,1.216,1.038,1.632,65.33,1.97,0.8677,3.56,60.2,69.3,29.2,0,No Event,0.18,Low,45.0,1.16075,0.0746482069083936,1.077,61.06,0,2019,4,2,15,0
2019-04-15,Germany,Europe,1.116,1.023,1.656,63.3,2.64,0.8619,3.86,61.6,37.1,28.6,0,No Event,-0.25,Low,45.0,1.16275,0.0789731364679594,1.216,65.33,0,2019,4,2,16,0
2019-04-22,Germany,Europe,1.122,0.96,2.055,61.23,1.83,0.8732,-0.28,58.9,43.8,27.3,0,No Event,0.08,Low,45.0,1.13275,0.0752063056077197,1.116,63.3,0,2019,4,2,17,0
2019-04-29,Germany,Europe,1.143,1.015,1.594,64.01,3.12,0.8572,0.53,62.7,33.2,27.2,0,No Event,0.38,Low,45.0,1.14925,0.0730963075679269,1.122,61.23,0,2019,4,2,18,0
2019-05-06,Germany,Europe,1.093,1.004,2.146,62.81,2.26,0.8639,0.99,63.7,47.9,26.2,0,No Event,0.96,Low,45.0,1.1185,0.0743596883289017,1.143,64.01,0,2019,5,2,19,0
2019-05-13,Germany,Europe,1.131,0.987,1.611,61.82,2.86,0.8509,2.38,58.4,45.7,22.4,0,No Event,0.25,Low,45.0,1.12225,0.0750137213380152,1.093,62.81,0,2019,5,2,20,0
2019-05-20,Germany,Europe,1.137,0.978,1.966,62.82,2.83,0.849,3.24,55.7,41.2,29.5,0,No Event,-0.16,Low,45.0,1.126,0.0744488503365245,1.131,61.82,0,2019,5,2,21,0
2019-05-27,Germany,Europe,1.192,1.059,2.407,68.68,2.83,0.8489,1.7,58.9,59.9,26.6,0,No Event,-0.9,Low,45.0,1.13825,0.0747464056622757,1.137,62.82,0,2019,5,2,22,0
2019-06-03,Germany,Europe,1.104,1.033,2.056,62.48,2.24,0.8548,1.14,62.6,57.2,26.3,0,No Event,-0.2,Low,45.0,1.141,0.0780783849591838,1.192,68.68,0,2019,6,2,23,0
2019-06-10,Germany,Europe,1.214,1.073,1.628,66.6,3.31,0.8656,3.56,35.8,43.0,29.6,0,No Event,-0.43,Low,45.0,1.16175,0.0828716628074119,1.104,62.48,1,2019,6,2,24,0
2019-06-17,Germany,Europe,1.118,1.036,1.658,65.89,2.92,0.847,6.0,66.2,46.1,26.8,0,No Event,0.92,Low,45.0,1.157,0.0787145028941861,1.214,66.6,0,2019,6,2,25,0
2019-06-24,Germany,Europe,1.14,1.068,2.056,65.01,2.75,0.8546,1.16,64.2,39.5,21.6,0,No Event,-0.78,Low,45.0,1.144,0.0679218358568307,1.118,65.89,0,2019,6,2,26,0
2019-07-01,Germany,Europe,1.305,1.126,2.513,71.7,2.0,0.8448,4.8,37.5,27.3,22.2,0,No Event,0.48,Low,45.0,1.19425,0.070584608959623,1.14,65.01,0,2019,7,3,27,0
2019-07-08,Germany,Europe,1.238,1.104,2.404,70.04,2.03,0.8314,1.43,55.9,34.3,28.5,0,No Event,-0.15,Low,45.0,1.20025,0.0674835964515197,1.305,71.7,0,2019,7,3,28,0
2019-07-15,Germany,Europe,1.212,1.005,2.034,64.6,2.07,0.8292,3.29,47.9,69.7,24.2,0,No Event,0.69,Low,45.0,1.22375,0.0681001589664007,1.238,70.04,0,2019,7,3,29,0
2019-07-22,Germany,Europe,1.238,1.144,2.182,69.66,3.29,0.8409,0.55,57.3,48.5,20.8,0,No Event,-0.08,Low,45.0,1.24825,0.0681419655673601,1.212,64.6,0,2019,7,3,30,0
2019-07-29,Germany,Europe,1.27,1.112,2.477,70.43,1.91,0.852,4.05,45.6,43.2,29.6,0,No Event,0.2,Low,45.0,1.2395,0.066202273069709,1.238,69.66,0,2019,7,3,31,0
2019-08-05,Germany,Europe,1.311,1.146,2.564,72.12,2.4,0.8339,-1.78,47.3,31.3,23.5,0,No Event,-0.33,Low,45.0,1.25775,0.0661371699256462,1.27,70.43,0,2019,8,3,32,0
2019-08-12,Germany,Europe,1.212,1.1,1.905,69.09,2.89,0.8471,2.48,44.1,45.8,22.9,0,No Event,0.25,Low,45.0,1.25775,0.0710717764919753,1.311,72.12,0,2019,8,3,33,0
2019-08-19,Germany,Europe,1.299,1.207,2.271,73.58,2.1,0.8401,4.88,45.2,38.9,24.9,0,No Event,0.05,Low,45.0,1.273,0.0725974184767263,1.212,69.09,0,2019,8,3,34,0
2019-08-26,Germany,Europe,1.265,1.087,2.121,70.99,2.64,0.8401,2.93,55.7,44.1,28.7,0,No Event,-0.14,Low,45.0,1.27175,0.0688273742242644,1.299,73.58,0,2019,8,3,35,0
2019-09-02,Germany,Europe,0.871,0.749,1.5,48.27,1.61,0.8368,2.34,49.5,41.9,22.3,0,No Event,-0.38,Low,45.0,1.16175,0.1112849641919756,1.265,70.99,0,2019,9,3,36,0
2019-09-09,Germany,Europe,0.766,0.697,1.5,42.44,1.78,0.8339,1.22,46.8,36.2,25.8,0,No Event,1.3,Low,45.0,1.05025,0.1138755514097708,0.871,48.27,0,2019,9,3,37,0
2019-09-16,Germany,Europe,0.779,0.705,1.548,43.8,2.65,0.8377,3.27,38.2,50.0,23.5,0,No Event,0.19,Low,45.0,0.92025,0.1137834065595121,0.766,42.44,1,2019,9,3,38,0
2019-09-23,Germany,Europe,0.76,0.704,1.5,44.42,1.99,0.8461,2.57,37.1,45.0,28.2,0,No Event,-0.1,Low,45.0,0.794,0.1006422761766718,0.779,43.8,1,2019,9,3,39,0
2019-09-30,Germany,Europe,0.808,0.71,1.505,44.46,2.07,0.853,4.31,52.3,45.8,21.1,0,No Event,0.22,Low,45.0,0.77825,0.1046623805583405,0.76,44.42,0,2019,9,3,40,0
2019-10-07,Germany,Europe,0.855,0.786,1.601,47.44,2.82,0.846,0.46,43.6,51.2,26.2,0,No Event,0.31,Low,45.0,0.8005,0.1076623855410183,0.808,44.46,0,2019,10,4,41,0
2019-10-14,Germany,Europe,0.813,0.767,1.5,47.32,2.38,0.8479,2.55,47.9,55.6,28.5,0,No Event,-0.13,Low,45.0,0.809,0.1069764087417463,0.855,47.44,0,2019,10,4,42,0
2019-10-21,Germany,Europe,0.792,0.693,1.5,43.12,2.15,0.8357,2.69,42.2,58.9,24.9,0,No Event,0.72,Low,45.0,0.817,0.1056323503252958,0.813,47.32,0,2019,10,4,43,0
2019-10-28,Germany,Europe,0.869,0.765,1.544,48.95,3.45,0.8567,2.06,37.1,48.4,26.5,0,No Event,-0.72,Low,45.0,0.83225,0.1107934412272529,0.792,43.12,1,2019,10,4,44,0
2019-11-04,Germany,Europe,0.969,0.863,1.565,52.12,3.06,0.8389,1.4,49.1,64.3,29.8,0,No Event,0.45,Low,45.0,0.86075,0.1167308345379725,0.869,48.95,0,2019,11,4,45,0
2019-11-11,Germany,Europe,0.834,0.757,1.5,48.78,2.9,0.8372,1.72,37.4,60.9,21.1,0,No Event,0.2,Low,45.0,0.866,0.1189634017025688,0.969,52.12,1,2019,11,4,46,0
2019-11-18,Germany,Europe,0.796,0.734,1.51,45.28,1.61,0.8609,2.2,48.4,50.6,26.1,0,No Event,0.03,Low,45.0,0.867,0.1190553248093158,0.834,48.78,0,2019,11,4,47,0
2019-11-25,Germany,Europe,0.882,0.779,1.685,48.43,2.32,0.8374,-1.41,34.4,49.3,26.6,0,No Event,0.72,Low,45.0,0.87025,0.0860651550363297,0.796,45.28,1,2019,11,4,48,0
2019-12-02,Germany,Europe,0.926,0.859,1.5,52.98,2.4,0.8486,2.09,49.6,41.9,23.0,0,No Event,-0.62,Low,45.0,0.8595,0.0771567331332948,0.882,48.43,0,2019,12,4,49,0
2019-12-09,Germany,Europe,0.887,0.809,1.5,49.38,2.57,0.8704,2.28,55.7,59.6,20.2,0,No Event,0.26,Low,45.0,0.87275,0.0791365181679861,0.926,52.98,0,2019,12,4,50,0
2019-12-16,Germany,Europe,0.954,0.856,1.5,53.8,3.72,0.8436,4.23,71.9,60.5,26.0,0,No Event,-0.13,Low,45.0,0.91225,0.0800089141728062,0.887,49.38,0,2019,12,4,51,0
2019-12-23,Germany,Europe,1.009,0.88,1.812,56.01,2.23,0.8447,1.08,36.2,63.3,27.7,0,No Event,0.31,Low,45.0,0.944,0.0797674437330898,0.954,53.8,1,2019,12,4,52,0
2019-12-30,Germany,Europe,0.969,0.853,1.813,53.54,2.71,0.8391,1.18,58.4,64.8,25.6,0,No Event,0.19,Low,45.0,0.95475,0.0806871042392149,1.009,56.01,0,2019,12,4,1,0
2020-01-06,Germany,Europe,1.042,0.899,1.682,57.68,2.14,0.8648,0.5,55.1,47.4,28.0,0,No Event,-0.11,Low,45.0,0.9935,0.0799030624658394,0.969,53.54,0,2020,1,1,2,0
2020-01-13,Germany,Europe,0.929,0.837,1.801,51.67,2.84,0.8575,0.21,59.2,57.9,24.2,0,No Event,0.2,Low,45.0,0.98725,0.0877473969601704,1.042,57.68,0,2020,1,1,3,0
2020-01-20,Germany,Europe,0.965,0.884,1.932,55.85,2.28,0.8582,3.96,39.7,63.7,21.8,0,No Event,-0.92,Low,45.0,0.97625,0.08444737654316,0.929,51.67,1,2020,1,1,4,0
2020-01-27,Germany,Europe,1.09,0.938,1.983,59.33,2.92,0.8543,3.06,46.6,46.7,22.7,0,No Event,-0.29,Low,45.0,1.0065,0.0861364772364458,0.965,55.85,0,2020,1,1,5,0
2020-02-03,Germany,Europe,1.041,0.952,1.946,58.73,3.5,0.8596,2.5,43.0,55.3,45.1,1,COVID-19 Pandemic,0.21,Low,45.0,1.00625,0.074451105503955,1.09,59.33,0,2020,2,1,6,0
2020-02-10,Germany,Europe,1.221,1.086,2.178,68.33,2.86,0.851,-0.41,43.9,66.5,25.0,0,No Event,1.0,Low,45.0,1.07925,0.0828843337811251,1.041,58.73,0,2020,2,1,7,0
2020-02-17,Germany,Europe,1.156,1.051,2.108,64.75,2.58,0.8511,4.38,56.4,52.3,22.4,0,No Event,0.26,Low,45.0,1.127,0.0838081167127795,1.221,68.33,0,2020,2,1,8,0
2020-02-24,Germany,Europe,1.157,1.079,1.963,66.13,3.67,0.8571,5.81,58.0,50.9,39.3,1,COVID-19 Pandemic,-0.24,Low,45.0,1.14375,0.0837291590741103,1.156,64.75,0,2020,2,1,9,0
2020-03-02,Germany,Europe,1.278,1.126,1.884,70.74,2.61,0.871,1.14,54.5,58.1,25.8,0,No Event,-0.36,Low,45.0,1.203,0.0842484779998637,1.157,66.13,0,2020,3,1,10,0
2020-03-09,Germany,Europe,1.364,1.178,2.283,76.0,2.72,0.8578,3.44,60.6,51.8,22.4,0,No Event,-0.46,Low,45.0,1.23875,0.0839126299021663,1.278,70.74,0,2020,3,1,11,0
2020-03-16,Germany,Europe,1.23,1.172,1.968,70.47,2.56,0.86,1.42,56.2,53.5,29.9,0,No Event,-0.84,Low,45.0,1.25725,0.0915355952540342,1.364,76.0,0,2020,3,1,12,0
2020-03-23,Germany,Europe,1.404,1.219,2.289,77.71,3.24,0.8491,-0.16,57.0,56.0,39.7,1,COVID-19 Pandemic,0.34,Low,45.0,1.319,0.0955775484569676,1.23,70.47,0,2020,3,1,13,0
2020-03-30,Germany,Europe,1.368,1.232,2.32,76.87,2.51,0.8623,3.28,64.0,46.8,27.5,0,No Event,-0.51,Low,45.0,1.3415,0.0961934775372702,1.404,77.71,0,2020,3,1,14,0
2020-04-06,Germany,Europe,1.355,1.24,2.212,78.28,1.26,0.8607,3.41,45.5,52.8,21.6,0,No Event,-0.79,Low,45.0,1.33925,0.0873559766340476,1.368,76.87,0,2020,4,2,15,0
2020-04-13,Germany,Europe,1.489,1.287,2.421,81.59,2.33,0.8612,2.55,57.1,52.4,20.8,0,No Event,-0.09,Low,45.0,1.404,0.0892749716264572,1.355,78.28,0,2020,4,2,16,0
2020-04-20,Germany,Europe,1.472,1.302,2.541,82.79,3.2,0.8517,0.24,50.6,41.9,25.5,0,No Event,-0.11,Low,45.0,1.4209999999999998,0.0856712682243674,1.489,81.59,0,2020,4,2,17,0
2020-04-27,Germany,Europe,1.45,1.33,2.515,81.29,1.84,0.8611,-1.03,58.8,54.5,31.2,1,COVID-19 Pandemic,-0.06,Low,45.0,1.4415,0.083745895690389,1.472,82.79,0,2020,4,2,18,0
2020-05-04,Germany,Europe,1.459,1.268,1.962,81.71,3.32,0.8506,2.57,60.7,49.5,48.9,1,COVID-19 Pandemic,-0.72,Low,45.0,1.4675,0.0709261944704599,1.45,81.29,0,2020,5,2,19,0
2020-05-11,Germany,Europe,1.521,1.399,3.081,86.07,4.13,0.8601,2.51,55.3,47.1,33.8,1,COVID-19 Pandemic,-0.54,Low,45.0,1.4755,0.0675897427329169,1.459,81.71,0,2020,5,2,20,0
2020-05-18,Germany,Europe,1.553,1.28,2.833,85.51,2.57,0.8516,0.5,63.0,44.0,39.1,1,COVID-19 Pandemic,0.12,Low,45.0,1.49575,0.0671798778660554,1.521,86.07,0,2020,5,2,21,0
2020-05-25,Germany,Europe,1.601,1.403,3.018,86.58,2.31,0.8643,1.65,52.7,40.5,20.1,0,No Event,0.09,Low,45.0,1.5335,0.0626439152555619,1.553,85.51,0,2020,5,2,22,0
2020-06-01,Germany,Europe,1.159,0.974,1.758,63.57,2.14,0.8385,1.64,63.6,25.9,41.7,1,COVID-19 Pandemic,0.83,Low,45.0,1.4585,0.1041223916692365,1.601,86.58,0,2020,6,2,23,0
2020-06-08,Germany,Europe,1.013,0.894,1.913,56.01,2.21,0.8639,3.24,44.8,41.4,43.6,1,COVID-19 Pandemic,0.14,Low,45.0,1.3315,0.1065881227029035,1.159,63.57,0,2020,6,2,24,0
2020-06-15,Germany,Europe,1.153,1.009,2.18,63.76,4.24,0.8566,1.45,40.8,59.1,32.4,1,COVID-19 Pandemic,0.6,Low,45.0,1.2315,0.1061697203202738,1.013,56.01,0,2020,6,2,25,0
2020-06-22,Germany,Europe,0.931,0.821,1.5,52.41,5.91,0.8445,0.19,42.1,46.0,35.2,1,COVID-19 Pandemic,-0.59,Low,45.0,1.064,0.1185464358232594,1.153,63.76,0,2020,6,2,26,0
2020-06-29,Germany,Europe,1.039,0.919,1.5,56.74,3.2,0.8672,3.63,57.6,46.3,28.7,0,No Event,0.66,Low,45.0,1.034,0.125322392928878,0.931,52.41,0,2020,6,2,27,0
2020-07-06,Germany,Europe,0.995,0.908,1.5,55.93,1.96,0.8559,0.04,57.3,38.8,44.5,1,COVID-19 Pandemic,-0.39,Low,45.0,1.0295,0.1202942850447399,1.039,56.74,0,2020,7,3,28,0
2020-07-13,Germany,Europe,0.968,0.883,1.829,54.67,3.83,0.8424,1.76,43.0,54.2,48.6,1,COVID-19 Pandemic,0.34,Low,45.0,0.98325,0.1202101259646401,0.995,55.93,0,2020,7,3,29,0
2020-07-20,Germany,Europe,0.938,0.807,1.513,51.79,4.48,0.8657,1.98,37.9,45.1,50.4,1,COVID-19 Pandemic,0.14,Low,45.0,0.985,0.1201529149697589,0.968,54.67,1,2020,7,3,30,0
2020-07-27,Germany,Europe,0.908,0.809,1.5,51.03,1.94,0.8578,-0.52,53.5,34.7,40.3,1,COVID-19 Pandemic,0.53,Low,45.0,0.95225,0.1196591279221673,0.938,51.79,0,2020,7,3,31,0
2020-08-03,Germany,Europe,0.928,0.794,1.522,51.23,2.08,0.8432,0.95,39.8,44.6,23.2,0,No Event,0.21,Low,45.0,0.9355,0.118649576406226,0.908,51.03,1,2020,8,3,32,0
2020-08-10,Germany,Europe,0.889,0.766,1.5,48.47,4.22,0.8351,4.36,52.3,53.9,50.7,1,COVID-19 Pandemic,0.39,Low,45.0,0.91575,0.1174171470088538,0.928,51.23,0,2020,8,3,33,0
2020-08-17,Germany,Europe,0.884,0.792,1.601,49.94,2.78,0.85,1.01,44.4,40.3,40.6,1,COVID-19 Pandemic,0.13,Low,45.0,0.90225,0.1159181531385682,0.889,48.47,0,2020,8,3,34,0
2020-08-24,Germany,Europe,0.871,0.787,1.751,48.78,3.25,0.8478,-0.74,47.7,43.1,31.6,1,COVID-19 Pandemic,0.42,Low,45.0,0.893,0.0893541672167512,0.884,49.94,0,2020,8,3,35,0
2020-08-31,Germany,Europe,0.802,0.713,1.503,45.31,1.92,0.8343,3.43,55.6,41.8,21.5,0,No Event,-0.08,Low,45.0,0.8615,0.085226002422864,0.871,48.78,0,2020,8,3,36,0
2020-09-07,Germany,Europe,0.893,0.769,1.704,49.13,2.65,0.8437,3.23,49.2,32.5,24.8,0,No Event,0.16,Low,45.0,0.8625,0.0813728168316764,0.802,45.31,0,2020,9,3,37,0
2020-09-14,Germany,Europe,0.845,0.755,1.515,46.94,1.84,0.8492,1.44,37.6,50.0,22.2,0,No Event,-0.53,Low,45.0,0.85275,0.061809003745386,0.893,49.13,1,2020,9,3,38,0
2020-09-21,Germany,Europe,0.83,0.72,1.5,45.77,2.67,0.8552,0.94,45.6,41.4,24.0,0,No Event,0.8,Low,45.0,0.8425,0.0483269610763154,0.845,46.94,0,2020,9,3,39,0
2020-09-28,Germany,Europe,0.878,0.774,1.5,47.28,2.83,0.8457,3.92,49.1,48.9,25.8,0,No Event,-0.35,Low,45.0,0.8614999999999999,0.0521468367039524,0.83,45.77,0,2020,9,3,40,0
2020-10-05,Germany,Europe,0.81,0.749,1.5,45.46,2.63,0.8384,3.39,44.4,64.6,24.5,0,No Event,-0.24,Low,45.0,0.8407500000000001,0.0556302415653176,0.878,47.28,0,2020,10,4,41,0
2020-10-12,Germany,Europe,0.81,0.727,1.5,45.96,2.04,0.8536,2.72,49.5,44.3,21.2,0,No Event,-0.17,Low,45.0,0.8320000000000001,0.0554557944931597,0.81,45.46,0,2020,10,4,42,0
2020-10-19,Germany,Europe,0.851,0.789,1.531,48.25,3.05,0.8368,1.02,55.3,47.8,20.1,0,No Event,-0.13,Low,45.0,0.83725,0.0576650940322921,0.81,45.96,0,2020,10,4,43,0
2020-10-26,Germany,Europe,0.86,0.778,1.5,49.45,2.39,0.8392,2.07,49.3,55.4,24.0,0,No Event,0.23,Low,45.0,0.83275,0.0572909204876107,0.851,48.25,0,2020,10,4,44,0
2020-11-02,Germany,Europe,0.816,0.741,1.5,47.92,2.78,0.857,2.1,48.3,50.7,25.3,0,No Event,-0.3,Low,45.0,0.8342499999999999,0.0578877185818155,0.86,49.45,0,2020,11,4,45,0
2020-11-09,Germany,Europe,0.897,0.745,1.5,48.87,2.46,0.8514,1.74,49.5,58.4,27.9,0,No Event,0.3,Low,45.0,0.8560000000000001,0.065324501560215,0.816,47.92,0,2020,11,4,46,0
2020-11-16,Germany,Europe,0.968,0.866,1.78,53.39,2.15,0.8555,1.23,54.0,44.5,27.4,0,No Event,-0.44,Low,45.0,0.8852500000000001,0.0685333193821581,0.897,48.87,0,2020,11,4,47,0
2020-11-23,Germany,Europe,0.858,0.782,1.5,48.13,2.77,0.8489,1.89,41.3,48.5,22.7,0,No Event,-0.7,Low,45.0,0.8847499999999999,0.0732111054181607,0.968,53.39,0,2020,11,4,48,0
2020-11-30,Germany,Europe,0.908,0.838,1.5,51.92,3.33,0.8482,1.44,65.5,53.1,27.3,0,No Event,0.36,Low,45.0,0.90775,0.0675006841413497,0.858,48.13,0,2020,11,4,49,0
2020-12-07,Germany,Europe,0.953,0.817,1.5,52.21,2.82,0.8468,-0.59,54.8,35.9,26.4,0,No Event,-0.0,Low,45.0,0.92175,0.0661091889367274,0.908,51.92,0,2020,12,4,50,0
2020-12-14,Germany,Europe,0.973,0.822,1.5,52.34,2.47,0.852,1.18,48.2,44.8,25.0,0,No Event,-0.25,Low,45.0,0.923,0.0654612871730501,0.953,52.21,0,2020,12,4,51,0
2020-12-21,Germany,Europe,0.977,0.893,1.9,56.69,3.44,0.8498,0.55,63.4,59.1,26.6,0,No Event,-0.02,Low,45.0,0.95275,0.0641138802803552,0.973,52.34,0,2020,12,4,52,0
2020-12-28,Germany,Europe,1.019,0.901,1.5,57.0,2.86,0.8484,2.58,43.0,44.4,27.5,0,No Event,-0.23,Low,45.0,0.9805,0.0581862631775775,0.977,56.69,0,2020,12,4,53,0
2021-01-04,Germany,Europe,1.035,0.946,1.5,59.37,3.15,0.8432,4.07,53.0,59.7,25.9,0,No Event,0.13,Low,45.0,1.001,0.0578492546423134,1.019,57.0,0,2021,1,1,1,0
2021-01-11,Germany,Europe,1.101,0.986,1.905,61.51,2.49,0.8575,1.86,42.8,54.0,28.6,0,No Event,-0.79,Low,45.0,1.033,0.0585567163515674,1.035,59.37,0,2021,1,1,2,0
2021-01-18,Germany,Europe,1.116,0.986,1.712,62.57,2.48,0.8495,0.79,66.4,72.1,20.6,0,No Event,0.15,Low,45.0,1.06775,0.0585030946210403,1.101,61.51,0,2021,1,1,3,0
2021-01-25,Germany,Europe,1.111,0.994,1.981,62.16,2.85,0.8682,-0.67,56.1,44.0,21.5,0,No Event,0.2,Low,45.0,1.09075,0.0544981816893857,1.116,62.57,0,2021,1,1,4,0
2021-02-01,Germany,Europe,1.101,1.011,1.799,62.01,3.34,0.8693,4.41,45.8,54.7,29.7,0,No Event,0.27,Low,45.0,1.10725,0.0503294316934705,1.111,62.16,0,2021,2,1,5,0
2021-02-08,Germany,Europe,1.175,1.003,1.973,63.86,2.63,0.8588,2.26,55.3,49.5,23.6,0,No Event,-0.54,Low,45.0,1.12575,0.0491230951786807,1.101,62.01,0,2021,2,1,6,0
2021-02-15,Germany,Europe,1.122,0.938,1.68,61.24,3.55,0.8536,2.43,64.3,53.8,20.2,0,No Event,0.24,Low,45.0,1.12725,0.0342258491296756,1.175,63.86,0,2021,2,1,7,0
2021-02-22,Germany,Europe,1.144,1.024,1.596,63.76,3.34,0.8571,2.24,63.5,40.0,27.7,0,No Event,-0.47,Low,45.0,1.1355,0.0323877587940283,1.122,61.24,0,2021,2,1,8,0
2021-03-01,Germany,Europe,1.215,1.053,1.942,67.07,1.85,0.8323,0.09,54.2,57.7,25.3,0,No Event,0.67,Low,45.0,1.164,0.0336063850192312,1.144,63.76,0,2021,3,1,9,0
2021-03-08,Germany,Europe,1.139,1.023,2.065,65.06,3.14,0.8634,1.38,47.3,65.5,28.5,0,No Event,0.29,Low,45.0,1.155,0.0413579303827126,1.215,67.07,0,2021,3,1,10,0
2021-03-15,Germany,Europe,1.246,1.072,2.261,67.51,2.26,0.8527,2.19,55.6,51.5,21.1,0,No Event,-0.01,Low,45.0,1.186,0.0471329634545063,1.139,65.06,0,2021,3,1,11,0
2021-03-22,Germany,Europe,1.191,1.056,2.134,66.49,2.28,0.854,1.41,48.4,52.1,29.7,0,No Event,0.07,Low,45.0,1.19775,0.0501340753764665,1.246,67.51,0,2021,3,1,12,0
2021-03-29,Germany,Europe,1.224,1.058,1.699,64.87,2.44,0.8639,0.66,64.6,57.3,22.5,0,No Event,0.3,Low,45.0,1.2,0.0502859081003546,1.191,66.49,0,2021,3,1,13,0
2021-04-05,Germany,Europe,1.204,1.085,1.941,67.95,2.51,0.8505,1.51,59.0,66.2,28.8,0,No Event,0.22,Low,45.0,1.21625,0.0485421883252552,1.224,64.87,0,2021,4,2,14,0
2021-04-12,Germany,Europe,1.225,1.069,2.249,67.29,2.23,0.8592,2.12,51.4,54.4,22.9,0,No Event,-0.85,Low,45.0,1.211,0.0485909928187094,1.204,67.95,0,2021,4,2,15,0
2021-04-19,Germany,Europe,1.216,1.125,2.333,68.93,2.98,0.8746,1.81,60.9,50.5,28.2,0,No Event,-0.06,Low,45.0,1.21725,0.0486695382274407,1.225,67.29,0,2021,4,2,16,0
2021-04-26,Germany,Europe,1.205,1.077,1.9,66.88,3.54,0.8597,1.81,50.9,35.8,21.7,0,No Event,0.13,Low,45.0,1.2125,0.0486710264250973,1.216,68.93,0,2021,4,2,17,0
2021-05-03,Germany,Europe,1.138,1.04,2.244,65.44,3.11,0.8721,1.92,46.8,34.7,23.3,0,No Event,-0.38,Low,45.0,1.196,0.0481400603850191,1.205,66.88,0,2021,5,2,18,0
2021-05-10,Germany,Europe,1.145,0.987,2.252,63.44,3.35,0.858,1.76,61.2,50.4,29.8,0,No Event,-0.09,Low,45.0,1.176,0.046163653091986,1.138,65.44,0,2021,5,2,19,0
2021-05-17,Germany,Europe,1.083,0.982,1.984,62.23,2.38,0.8443,-0.36,53.8,32.7,29.9,0,No Event,0.52,Low,45.0,1.14275,0.0485500108958638,1.145,63.44,0,2021,5,2,20,0
2021-05-24,Germany,Europe,1.102,0.969,1.741,60.68,2.67,0.8418,0.24,61.1,50.0,29.8,0,No Event,-0.04,Low,45.0,1.117,0.0446280461707424,1.083,62.23,0,2021,5,2,21,0
2021-05-31,Germany,Europe,1.137,1.037,1.905,63.03,2.06,0.8561,1.42,64.9,39.6,25.0,0,No Event,-1.03,Low,45.0,1.11675,0.0422342171738596,1.102,60.68,0,2021,5,2,22,0
2021-06-07,Germany,Europe,1.079,0.935,1.833,58.71,2.28,0.8566,1.11,42.6,30.7,22.8,0,No Event,-0.0,Low,45.0,1.10025,0.0328059396928527,1.137,63.03,0,2021,6,2,23,0
2021-06-14,Germany,Europe,1.077,0.935,1.877,59.12,2.63,0.8496,0.74,53.5,51.9,22.1,0,No Event,-1.05,Low,45.0,1.09875,0.0312035481923951,1.079,58.71,0,2021,6,2,24,0
2021-06-21,Germany,Europe,1.046,0.908,1.5,57.84,3.3,0.8446,4.0,41.7,62.1,25.4,0,No Event,-0.59,Low,45.0,1.08475,0.0295620826196348,1.077,59.12,0,2021,6,2,25,0
2021-06-28,Germany,Europe,1.046,0.93,1.779,58.31,2.63,0.8406,0.92,45.2,43.8,20.2,0,No Event,-0.01,Low,45.0,1.062,0.0297500216563436,1.046,57.84,0,2021,6,2,26,0
2021-07-05,Germany,Europe,1.013,0.885,1.528,55.7,2.14,0.8505,5.48,40.7,55.3,22.3,0,No Event,-0.26,Low,45.0,1.0455,0.0288024196972276,1.046,58.31,0,2021,7,3,27,0
2021-07-12,Germany,Europe,0.912,0.8,1.721,50.2,2.81,0.8477,-0.36,49.6,57.2,26.9,0,No Event,0.16,Low,45.0,1.00425,0.0375026384186801,1.013,55.7,0,2021,7,3,28,0
2021-07-19,Germany,Europe,0.92,0.845,1.5,51.94,2.62,0.8387,-0.52,56.0,39.5,20.5,0,No Event,-0.02,Low,45.0,0.97275,0.0384470493492366,0.912,50.2,0,2021,7,3,29,0
2021-07-26,Germany,Europe,0.955,0.828,1.849,51.8,1.96,0.8537,1.88,63.2,51.4,28.9,0,No Event,-0.17,Low,45.0,0.95,0.0403600477503269,0.92,51.94,0,2021,7,3,30,0
2021-08-02,Germany,Europe,0.902,0.81,1.796,50.5,2.57,0.8389,2.24,47.0,69.4,26.9,0,No Event,-0.51,Low,45.0,0.92225,0.0415064250841921,0.955,51.8,0,2021,8,3,31,0
2021-08-09,Germany,Europe,0.875,0.78,1.718,49.57,2.29,0.8437,3.07,31.8,40.6,23.6,0,No Event,-0.1,Low,45.0,0.913,0.0402034960237274,0.902,50.5,1,2021,8,3,32,0
2021-08-16,Germany,Europe,0.849,0.788,1.64,48.83,3.05,0.8438,3.83,43.5,32.3,23.0,0,No Event,-0.2,Low,45.0,0.8952500000000001,0.0388187810413824,0.875,49.57,0,2021,8,3,33,0
2021-08-23,Germany,Europe,0.845,0.734,1.5,46.85,2.67,0.841,1.72,45.3,44.2,22.4,0,No Event,-0.39,Low,45.0,0.86775,0.0356269245127089,0.849,48.83,0,2021,8,3,34,0
2021-08-30,Germany,Europe,0.832,0.746,1.5,46.01,2.52,0.8543,1.11,37.2,34.9,26.7,0,No Event,-0.51,Low,45.0,0.85025,0.0346261496289794,0.845,46.85,0,2021,8,3,35,0
2021-09-06,Germany,Europe,0.784,0.753,1.5,45.62,2.96,0.8579,2.77,51.5,43.6,21.6,0,No Event,0.06,Low,45.0,0.8275,0.0355786675884706,0.832,46.01,0,2021,9,3,36,0
2021-09-13,Germany,Europe,0.783,0.705,1.525,45.05,2.98,0.8515,1.08,29.9,53.6,23.1,0,No Event,-0.45,Low,45.0,0.811,0.0362290070113801,0.784,45.62,1,2021,9,3,37,0
2021-09-20,Germany,Europe,0.842,0.742,1.5,46.07,3.48,0.8203,0.44,39.4,52.2,25.1,0,No Event,0.3,Low,45.0,0.81025,0.04586739149457,0.783,45.05,1,2021,9,3,38,0
2021-09-27,Germany,Europe,0.901,0.81,1.677,49.82,2.1,0.8456,4.08,39.5,52.4,20.3,0,No Event,0.3,Low,45.0,0.8275,0.0519083446166993,0.842,46.07,1,2021,9,3,39,0
2021-10-04,Germany,Europe,0.909,0.794,1.5,49.96,2.86,0.8283,1.08,44.6,56.2,23.1,0,No Event,0.27,Low,45.0,0.85875,0.0433114774204884,0.901,49.82,0,2021,10,4,40,0
2021-10-11,Germany,Europe,0.855,0.754,1.5,47.86,3.16,0.8499,3.41,40.4,47.2,25.9,0,No Event,-0.57,Low,45.0,0.87675,0.0464933879009983,0.909,49.96,0,2021,10,4,41,0
2021-10-18,Germany,Europe,0.893,0.78,1.5,48.51,2.4,0.8389,1.66,36.9,49.9,23.7,0,No Event,0.23,Low,45.0,0.8895,0.0470666247791479,0.855,47.86,1,2021,10,4,42,0
2021-10-25,Germany,Europe,0.849,0.732,1.564,47.81,3.09,0.8506,3.48,57.8,64.6,23.8,0,No Event,0.4,Low,45.0,0.8765000000000001,0.0464850126486916,0.893,48.51,0,2021,10,4,43,0
2021-11-01,Germany,Europe,0.863,0.8,1.5,49.11,2.46,0.8329,0.15,54.5,48.9,26.1,0,No Event,0.92,Low,45.0,0.865,0.046065270393253,0.849,47.81,0,2021,11,4,44,0
2021-11-08,Germany,Europe,0.87,0.78,1.5,48.91,2.13,0.837,4.34,50.1,50.6,22.6,0,No Event,-0.65,Low,45.0,0.8687499999999999,0.0451459453909876,0.863,49.11,0,2021,11,4,45,0
2021-11-15,Germany,Europe,0.895,0.806,1.5,49.63,3.15,0.8465,3.34,44.8,36.5,22.5,0,No Event,-0.12,Low,45.0,0.8692500000000001,0.0456583677246268,0.87,48.91,0,2021,11,4,46,0
2021-11-22,Germany,Europe,0.892,0.803,1.5,49.79,1.81,0.8445,0.52,39.5,51.5,20.4,0,No Event,0.78,Low,45.0,0.88,0.0452825024259133,0.895,49.63,1,2021,11,4,47,0
2021-11-29,Germany,Europe,0.993,0.863,1.505,54.34,3.43,0.8515,3.74,79.2,44.8,26.6,0,No Event,-0.4,Low,45.0,0.9125,0.049821078025321,0.892,49.79,0,2021,11,4,48,0
2021-12-06,Germany,Europe,0.978,0.903,1.681,56.3,2.56,0.8482,0.38,53.5,54.8,22.9,0,No Event,0.44,Low,45.0,0.9395,0.0505380489095256,0.993,54.34,0,2021,12,4,49,0
2021-12-13,Germany,Europe,0.986,0.86,1.844,54.02,2.73,0.8576,1.69,44.1,61.4,21.9,0,No Event,-0.4,Low,45.0,0.96225,0.0474577073072884,0.978,56.3,0,2021,12,4,50,0
2021-12-20,Germany,Europe,1.01,0.859,1.592,55.06,2.37,0.8376,-0.91,40.3,60.1,26.9,0,No Event,-0.02,Low,45.0,0.99175,0.044298723187856,0.986,54.02,0,2021,12,4,51,0
2021-12-27,Germany,Europe,1.067,0.933,1.52,60.97,2.43,0.8471,3.98,48.5,55.4,28.8,0,No Event,-0.27,Low,45.0,1.01025,0.046231518556992,1.01,55.06,0,2021,12,4,52,0
2022-01-03,Germany,Europe,1.036,0.896,1.632,56.84,2.11,0.8306,2.45,58.1,61.9,29.5,0,No Event,-0.14,Low,45.0,1.02475,0.0425065143902774,1.067,60.97,0,2022,1,1,1,0
2022-01-10,Germany,Europe,1.066,0.941,1.905,59.8,2.66,0.8419,2.89,51.0,39.7,30.0,0,No Event,0.29,Low,45.0,1.04475,0.0418248848460015,1.036,56.84,0,2022,1,1,2,0
2022-01-17,Germany,Europe,1.055,0.892,1.619,59.42,2.99,0.8532,1.27,44.7,49.0,21.5,0,No Event,0.32,Low,45.0,1.056,0.037630094302973,1.066,59.8,0,2022,1,1,3,0
2022-01-24,Germany,Europe,1.11,0.994,2.06,62.42,2.67,0.8507,3.93,59.0,56.3,21.4,0,No Event,-0.08,Low,45.0,1.06675,0.0388117788963499,1.055,59.42,0,2022,1,1,4,0
2022-01-31,Germany,Europe,1.114,0.988,1.538,62.15,2.27,0.8488,0.98,54.5,49.7,27.5,0,No Event,-0.13,Low,45.0,1.0862500000000002,0.0389783732704415,1.11,62.42,0,2022,1,1,5,0
2022-02-07,Germany,Europe,1.181,1.033,2.152,65.99,3.26,0.8414,1.72,42.1,51.0,27.7,0,No Event,0.8,Low,45.0,1.1150000000000002,0.0405332051817937,1.114,62.15,0,2022,2,1,6,0
2022-02-14,Germany,Europe,1.24,1.109,2.165,68.83,2.03,0.8516,2.18,49.6,64.3,28.1,0,No Event,0.36,Low,45.0,1.16125,0.0401707689623316,1.181,65.99,0,2022,2,1,7,0
2022-02-21,Germany,Europe,1.264,1.145,2.239,72.92,7.57,0.8443,2.2,58.4,60.7,41.0,1,Russia-Ukraine War,0.97,Low,45.0,1.19975,0.0300435682113984,1.24,68.83,0,2022,2,1,8,0
2022-02-28,Germany,Europe,1.326,1.173,2.033,74.53,10.27,0.8683,4.88,66.1,56.8,49.5,1,Russia-Ukraine War,-0.23,Low,45.0,1.25275,0.0287703122763742,1.264,72.92,0,2022,2,1,9,0
2022-03-07,Germany,Europe,1.438,1.301,2.192,81.43,3.96,0.8678,2.49,45.3,45.8,63.8,1,Russia-Ukraine War,-0.19,Low,45.0,1.317,0.0326283054266635,1.326,74.53,0,2022,3,1,10,0
2022-03-14,Germany,Europe,1.424,1.149,2.245,75.79,7.56,0.86,2.89,56.3,59.7,49.1,1,Russia-Ukraine War,1.02,Low,45.0,1.363,0.0348058258996717,1.438,81.43,0,2022,3,1,11,0
2022-03-21,Germany,Europe,1.41,1.292,2.536,79.8,7.0,0.8566,4.58,59.6,43.8,59.6,1,Russia-Ukraine War,0.02,Low,45.0,1.3995000000000002,0.0354097510468685,1.424,75.79,0,2022,3,1,12,0
2022-03-28,Germany,Europe,1.484,1.253,2.461,80.09,5.59,0.8614,2.12,48.8,58.4,63.9,1,Russia-Ukraine War,0.66,Low,45.0,1.439,0.0319446447324139,1.41,79.8,0,2022,3,1,13,0
2022-04-04,Germany,Europe,1.541,1.37,2.964,86.33,4.1,0.867,0.11,54.6,59.2,38.9,1,Russia-Ukraine War,-0.17,Low,45.0,1.46475,0.032010068660913,1.484,80.09,0,2022,4,2,14,0
2022-04-11,Germany,Europe,1.408,1.291,2.558,80.58,7.37,0.8536,-0.59,35.5,37.3,49.7,1,Russia-Ukraine War,0.63,Low,45.0,1.46075,0.0456681753266027,1.541,86.33,1,2022,4,2,15,0
2022-04-18,Germany,Europe,1.545,1.325,2.905,83.44,4.7,0.8594,2.71,63.5,43.0,56.4,1,Russia-Ukraine War,-0.92,Low,45.0,1.4945,0.0497581599328365,1.408,80.58,0,2022,4,2,16,0
2022-04-25,Germany,Europe,1.536,1.366,2.656,85.35,4.76,0.8577,1.41,51.0,47.0,47.8,1,Russia-Ukraine War,0.81,Low,45.0,1.5074999999999998,0.0502687639822443,1.545,83.44,0,2022,4,2,17,0
2022-05-02,Germany,Europe,1.434,1.275,2.515,81.11,7.55,0.8433,1.06,55.3,34.9,43.7,1,Russia-Ukraine War,-0.19,Low,45.0,1.48075,0.0559336126432013,1.536,85.35,0,2022,5,2,18,0
2022-05-09,Germany,Europe,1.519,1.326,2.835,86.63,8.17,0.8614,0.2,75.4,55.2,66.0,1,Russia-Ukraine War,-0.02,Low,45.0,1.5085000000000002,0.0564834084984797,1.434,81.11,0,2022,5,2,19,0
2022-05-16,Germany,Europe,1.538,1.414,2.489,85.98,6.3,0.8517,1.81,69.9,32.3,53.2,1,Russia-Ukraine War,1.01,Low,45.0,1.50675,0.0565087751060322,1.519,86.63,0,2022,5,2,20,0
2022-05-23,Germany,Europe,1.546,1.417,3.004,86.64,4.91,0.8623,1.52,54.0,36.6,56.4,1,Russia-Ukraine War,0.79,Low,45.0,1.50925,0.0557270894947788,1.538,85.98,0,2022,5,2,21,0
2022-05-30,Germany,Europe,1.12,1.021,1.949,61.59,6.5,0.8672,0.99,59.7,42.9,65.2,1,Russia-Ukraine War,-0.49,Low,45.0,1.43075,0.0965051727912575,1.546,86.64,0,2022,5,2,22,0
2022-06-06,Germany,Europe,1.144,1.002,2.267,63.44,8.65,0.8739,0.55,58.5,52.5,63.4,1,Russia-Ukraine War,-0.6,Low,45.0,1.3370000000000002,0.0970979652806239,1.12,61.59,0,2022,6,2,23,0
2022-06-13,Germany,Europe,1.144,1.001,2.068,63.5,8.55,0.8555,2.26,54.0,33.5,37.1,1,Russia-Ukraine War,0.57,Low,45.0,1.2385000000000002,0.0971695904219822,1.144,63.44,0,2022,6,2,24,0
2022-06-20,Germany,Europe,1.074,0.962,2.106,59.71,4.4,0.8526,2.83,57.5,39.2,36.8,1,Russia-Ukraine War,-0.1,Low,45.0,1.1205,0.0958123445902692,1.144,63.5,0,2022,6,2,25,0
2022-06-27,Germany,Europe,0.999,0.899,1.976,55.91,7.75,0.8588,-0.25,45.7,38.6,61.9,1,Russia-Ukraine War,-0.89,Low,45.0,1.09025,0.0947214337855451,1.074,59.71,0,2022,6,2,26,0
2022-07-04,Germany,Europe,1.048,0.932,1.964,58.36,9.78,0.8544,3.29,54.9,33.7,53.6,1,Russia-Ukraine War,-0.64,Low,45.0,1.06625,0.0955638946177817,0.999,55.91,0,2022,7,3,27,0
2022-07-11,Germany,Europe,0.92,0.791,1.5,51.54,4.1,0.8432,5.62,41.7,44.2,36.3,1,Russia-Ukraine War,-0.15,Low,45.0,1.01025,0.0921139423213786,1.048,58.36,0,2022,7,3,28,0
2022-07-18,Germany,Europe,1.062,0.935,1.636,57.66,6.2,0.8485,1.52,39.2,41.6,36.6,1,Russia-Ukraine War,0.49,Low,45.0,1.00725,0.1074886672806549,0.92,51.54,1,2022,7,3,29,0
2022-07-25,Germany,Europe,0.99,0.819,1.749,53.96,10.19,0.8564,0.83,48.9,56.6,59.0,1,Russia-Ukraine War,-0.22,Low,45.0,1.005,0.1075387508281946,1.062,57.66,0,2022,7,3,30,0
2022-08-01,Germany,Europe,0.945,0.829,1.5,51.3,10.47,0.8419,0.87,36.6,49.6,50.5,1,Russia-Ukraine War,-0.18,Low,45.0,0.97925,0.1043181953587984,0.99,53.96,1,2022,8,3,31,0
2022-08-08,Germany,Europe,0.857,0.752,1.524,47.16,4.79,0.848,2.45,45.0,53.1,42.5,1,Russia-Ukraine War,0.14,Low,45.0,0.9635,0.104559105317419,0.945,51.3,0,2022,8,3,32,0
2022-08-15,Germany,Europe,0.939,0.794,1.5,51.23,10.88,0.8444,-0.25,45.8,51.5,62.6,1,Russia-Ukraine War,-0.26,Low,45.0,0.93275,0.1113229739434149,0.857,47.16,0,2022,8,3,33,0
2022-08-22,Germany,Europe,0.88,0.771,1.661,48.47,9.38,0.8337,5.09,42.3,63.1,42.6,1,Russia-Ukraine War,0.51,Low,45.0,0.90525,0.0827197899301564,0.939,51.23,0,2022,8,3,34,0
2022-08-29,Germany,Europe,0.941,0.823,1.5,51.15,6.83,0.8446,-0.02,53.2,42.9,56.9,1,Russia-Ukraine War,-0.3,Low,45.0,0.90425,0.0858296646742031,0.88,48.47,0,2022,8,3,35,0
2022-09-05,Germany,Europe,0.821,0.729,1.5,45.11,10.28,0.8244,1.8,43.4,38.6,46.1,1,Russia-Ukraine War,-0.3,Low,45.0,0.89525,0.0917847249707715,0.941,51.15,0,2022,9,3,36,0
2022-09-12,Germany,Europe,0.832,0.744,1.525,46.97,8.29,0.843,1.76,44.6,58.6,61.1,1,Russia-Ukraine War,0.28,Low,45.0,0.8684999999999999,0.091522423561431,0.821,45.11,0,2022,9,3,37,0
2022-09-19,Germany,Europe,0.893,0.766,1.5,48.14,7.79,0.8443,1.53,67.3,57.8,52.6,1,Russia-Ukraine War,1.06,Low,45.0,0.87175,0.093355364261126,0.832,46.97,0,2022,9,3,38,0
2022-09-26,Germany,Europe,0.873,0.773,1.523,48.29,8.59,0.8257,3.65,59.4,43.4,40.9,1,Russia-Ukraine War,-0.35,Low,45.0,0.85475,0.0918391535721358,0.893,48.14,0,2022,9,3,39,0
2022-10-03,Germany,Europe,0.844,0.749,1.5,47.23,10.23,0.8297,1.97,29.6,49.5,39.8,1,Russia-Ukraine War,-0.38,Low,45.0,0.8605,0.0854450473099348,0.873,48.29,1,2022,10,4,40,0
2022-10-10,Germany,Europe,0.879,0.77,1.5,47.92,8.48,0.8363,0.7,47.4,45.3,48.6,1,Russia-Ukraine War,-0.08,Low,45.0,0.87225,0.0715245542257164,0.844,47.23,0,2022,10,4,41,0
2022-10-17,Germany,Europe,0.823,0.746,1.657,46.84,10.01,0.8425,-1.01,31.3,67.2,34.6,1,Russia-Ukraine War,-1.43,Low,45.0,0.8547499999999999,0.0712504227132798,0.879,47.92,1,2022,10,4,42,0
2022-10-24,Germany,Europe,0.864,0.748,1.532,47.52,4.63,0.8485,3.12,52.4,48.6,45.5,1,Russia-Ukraine War,0.26,Low,45.0,0.8525,0.0725913055776651,0.823,46.84,0,2022,10,4,43,0
2022-10-31,Germany,Europe,0.903,0.766,1.5,49.71,5.1,0.8551,0.75,49.3,62.3,61.6,1,Russia-Ukraine War,0.6,Low,45.0,0.86725,0.0681677873177929,0.864,47.52,0,2022,10,4,44,0
2022-11-07,Germany,Europe,0.946,0.864,1.791,53.39,4.61,0.8473,0.46,45.1,40.1,45.3,1,Russia-Ukraine War,0.68,Low,45.0,0.8839999999999999,0.0637208010754261,0.903,49.71,0,2022,11,4,45,0
2022-11-14,Germany,Europe,0.944,0.84,1.529,52.97,3.74,0.8447,3.28,50.3,49.0,60.1,1,Russia-Ukraine War,-0.51,Low,45.0,0.91425,0.0603816680205906,0.946,53.39,0,2022,11,4,46,0
2022-11-21,Germany,Europe,0.91,0.787,1.5,50.77,9.6,0.8586,2.54,43.0,61.3,49.7,1,Russia-Ukraine War,0.24,Low,45.0,0.92575,0.0582101369175028,0.944,52.97,0,2022,11,4,47,0
2022-11-28,Germany,Europe,0.862,0.798,1.612,49.6,6.28,0.8357,1.3,44.4,48.8,54.2,1,Russia-Ukraine War,0.12,Low,45.0,0.9155,0.0462245360659005,0.91,50.77,0,2022,11,4,48,0
2022-12-05,Germany,Europe,1.032,0.892,1.5,56.04,7.45,0.863,2.1,47.0,52.4,55.7,1,Russia-Ukraine War,0.49,Low,45.0,0.937,0.0723296245141136,0.862,49.6,0,2022,12,4,49,0
2022-12-12,Germany,Europe,0.984,0.857,1.859,55.83,6.09,0.8429,0.42,45.5,48.5,58.6,1,Russia-Ukraine War,-0.1,Low,45.0,0.947,0.0726255579748303,1.032,56.04,0,2022,12,4,50,0
2022-12-19,Germany,Europe,1.019,0.89,1.508,55.62,7.25,0.844,3.18,47.1,56.0,60.3,1,Russia-Ukraine War,0.53,Low,45.0,0.97425,0.0721737262533237,0.984,55.83,0,2022,12,4,51,0
2022-12-26,Germany,Europe,1.058,0.94,1.544,61.19,3.62,0.8592,-0.78,53.2,44.8,64.1,1,Russia-Ukraine War,0.0,Low,45.0,1.02325,0.0707493865049846,1.019,55.62,0,2022,12,4,52,0
2023-01-02,Germany,Europe,1.097,0.986,1.568,61.07,6.01,0.8533,3.79,56.2,62.4,58.9,1,Russia-Ukraine War,-0.19,Low,45.0,1.0395,0.0706416164085311,1.058,61.19,0,2023,1,1,1,0
2023-01-09,Germany,Europe,1.136,1.015,1.951,63.68,7.91,0.8495,0.24,45.1,73.1,48.4,1,Russia-Ukraine War,0.39,Low,45.0,1.0775,0.0654708877206003,1.097,61.07,0,2023,1,1,2,0
2023-01-16,Germany,Europe,1.086,0.993,1.787,62.78,6.1,0.8582,1.8,51.9,47.5,54.4,1,Russia-Ukraine War,-0.18,Low,45.0,1.09425,0.0683074990404411,1.136,63.68,0,2023,1,1,3,0
2023-01-23,Germany,Europe,1.259,1.083,2.158,69.3,4.25,0.8705,1.6,44.3,68.0,55.1,1,Russia-Ukraine War,0.11,Low,45.0,1.1445,0.0790451509112858,1.086,62.78,0,2023,1,1,4,0
2023-01-30,Germany,Europe,1.169,1.088,1.713,67.5,6.37,0.8564,1.91,68.4,61.4,66.9,1,Russia-Ukraine War,-0.06,Low,45.0,1.1625,0.084053318040325,1.259,69.3,0,2023,1,1,5,0
2023-02-06,Germany,Europe,1.125,1.047,1.671,62.16,9.65,0.8433,4.35,56.1,48.0,54.4,1,Russia-Ukraine War,0.06,Low,45.0,1.1597499999999998,0.0855469692952482,1.169,67.5,0,2023,2,1,6,0
2023-02-13,Germany,Europe,1.19,1.082,2.416,68.05,10.76,0.8544,1.05,46.0,34.2,54.9,1,Russia-Ukraine War,0.12,Low,45.0,1.18575,0.0844544659376327,1.125,62.16,0,2023,2,1,7,0
2023-02-20,Germany,Europe,1.251,1.06,2.153,66.95,4.61,0.8491,0.88,47.3,41.0,57.6,1,Russia-Ukraine War,1.44,Low,45.0,1.18375,0.0809378695430604,1.19,68.05,0,2023,2,1,8,0
2023-02-27,Germany,Europe,1.316,1.199,2.22,73.93,2.19,0.8704,3.5,50.4,46.7,28.5,0,No Event,0.41,Low,45.0,1.2205,0.0633072138589228,1.251,66.95,0,2023,2,1,9,0
2023-03-06,Germany,Europe,1.188,1.079,2.391,67.51,3.15,0.8573,2.63,55.4,46.5,22.2,0,No Event,-0.6,Low,45.0,1.23625,0.0696914600000309,1.316,73.93,0,2023,3,1,10,0
2023-03-13,Germany,Europe,1.304,1.176,2.199,72.49,2.93,0.8738,2.28,56.7,45.6,22.9,0,No Event,-1.06,Low,45.0,1.26475,0.0733222030791641,1.188,67.51,0,2023,3,1,11,0
2023-03-20,Germany,Europe,1.228,1.152,2.507,71.03,3.55,0.8466,2.41,66.2,48.6,26.9,0,No Event,1.2,Low,45.0,1.259,0.0767344973971467,1.304,72.49,0,2023,3,1,12,0
2023-03-27,Germany,Europe,1.104,1.012,1.959,62.88,3.91,0.8632,-0.67,53.2,48.7,25.1,0,No Event,-0.23,Low,45.0,1.206,0.0832290396632853,1.228,71.03,0,2023,3,1,13,0
2023-04-03,Germany,Europe,1.157,1.047,2.328,66.75,2.08,0.8538,2.08,64.3,43.8,29.5,0,No Event,-0.27,Low,45.0,1.19825,0.0837391367643946,1.104,62.88,0,2023,4,2,14,0
2023-04-10,Germany,Europe,1.09,1.001,2.229,62.4,2.89,0.8635,3.51,61.4,61.2,28.6,0,No Event,-0.14,Low,45.0,1.14475,0.0845657716258251,1.157,66.75,0,2023,4,2,15,0
2023-04-17,Germany,Europe,1.303,1.118,1.873,70.67,3.24,0.8577,-0.15,53.0,55.6,26.2,0,No Event,0.12,Low,45.0,1.1635,0.0910099299270378,1.09,62.4,0,2023,4,2,16,0
2023-04-24,Germany,Europe,1.262,1.104,2.452,69.25,2.68,0.8763,2.23,48.3,44.2,23.5,0,No Event,0.07,Low,45.0,1.203,0.0885918927337734,1.303,70.67,0,2023,4,2,17,0
2023-05-01,Germany,Europe,1.205,1.081,2.377,69.97,2.37,0.8634,3.53,54.6,45.9,22.8,0,No Event,-0.47,Low,45.0,1.215,0.0889846973191484,1.262,69.25,0,2023,5,2,18,0
2023-05-08,Germany,Europe,1.206,1.042,1.709,66.45,3.01,0.8548,2.94,53.3,53.7,21.2,0,No Event,0.82,Low,45.0,1.244,0.0876701952448405,1.205,69.97,0,2023,5,2,19,0
2023-05-15,Germany,Europe,1.2,1.081,2.058,67.83,2.57,0.8626,3.14,53.9,38.7,29.3,0,No Event,0.88,Low,45.0,1.21825,0.0864380155991638,1.206,66.45,0,2023,5,2,20,0
2023-05-22,Germany,Europe,1.121,0.97,2.052,60.54,2.54,0.8492,0.66,58.9,36.3,20.5,0,No Event,-0.66,Low,45.0,1.1829999999999998,0.0866665429947508,1.2,67.83,0,2023,5,2,21,0
2023-05-29,Germany,Europe,1.102,0.967,1.77,59.83,3.08,0.8332,1.86,64.3,49.9,26.8,0,No Event,0.67,Low,45.0,1.15725,0.0823061801646444,1.121,60.54,0,2023,5,2,22,0
2023-06-05,Germany,Europe,1.137,1.019,1.833,63.27,2.34,0.86,1.98,51.5,49.7,24.9,0,No Event,-0.44,Low,45.0,1.14,0.0769856455148232,1.102,59.83,0,2023,6,2,23,0
2023-06-12,Germany,Europe,1.08,0.989,1.742,62.13,2.7,0.8409,3.67,62.5,50.9,20.7,0,No Event,-0.39,Low,45.0,1.11,0.0765440560441803,1.137,63.27,0,2023,6,2,24,0
2023-06-19,Germany,Europe,1.082,0.952,2.086,59.02,2.84,0.8522,3.43,45.9,47.8,24.8,0,No Event,0.37,Low,45.0,1.10025,0.0707389615700075,1.08,62.13,0,2023,6,2,25,0
2023-06-26,Germany,Europe,1.009,0.886,1.638,56.29,2.67,0.8638,2.0,55.5,55.8,21.3,0,No Event,-0.41,Low,45.0,1.077,0.071531643641491,1.082,59.02,0,2023,6,2,26,0
2023-07-03,Germany,Europe,1.009,0.888,1.723,56.51,2.18,0.8397,0.9,43.6,54.5,22.6,0,No Event,0.26,Low,45.0,1.045,0.069878969448699,1.009,56.29,0,2023,7,3,27,0
2023-07-10,Germany,Europe,1.026,0.852,1.691,54.61,2.41,0.8378,0.15,50.8,47.9,23.1,0,No Event,-0.42,Low,45.0,1.0315,0.0324776792229906,1.009,56.51,0,2023,7,3,28,0
2023-07-17,Germany,Europe,1.05,0.893,1.848,56.2,3.02,0.8526,2.09,34.6,29.8,24.7,0,No Event,-0.49,Low,45.0,1.0235,0.034401850249771,1.026,54.61,0,2023,7,3,29,0
2023-07-24,Germany,Europe,0.989,0.854,1.5,54.17,2.81,0.8387,2.76,58.4,40.3,28.2,0,No Event,-0.55,Low,45.0,1.0185,0.0356250419364746,1.05,56.2,0,2023,7,3,30,0
2023-07-31,Germany,Europe,0.97,0.845,1.5,52.11,2.81,0.8484,0.96,51.1,53.6,24.6,0,No Event,0.28,Low,45.0,1.00875,0.0352458448707143,0.989,54.17,0,2023,7,3,31,0
2023-08-07,Germany,Europe,0.913,0.826,1.5,51.73,3.26,0.8359,1.44,42.0,46.5,20.7,0,No Event,-0.74,Low,45.0,0.9805,0.0369031674513965,0.97,52.11,0,2023,8,3,32,0
2023-08-14,Germany,Europe,0.912,0.825,1.5,51.94,2.9,0.8381,1.82,40.9,23.7,27.8,0,No Event,0.77,Low,45.0,0.946,0.034551095540724,0.913,51.73,0,2023,8,3,33,0
2023-08-21,Germany,Europe,0.918,0.797,1.721,50.52,3.47,0.8495,0.68,37.8,38.6,22.3,0,No Event,-0.59,Low,45.0,0.92825,0.0351843460863892,0.912,51.94,1,2023,8,3,34,0
2023-08-28,Germany,Europe,0.953,0.837,1.5,52.41,3.5,0.8358,2.19,38.2,38.8,24.7,0,No Event,0.78,Low,45.0,0.924,0.0359845957838127,0.918,50.52,1,2023,8,3,35,0
2023-09-04,Germany,Europe,0.88,0.784,1.656,48.32,2.2,0.8286,4.07,48.4,61.9,20.6,0,No Event,0.38,Low,45.0,0.91575,0.0390789846905683,0.953,52.41,0,2023,9,3,36,0
2023-09-11,Germany,Europe,0.915,0.804,1.5,50.07,2.06,0.845,1.65,62.5,55.2,22.0,0,No Event,-0.94,Low,45.0,0.9165,0.0420889798459212,0.88,48.32,0,2023,9,3,37,0
2023-09-18,Germany,Europe,0.895,0.813,1.5,49.55,2.28,0.8377,5.32,46.7,50.6,27.1,0,No Event,-0.31,Low,45.0,0.91075,0.0386459433882709,0.915,50.07,0,2023,9,3,38,0
2023-09-25,Germany,Europe,0.92,0.8,1.5,50.49,2.92,0.8456,1.37,54.5,39.5,24.2,0,No Event,0.38,Low,45.0,0.9025,0.0400682868327023,0.895,49.55,0,2023,9,3,39,0
2023-10-02,Germany,Europe,0.95,0.828,1.5,53.49,6.0,0.8767,-2.01,36.3,44.1,39.8,1,Middle East Crisis,-0.18,Low,45.0,0.92,0.0411613763272832,0.92,50.49,1,2023,10,4,40,0
2023-10-09,Germany,Europe,0.907,0.838,1.5,52.06,8.5,0.8885,0.7,58.5,38.3,52.8,1,Middle East Crisis,0.41,Low,45.0,0.918,0.0415348338372169,0.95,53.49,0,2023,10,4,41,0
2023-10-16,Germany,Europe,0.982,0.921,1.913,56.17,6.29,0.9126,2.21,38.3,57.7,52.9,1,Middle East Crisis,-0.16,Low,45.0,0.93975,0.0466860556808419,0.907,52.06,1,2023,10,4,42,0
2023-10-23,Germany,Europe,1.019,0.913,1.515,57.02,5.85,0.9323,2.04,51.5,33.6,40.1,1,Middle East Crisis,-0.06,Low,45.0,0.9645,0.0473955269779947,0.982,56.17,0,2023,10,4,43,0
2023-10-30,Germany,Europe,1.241,1.112,2.2,68.67,3.8,0.9925,0.55,60.6,38.9,38.6,1,Middle East Crisis,-0.4,Low,45.0,1.03725,0.0735425331066764,1.019,57.02,0,2023,10,4,44,0
2023-11-06,Germany,Europe,1.208,1.044,2.354,66.31,4.67,1.0453,-0.61,57.6,54.3,42.3,1,Middle East Crisis,0.28,Low,45.0,1.1124999999999998,0.0748230647749556,1.241,68.67,0,2023,11,4,45,0
2023-11-13,Germany,Europe,1.165,1.01,2.035,63.19,6.9,1.0674,3.62,58.0,82.6,52.7,1,Middle East Crisis,-0.25,Low,45.0,1.15825,0.0767869817732916,1.208,66.31,0,2023,11,4,46,0
2023-11-20,Germany,Europe,1.251,1.123,1.894,70.08,8.57,1.082,1.62,58.3,63.4,38.0,1,Middle East Crisis,-0.61,Low,45.0,1.21625,0.0781243087282437,1.165,63.19,0,2023,11,4,47,0
2023-11-27,Germany,Europe,1.237,1.053,2.264,68.98,4.0,1.0961,4.48,56.6,49.3,36.8,1,Middle East Crisis,-0.39,Low,45.0,1.2152500000000002,0.0724241172710269,1.251,70.08,0,2023,11,4,48,0
2023-12-04,Germany,Europe,1.354,1.188,1.886,75.17,7.96,1.1362,3.21,46.8,60.4,46.6,1,Middle East Crisis,0.39,Low,45.0,1.25175,0.0747204462149488,1.237,68.98,0,2023,12,4,49,0
2023-12-11,Germany,Europe,1.494,1.31,2.691,80.86,4.98,1.1488,2.23,54.9,60.6,44.5,1,Middle East Crisis,-0.94,Low,45.0,1.334,0.0747196128184834,1.354,75.17,0,2023,12,4,50,0
2023-12-18,Germany,Europe,1.503,1.347,2.504,84.33,8.47,1.153,0.18,45.7,58.0,52.3,1,Middle East Crisis,0.27,Low,45.0,1.3970000000000002,0.0754649976508912,1.494,80.86,0,2023,12,4,51,0
2023-12-25,Germany,Europe,1.433,1.324,2.658,83.85,7.0,1.231,3.39,50.0,54.5,36.9,1,Middle East Crisis,0.18,Low,45.0,1.4460000000000002,0.0798991465552395,1.503,84.33,0,2023,12,4,52,0
2024-01-01,Germany,Europe,1.52,1.326,2.853,84.45,6.43,1.2413,0.69,54.9,34.4,35.7,1,Middle East Crisis,-0.03,Low,45.0,1.4874999999999998,0.075655290492218,1.433,83.85,0,2024,1,1,1,0
2024-01-08,Germany,Europe,1.1,0.966,2.164,60.56,5.94,1.2805,-0.46,48.3,51.0,49.7,1,Middle East Crisis,-0.25,Low,45.0,1.389,0.1187242147007307,1.52,84.45,0,2024,1,1,2,0
2024-01-15,Germany,Europe,1.07,0.929,1.594,58.36,7.81,1.3544,2.91,44.1,73.2,38.6,1,Middle East Crisis,0.35,Low,45.0,1.2807500000000005,0.1191499176969698,1.1,60.56,0,2024,1,1,3,0
2024-01-22,Germany,Europe,1.161,1.011,1.789,63.84,7.82,1.3815,0.95,50.3,52.1,38.9,1,Middle East Crisis,-0.34,Low,45.0,1.21275,0.103310795426933,1.07,58.36,0,2024,1,1,4,0
2024-01-29,Germany,Europe,1.195,1.041,1.693,66.4,4.93,1.4521,1.97,64.4,42.5,43.2,1,Middle East Crisis,-0.52,Low,45.0,1.1315000000000002,0.1032623557353499,1.161,63.84,0,2024,1,1,5,0
2024-02-05,Germany,Europe,1.232,1.11,2.386,71.03,4.93,1.4958,2.2,60.8,56.5,54.1,1,Middle East Crisis,-1.02,Low,45.0,1.1645,0.1026894523439335,1.195,66.4,0,2024,2,1,6,0
2024-02-12,Germany,Europe,1.204,1.015,1.741,65.82,7.47,1.5482,1.72,55.8,60.2,40.6,1,Middle East Crisis,-0.48,Low,45.0,1.198,0.1010209551226324,1.232,71.03,0,2024,2,1,7,0
2024-02-19,Germany,Europe,1.235,1.114,1.81,68.36,5.46,1.5592,1.99,63.1,64.3,51.8,1,Middle East Crisis,-0.27,Low,45.0,1.2165,0.1011398296185029,1.204,65.82,0,2024,2,1,8,0
2024-02-26,Germany,Europe,1.271,1.14,2.078,69.0,5.73,1.6614,2.43,45.7,55.1,45.6,1,Middle East Crisis,-0.39,Low,45.0,1.2355,0.0975865057737938,1.235,68.36,0,2024,2,1,9,0
2024-03-04,Germany,Europe,1.341,1.165,2.267,75.72,5.49,1.6947,2.97,71.8,57.5,44.8,1,Middle East Crisis,-0.08,Low,45.0,1.26275,0.09384772983414,1.271,69.0,0,2024,3,1,10,0
2024-03-11,Germany,Europe,1.314,1.108,2.426,71.08,7.52,1.7769,3.02,55.3,51.4,38.2,1,Middle East Crisis,-0.42,Low,45.0,1.29025,0.0938914180819092,1.341,75.72,0,2024,3,1,11,0
2024-03-18,Germany,Europe,1.288,1.155,2.148,73.35,8.63,1.8717,-1.49,61.1,45.7,46.3,1,Middle East Crisis,-0.79,Low,45.0,1.3035,0.0931656308807788,1.314,71.08,0,2024,3,1,12,0
2024-03-25,Germany,Europe,1.208,1.046,2.022,66.6,6.81,1.9438,4.3,67.2,57.1,47.3,1,Middle East Crisis,-0.19,Low,45.0,1.28775,0.0921284529120449,1.288,73.35,0,2024,3,1,13,0
2024-04-01,Germany,Europe,1.194,1.067,2.194,66.65,3.09,1.9264,3.46,52.6,40.3,54.5,1,Middle East Crisis,0.3,Low,45.0,1.251,0.0414998888098699,1.208,66.6,0,2024,4,2,14,0
2024-04-08,Germany,Europe,1.213,1.056,1.779,67.7,6.23,1.9886,2.32,62.1,49.1,58.2,1,Middle East Crisis,-0.38,Low,45.0,1.22575,0.0400443325606207,1.194,66.65,0,2024,4,2,15,0
2024-04-15,Germany,Europe,1.185,1.099,2.412,67.19,5.23,2.0338,1.14,44.4,50.5,43.4,1,Middle East Crisis,0.08,Low,45.0,1.2,0.0335673491100543,1.213,67.7,0,2024,4,2,16,0
2024-04-22,Germany,Europe,1.099,1.028,2.098,63.9,5.68,2.1133,4.45,52.1,37.9,39.9,1,Middle East Crisis,0.02,Low,45.0,1.17275,0.0386033932734078,1.185,67.19,0,2024,4,2,17,0
2024-04-29,Germany,Europe,1.224,1.072,1.903,67.6,8.5,2.1478,2.12,53.0,51.3,41.3,1,Middle East Crisis,0.01,Low,45.0,1.18025,0.0512005128048106,1.099,63.9,0,2024,4,2,18,0
2024-05-06,Germany,Europe,1.195,1.006,1.733,65.89,3.82,2.2123,0.73,62.0,38.5,47.2,1,Middle East Crisis,0.41,Low,45.0,1.17575,0.0512413063038587,1.224,67.6,0,2024,5,2,19,0
2024-05-13,Germany,Europe,1.213,1.083,2.327,69.71,4.2,2.324,3.71,50.9,47.7,49.6,1,Middle East Crisis,0.02,Low,45.0,1.18275,0.0508551166349299,1.195,65.89,0,2024,5,2,20,0
2024-05-20,Germany,Europe,1.278,1.09,1.961,68.91,5.43,2.4176,2.38,59.8,46.5,51.4,1,Middle East Crisis,-0.32,Low,45.0,1.2275,0.0526023657380456,1.213,69.71,0,2024,5,2,21,0
2024-05-27,Germany,Europe,1.099,0.986,2.009,62.42,6.26,2.4948,4.33,41.6,64.2,33.1,1,Middle East Crisis,0.15,Low,45.0,1.19625,0.0636123096391933,1.278,68.91,0,2024,5,2,22,0
2024-06-03,Germany,Europe,1.152,1.034,2.332,65.23,7.95,2.6064,1.14,34.9,55.6,59.3,1,Middle East Crisis,-0.67,Low,45.0,1.1855,0.0660808601381671,1.099,62.42,1,2024,6,2,23,0
2024-06-10,Germany,Europe,1.144,1.006,1.791,62.73,8.39,2.6026,2.6,52.6,43.3,48.3,1,Middle East Crisis,0.09,Low,45.0,1.16825,0.0659918197687448,1.152,65.23,0,2024,6,2,24,0
2024-06-17,Germany,Europe,1.069,0.975,1.802,60.53,5.6,2.6972,2.17,66.9,43.9,53.6,1,Middle East Crisis,-1.04,Low,45.0,1.116,0.0662567687314153,1.144,62.73,0,2024,6,2,25,0
2024-06-24,Germany,Europe,1.109,1.033,2.242,63.85,5.66,2.7069,4.3,45.5,43.9,48.3,1,Middle East Crisis,0.69,Low,45.0,1.1184999999999998,0.0675192401043147,1.069,60.53,0,2024,6,2,26,0
2024-07-01,Germany,Europe,1.109,0.953,2.07,61.26,6.74,2.8149,1.41,47.1,62.8,37.4,1,Middle East Crisis,-0.39,Low,45.0,1.10775,0.0672483709168207,1.109,63.85,0,2024,7,3,27,0
2024-07-08,Germany,Europe,0.999,0.872,1.5,55.02,4.59,2.8687,2.63,33.1,44.6,36.5,1,Middle East Crisis,0.06,Low,45.0,1.0715,0.072462095054839,1.109,61.26,1,2024,7,3,28,0
2024-07-15,Germany,Europe,0.974,0.849,1.5,53.66,5.36,2.8524,2.44,46.9,41.1,38.2,1,Middle East Crisis,0.83,Low,45.0,1.04775,0.0700899264186074,0.999,55.02,0,2024,7,3,29,0
2024-07-22,Germany,Europe,0.992,0.869,1.788,54.32,4.5,3.0188,3.89,61.1,38.2,56.7,1,Middle East Crisis,0.28,Low,45.0,1.0185,0.0597110800758583,0.974,53.66,0,2024,7,3,30,0
2024-07-29,Germany,Europe,0.939,0.826,1.629,51.84,7.68,3.0718,3.08,48.7,39.3,46.3,1,Middle East Crisis,-0.47,Low,45.0,0.976,0.0606845864481918,0.992,54.32,0,2024,7,3,31,0
2024-08-05,Germany,Europe,0.99,0.889,1.607,54.74,7.82,3.1317,1.08,55.2,35.2,54.3,1,Middle East Crisis,0.46,Low,45.0,0.97375,0.0636223567048887,0.939,51.84,0,2024,8,3,32,0
2024-08-12,Germany,Europe,0.993,0.892,1.77,55.71,4.5,3.2367,3.73,48.0,43.0,55.4,1,Middle East Crisis,-0.17,Low,45.0,0.9785,0.0602639577669512,0.99,54.74,0,2024,8,3,33,0
2024-08-19,Germany,Europe,0.868,0.754,1.5,48.52,7.6,3.2873,-1.08,56.0,51.1,47.1,1,Middle East Crisis,-0.87,Low,45.0,0.9475,0.0577625319476379,0.993,55.71,0,2024,8,3,34,0
2024-08-26,Germany,Europe,0.937,0.825,1.566,52.71,5.2,3.2628,4.32,40.0,43.1,56.6,1,Middle East Crisis,0.23,Low,45.0,0.947,0.0615937503455244,0.868,48.52,0,2024,8,3,35,0
2024-09-02,Germany,Europe,0.909,0.813,1.624,50.05,5.74,3.5035,5.06,55.5,41.9,47.7,1,Middle East Crisis,-0.62,Low,45.0,0.92675,0.0616676306102221,0.937,52.71,0,2024,9,3,36,0
2024-09-09,Germany,Europe,0.873,0.764,1.593,49.66,8.67,3.5534,1.54,47.7,33.5,43.4,1,Middle East Crisis,0.25,Low,45.0,0.89675,0.0602557314443132,0.909,50.05,0,2024,9,3,37,0
2024-09-16,Germany,Europe,0.853,0.756,1.5,49.12,7.89,3.7661,4.02,45.7,46.0,46.2,1,Middle East Crisis,0.06,Low,45.0,0.893,0.0579554276198959,0.873,49.66,0,2024,9,3,38,0
2024-09-23,Germany,Europe,0.845,0.78,1.5,47.68,7.13,3.8764,2.76,46.2,49.2,46.0,1,Middle East Crisis,-0.51,Low,45.0,0.87,0.0577232351681091,0.853,49.12,0,2024,9,3,39,0
2024-09-30,Germany,Europe,0.913,0.794,1.717,50.64,5.56,4.0594,1.65,40.5,40.0,50.7,1,Middle East Crisis,-0.38,Low,45.0,0.871,0.0588408834235,0.845,47.68,0,2024,9,3,40,0
2024-10-07,Germany,Europe,0.848,0.736,1.5,46.87,2.54,4.1158,1.61,54.5,58.0,22.1,0,No Event,-1.06,Low,45.0,0.86475,0.0616502940933946,0.913,50.64,0,2024,10,4,41,0
2024-10-14,Germany,Europe,0.973,0.786,1.561,52.07,2.37,4.1096,4.18,26.8,54.1,27.2,0,No Event,0.58,Low,45.0,0.8947499999999999,0.0764633715094654,0.848,46.87,1,2024,10,4,42,0
2024-10-21,Germany,Europe,0.913,0.795,1.5,50.85,2.87,4.1075,1.48,56.6,47.2,22.6,0,No Event,-0.7,Low,45.0,0.91175,0.0770316455099176,0.973,52.07,0,2024,10,4,43,0
2024-10-28,Germany,Europe,0.944,0.822,1.5,51.32,2.95,4.0542,-1.86,42.9,50.7,20.3,0,No Event,0.47,Low,45.0,0.9195,0.0759517147738452,0.913,50.85,0,2024,10,4,44,0
2024-11-04,Germany,Europe,0.94,0.839,1.782,51.05,3.39,4.0624,1.6,41.1,51.4,29.5,0,No Event,-0.15,Low,45.0,0.9425,0.0759426165799503,0.944,51.32,0,2024,11,4,45,0
2024-11-11,Germany,Europe,0.982,0.844,1.5,53.3,2.67,4.0435,1.2,66.1,43.5,22.2,0,No Event,-0.81,Low,45.0,0.94475,0.0659421547505949,0.94,51.05,0,2024,11,4,46,0
2024-11-18,Germany,Europe,1.031,0.914,1.865,56.51,2.86,4.1157,2.98,37.3,54.1,27.3,0,No Event,-0.2,Low,45.0,0.9742499999999998,0.0637149050077311,0.982,53.3,1,2024,11,4,47,0
2024-11-25,Germany,Europe,0.997,0.872,1.619,54.91,3.25,4.081,2.34,62.8,48.9,26.0,0,No Event,0.39,Low,45.0,0.9875,0.0638961327083924,1.031,56.51,0,2024,11,4,48,0
2024-12-02,Germany,Europe,0.958,0.882,1.556,53.8,2.64,4.0621,3.89,48.3,55.2,22.1,0,No Event,-0.68,Low,45.0,0.992,0.0638622563215468,0.997,54.91,0,2024,12,4,49,0
2024-12-09,Germany,Europe,1.036,0.945,1.5,58.25,2.39,4.1655,3.21,59.3,63.6,20.3,0,No Event,-0.49,Low,45.0,1.0055,0.0660998253703281,0.958,53.8,0,2024,12,4,50,0
2024-12-16,Germany,Europe,1.057,0.958,1.991,60.25,2.7,4.0658,1.99,61.2,53.1,29.3,0,No Event,-0.55,Low,45.0,1.012,0.0655239342735436,1.036,58.25,0,2024,12,4,51,0
2024-12-23,Germany,Europe,1.059,0.92,1.751,58.04,3.38,4.1256,3.17,49.5,59.9,21.3,0,No Event,0.7,Low,45.0,1.0275,0.062885343357489,1.057,60.25,0,2024,12,4,52,0
2024-12-30,Germany,Europe,1.133,0.985,1.5,61.38,3.31,4.069,0.53,55.4,70.0,28.7,0,No Event,-0.1,Low,45.0,1.07125,0.0585050953322867,1.059,58.04,0,2024,12,4,1,0
2025-01-06,Germany,Europe,1.123,1.008,1.5,60.99,3.01,4.0825,2.39,54.2,63.9,24.6,0,No Event,0.24,Low,45.0,1.093,0.0447977232755806,1.133,61.38,0,2025,1,1,2,0
2025-01-13,Germany,Europe,1.15,1.018,2.086,64.51,3.38,4.0574,2.95,45.3,54.3,24.2,0,No Event,0.33,Low,45.0,1.11625,0.0381647198881941,1.123,60.99,0,2025,1,1,3,0
2025-01-20,Germany,Europe,1.155,0.989,1.751,63.52,3.14,4.1024,4.14,58.6,54.7,25.7,0,No Event,-0.41,Low,45.0,1.14025,0.0381427490891726,1.15,64.51,0,2025,1,1,4,0
2025-01-27,Germany,Europe,1.119,1.001,2.12,62.35,3.76,4.0971,2.84,49.0,52.5,22.0,0,No Event,0.35,Low,45.0,1.13675,0.0402774106066374,1.155,63.52,0,2025,1,1,5,0
2025-02-03,Germany,Europe,1.118,1.031,2.222,62.93,3.6,4.2886,2.21,56.4,51.8,26.0,0,No Event,-0.26,Low,45.0,1.1355,0.0394006159325348,1.119,62.35,0,2025,2,1,6,0
2025-02-10,Germany,Europe,1.24,1.113,2.201,68.63,2.55,4.1709,-0.14,52.7,56.0,21.7,0,No Event,0.44,Low,45.0,1.158,0.0475132154029398,1.118,62.93,0,2025,2,1,7,0
2025-02-17,Germany,Europe,1.245,1.134,2.001,68.95,3.55,4.2304,3.48,53.6,52.5,21.3,0,No Event,0.05,Low,45.0,1.1805,0.0451521507522466,1.24,68.63,0,2025,2,1,8,0
2025-02-24,Germany,Europe,1.23,1.068,1.83,66.89,2.58,4.0465,3.89,64.6,46.7,28.0,0,No Event,0.04,Low,45.0,1.20825,0.042554357899957,1.245,68.95,0,2025,2,1,9,0
2025-03-03,Germany,Europe,1.258,1.119,2.269,71.11,2.84,4.0698,-0.59,48.7,47.2,26.7,0,No Event,0.08,Low,45.0,1.24325,0.0382383850783372,1.23,66.89,0,2025,3,1,10,0
2025-03-10,Germany,Europe,1.175,1.021,1.626,63.29,2.64,4.1539,-2.05,52.4,56.2,29.5,0,No Event,-0.36,Low,45.0,1.227,0.0450557229009904,1.258,71.11,0,2025,3,1,11,0
2025-03-17,Germany,Europe,1.299,1.163,2.203,70.55,2.83,4.0776,2.11,58.3,69.2,28.1,0,No Event,0.61,Low,45.0,1.2405,0.0526952415050546,1.175,63.29,0,2025,3,1,12,0
2025-03-24,Germany,Europe,1.233,1.121,2.181,68.35,2.55,4.2186,1.97,52.4,49.9,27.8,0,No Event,-0.02,Low,45.0,1.24125,0.0534882397912477,1.299,70.55,0,2025,3,1,13,0
2025-03-31,Germany,Europe,1.222,1.122,1.933,68.57,1.87,4.0878,3.15,45.8,61.2,27.8,0,No Event,0.67,Low,45.0,1.23225,0.0534910249781274,1.233,68.35,0,2025,3,1,14,0
2025-04-07,Germany,Europe,1.276,1.072,1.776,68.26,2.9,4.1962,3.44,38.9,38.5,26.7,0,No Event,0.26,Low,45.0,1.2575,0.0543383210641746,1.222,68.57,0,2025,4,2,15,0
2025-04-14,Germany,Europe,1.203,1.117,1.938,68.72,3.09,4.1488,4.78,43.1,62.6,20.4,0,No Event,0.09,Low,45.0,1.2335,0.0577222219089421,1.276,68.26,0,2025,4,2,16,0
2025-04-21,Germany,Europe,1.229,1.109,2.282,70.35,2.6,4.1487,0.96,56.5,38.8,22.5,0,No Event,-0.05,Low,45.0,1.2325000000000002,0.0567276094427306,1.203,68.72,0,2025,4,2,17,0
2025-04-28,Germany,Europe,1.3,1.143,2.477,71.82,3.06,4.2133,0.93,53.8,57.1,22.0,0,No Event,0.11,Low,45.0,1.252,0.0582774981133412,1.229,70.35,0,2025,4,2,18,0
2025-05-05,Germany,Europe,1.2,1.088,2.388,68.25,2.14,4.1255,3.89,58.5,37.8,24.3,0,No Event,0.35,Low,45.0,1.233,0.0553968194376916,1.3,71.82,0,2025,5,2,19,0
2025-05-12,Germany,Europe,1.21,1.077,2.031,68.23,2.94,4.1619,0.96,39.8,37.4,23.6,0,No Event,0.6,Low,45.0,1.23475,0.0554485738602289,1.2,68.25,0,2025,5,2,20,0
2025-05-19,Germany,Europe,1.149,1.057,1.767,65.76,3.76,4.0938,2.83,60.0,47.1,28.2,0,No Event,-0.23,Low,45.0,1.21475,0.0572228039112201,1.21,68.23,0,2025,5,2,21,0
2025-05-26,Germany,Europe,1.229,1.088,2.162,68.16,2.76,4.1384,4.49,61.4,38.1,22.3,0,No Event,0.02,Low,45.0,1.197,0.060720216216021,1.149,65.76,0,2025,5,2,22,0
2025-06-02,Germany,Europe,1.269,1.114,2.105,69.22,2.33,4.1506,1.61,38.3,44.1,26.3,0,No Event,-0.33,Low,45.0,1.2142499999999998,0.0576084552890914,1.229,68.16,1,2025,6,2,23,0
2025-06-09,Germany,Europe,1.042,0.908,1.609,57.51,2.28,4.1048,-0.66,58.7,53.2,28.8,0,No Event,0.09,Low,45.0,1.17225,0.0708042694661135,1.269,69.22,0,2025,6,2,24,0
2025-06-16,Germany,Europe,1.147,1.029,1.923,62.83,3.19,4.1302,2.14,49.6,50.5,21.9,0,No Event,-0.52,Low,45.0,1.1717499999999998,0.0772130203132614,1.042,57.51,0,2025,6,2,25,0
2025-06-23,Germany,Europe,1.088,0.943,1.649,60.69,2.84,4.0916,3.15,53.6,45.4,20.4,0,No Event,-0.25,Low,45.0,1.1364999999999998,0.0784684643670026,1.147,62.83,0,2025,6,2,26,0
2025-06-30,Germany,Europe,1.093,0.981,1.567,60.26,3.01,4.1269,1.14,46.3,40.0,21.6,0,No Event,0.1,Low,45.0,1.0925,0.0769533405423064,1.088,60.69,0,2025,6,2,27,0
2025-07-07,Germany,Europe,1.039,0.93,1.73,57.63,2.77,4.0998,1.34,63.5,36.7,24.1,0,No Event,-0.33,Low,45.0,1.09175,0.0765496838136557,1.093,60.26,0,2025,7,3,28,0
2025-07-14,Germany,Europe,0.974,0.872,1.729,55.6,3.39,4.1378,3.51,58.7,53.6,29.6,0,No Event,-0.17,Low,45.0,1.0485,0.077310529686701,1.039,57.63,0,2025,7,3,29,0
2025-07-21,Germany,Europe,1.007,0.898,1.847,56.69,3.09,4.1503,2.59,54.7,39.6,23.3,0,No Event,-0.03,Low,45.0,1.02825,0.0755156195234405,0.974,55.6,0,2025,7,3,30,0
2025-07-28,Germany,Europe,0.973,0.864,1.642,54.56,3.34,4.1163,2.32,48.2,38.1,23.1,0,No Event,-0.15,Low,45.0,0.99825,0.073471007787124,1.007,56.69,0,2025,7,3,31,0
2025-08-04,Germany,Europe,1.027,0.929,1.556,56.54,2.79,4.0525,3.59,49.2,44.9,26.7,0,No Event,-0.49,Low,45.0,0.99525,0.0760336286414292,0.973,54.56,0,2025,8,3,32,0
2025-08-11,Germany,Europe,0.936,0.82,1.598,52.52,2.72,4.0517,3.8,53.6,57.6,29.0,0,No Event,0.06,Low,45.0,0.98575,0.0785989973021187,1.027,56.54,0,2025,8,3,33,0
2025-08-18,Germany,Europe,0.942,0.834,1.559,52.77,2.43,4.1267,0.61,27.0,40.2,25.5,0,No Event,-0.68,Low,45.0,0.9695,0.0744976197483352,0.936,52.52,1,2025,8,3,34,0
2025-08-25,Germany,Europe,0.962,0.823,1.723,51.21,3.91,4.0967,1.31,22.3,38.8,23.9,0,No Event,0.04,Low,45.0,0.96675,0.0738512630488865,0.942,52.77,1,2025,8,3,35,0
2025-09-01,Germany,Europe,0.923,0.842,1.5,52.86,2.17,4.0472,3.16,39.5,45.4,29.4,0,No Event,0.29,Low,45.0,0.94075,0.0552929224422947,0.962,51.21,1,2025,9,3,36,0
2025-09-08,Germany,Europe,0.924,0.812,1.5,50.97,2.55,4.0657,3.34,41.1,43.2,22.7,0,No Event,-0.14,Low,45.0,0.93775,0.0436125617446227,0.923,52.86,0,2025,9,3,37,0
2025-09-15,Germany,Europe,0.985,0.878,1.748,52.87,3.12,4.0691,3.05,45.7,53.4,24.0,0,No Event,-0.16,Low,45.0,0.9485,0.0481203927551303,0.924,50.97,0,2025,9,3,38,0
2025-09-22,Germany,Europe,0.91,0.818,1.585,51.5,2.29,4.0893,2.97,46.2,59.0,25.8,0,No Event,0.37,Low,45.0,0.9355,0.0518259254119586,0.985,52.87,0,2025,9,3,39,0
2025-09-29,Germany,Europe,0.972,0.805,1.624,52.97,2.78,3.975,1.82,36.8,65.9,26.3,0,No Event,0.18,Low,45.0,0.94775,0.0554850148625526,0.91,51.5,1,2025,9,3,40,0
2025-10-06,Germany,Europe,1.02,0.877,1.5,55.82,3.18,4.1309,-0.76,56.4,52.8,28.8,0,No Event,-0.52,Low,45.0,0.97175,0.0541596905326944,0.972,52.97,0,2025,10,4,41,0
2025-10-13,Germany,Europe,0.923,0.837,1.538,52.47,3.85,4.0718,-1.06,62.7,40.2,29.0,0,No Event,0.56,Low,45.0,0.95625,0.0603931963982416,1.02,55.82,0,2025,10,4,42,0
2025-10-20,Germany,Europe,0.928,0.824,1.5,51.71,2.69,4.0871,1.85,52.3,49.9,23.9,0,No Event,0.66,Low,45.0,0.96075,0.0597842565479372,0.923,52.47,0,2025,10,4,43,0
2025-10-27,Germany,Europe,0.991,0.906,1.587,54.94,2.8,4.0791,2.21,43.5,50.4,26.1,0,No Event,0.31,Low,45.0,0.9655,0.0609678226891889,0.928,51.71,0,2025,10,4,44,0
2025-11-03,Germany,Europe,0.974,0.873,1.739,54.54,2.94,4.0731,2.29,29.6,72.2,21.4,0,No Event,-0.11,Low,45.0,0.954,0.05484017866949,0.991,54.94,1,2025,11,4,45,0
2025-11-10,Germany,Europe,0.893,0.788,1.782,50.51,2.29,4.0345,1.87,26.7,51.9,27.8,0,No Event,-0.08,Low,45.0,0.9465,0.0604028349891611,0.974,54.54,1,2025,11,4,46,0
2025-11-17,Germany,Europe,0.946,0.808,1.706,51.74,2.97,4.037,-0.5,57.1,56.8,27.8,0,No Event,-0.53,Low,45.0,0.951,0.0627357056424439,0.893,50.51,0,2025,11,4,47,0
2025-11-24,Germany,Europe,0.939,0.822,1.843,52.57,2.25,4.0887,3.84,44.4,49.9,29.5,0,No Event,-0.38,Low,45.0,0.938,0.0614850843935238,0.946,51.74,0,2025,11,4,48,0
2025-12-01,Germany,Europe,1.055,0.951,1.902,58.59,2.57,4.0983,3.19,51.8,58.1,24.7,0,No Event,0.3,Low,45.0,0.95825,0.0705903451052457,0.939,52.57,0,2025,12,4,49,0
2025-12-08,Germany,Europe,1.066,0.937,2.085,60.24,3.08,4.0202,3.91,40.6,54.9,28.2,0,No Event,-0.38,Low,45.0,1.0014999999999998,0.0686197618335258,1.055,58.59,0,2025,12,4,50,0
2025-12-15,Germany,Europe,1.118,1.03,1.932,62.88,3.06,4.1261,1.91,38.4,56.5,27.2,0,No Event,-0.28,Low,45.0,1.0445,0.0638798720840364,1.066,60.24,1,2025,12,4,51,0
2025-12-22,Germany,Europe,1.081,1.0,2.027,62.37,2.22,4.1547,0.9,54.1,61.4,20.1,0,No Event,-0.26,Low,45.0,1.08,0.0635098061453391,1.118,62.88,0,2025,12,4,52,0
2025-12-29,Germany,Europe,1.085,0.984,1.915,60.94,3.12,4.1216,0.58,58.5,46.3,24.0,0,No Event,-0.35,Low,45.0,1.0875,0.0623412747766033,1.081,62.37,0,2025,12,4,1,0
2026-01-05,Germany,Europe,1.19,1.045,1.959,65.04,3.61,4.0963,2.18,50.6,56.0,26.2,0,No Event,-0.18,Low,45.0,1.1185,0.0582659904869798,1.085,60.94,0,2026,1,1,2,0
2026-01-12,Germany,Europe,1.105,0.967,1.5,61.88,2.33,4.1079,1.75,55.2,61.2,25.3,0,No Event,0.13,Low,45.0,1.11525,0.0642775639579327,1.19,65.04,0,2026,1,1,3,0
2026-01-19,Germany,Europe,1.214,1.044,1.652,67.77,3.3,4.1062,3.23,37.5,55.4,25.2,0,No Event,0.76,Low,45.0,1.1485,0.0670646947409614,1.105,61.88,1,2026,1,1,4,0
2026-01-26,Germany,Europe,1.239,1.106,1.929,69.25,2.5,4.1017,5.88,63.7,56.2,26.3,0,No Event,0.08,Low,45.0,1.187,0.0660887545469752,1.214,67.77,0,2026,1,1,5,0
2026-02-02,Germany,Europe,1.16,1.067,1.644,66.52,2.7,4.1845,3.39,49.8,58.9,28.7,0,No Event,0.93,Low,45.0,1.1795,0.0634612810131995,1.239,69.25,0,2026,2,1,6,0
2026-02-09,Germany,Europe,1.282,1.095,1.668,69.18,3.4,4.1174,1.75,52.7,60.9,26.5,0,No Event,-0.27,Low,45.0,1.22375,0.0670680600386519,1.16,66.52,0,2026,2,1,7,0
2026-02-16,Germany,Europe,1.387,1.226,2.103,75.6,2.94,4.194,1.58,49.5,60.3,21.9,0,No Event,-0.39,Low,45.0,1.267,0.0677747824380475,1.282,69.18,0,2026,2,1,8,0
2026-02-23,Germany,Europe,1.256,1.092,1.639,68.12,2.43,4.1169,1.01,67.5,57.2,28.1,0,No Event,-0.75,Low,45.0,1.27125,0.0710514579311165,1.387,75.6,0,2026,2,1,9,0
2026-03-02,Germany,Europe,1.338,1.186,2.202,72.58,3.3,4.1641,2.53,74.0,49.3,22.6,0,No Event,-0.11,Low,45.0,1.31575,0.0723474941207815,1.256,68.12,0,2026,3,1,10,0
2026-03-09,Germany,Europe,1.285,1.158,1.769,73.23,3.49,4.1001,2.31,35.2,51.9,28.2,0,No Event,-0.63,Low,45.0,1.3165,0.0738036746187576,1.338,72.58,1,2026,3,1,11,0
2026-03-16,Germany,Europe,1.299,1.157,1.979,72.82,2.82,4.1671,-0.53,42.1,48.8,26.4,0,No Event,0.64,Low,45.0,1.2945,0.0723216290208457,1.285,73.23,0,2026,3,1,12,0
2026-03-23,Germany,Europe,1.225,1.116,2.462,69.44,2.47,4.0888,3.27,52.5,40.2,24.6,0,No Event,0.49,Low,45.0,1.28675,0.0754503858384732,1.299,72.82,0,2026,3,1,13,0
2015-01-05,India,Asia,0.603,0.534,1.631,49.68,1.84,74.5566,1.02,42.3,57.0,29.2,0,No Event,0.39,High,10.0,0.603,0.0093012734527013,0.603,49.68,0,2015,1,1,2,0
2015-01-12,India,Asia,0.631,0.573,1.537,52.79,2.47,73.7292,2.32,48.3,58.1,25.3,0,No Event,-0.76,High,10.0,0.617,0.0093012734527013,0.603,49.68,0,2015,1,1,3,0
2015-01-19,India,Asia,0.652,0.585,1.784,54.11,1.75,74.9117,2.16,56.5,60.1,22.8,0,No Event,-0.32,High,10.0,0.6286666666666667,0.0093012734527013,0.631,52.79,0,2015,1,1,4,0
2015-01-26,India,Asia,0.652,0.616,1.729,55.79,2.3,73.2655,1.65,54.3,60.5,28.3,0,No Event,0.01,High,10.0,0.6345000000000001,0.0239331770485573,0.652,54.11,0,2015,1,1,5,0
2015-02-02,India,Asia,0.665,0.596,1.672,55.34,1.99,74.2263,1.86,48.1,47.3,21.1,0,No Event,0.29,High,10.0,0.65,0.0198207938892479,0.652,55.79,0,2015,2,1,6,0
2015-02-09,India,Asia,0.649,0.577,1.635,55.02,2.55,74.5407,1.76,54.0,58.7,20.6,0,No Event,-0.34,High,10.0,0.6545000000000001,0.0278267835538877,0.665,55.34,0,2015,2,1,7,0
2015-02-16,India,Asia,0.698,0.632,1.694,59.09,1.95,74.8325,2.63,53.7,57.3,22.3,0,No Event,-0.39,High,10.0,0.6659999999999999,0.0350304102067624,0.649,55.02,0,2015,2,1,8,0
2015-02-23,India,Asia,0.772,0.665,1.591,61.65,1.52,74.2087,0.99,52.8,54.6,28.5,0,No Event,-0.5,High,10.0,0.696,0.0442275338944504,0.698,59.09,0,2015,2,1,9,0
2015-03-02,India,Asia,0.639,0.606,1.5,56.05,2.46,75.3163,2.54,60.3,59.7,24.6,0,No Event,-0.5,High,10.0,0.6895,0.0844824426277892,0.772,61.65,0,2015,3,1,10,0
2015-03-09,India,Asia,0.746,0.682,2.033,61.04,2.52,74.0544,1.33,56.7,41.6,25.4,0,No Event,-0.27,High,10.0,0.7137499999999999,0.0947549559711535,0.639,56.05,0,2015,3,1,11,0
2015-03-16,India,Asia,0.708,0.659,1.987,59.31,2.44,74.1814,2.62,43.3,43.1,21.9,0,No Event,0.19,High,10.0,0.71625,0.0927604936981765,0.746,61.04,0,2015,3,1,12,0
2015-03-23,India,Asia,0.712,0.653,1.961,58.77,1.53,75.7329,0.72,46.6,31.6,27.1,0,No Event,0.01,High,10.0,0.7012499999999999,0.0881086326353148,0.708,59.31,0,2015,3,1,13,0
2015-03-30,India,Asia,0.75,0.667,2.2,61.75,3.29,74.7612,2.04,46.6,47.5,24.1,0,No Event,0.75,High,10.0,0.7289999999999999,0.084598382054975,0.712,58.77,0,2015,3,1,14,0
2015-04-06,India,Asia,0.687,0.622,1.834,56.81,2.34,75.8975,3.25,63.5,67.1,21.9,0,No Event,0.46,High,10.0,0.71425,0.0893755485889246,0.75,61.75,0,2015,4,2,15,0
2015-04-13,India,Asia,0.655,0.598,1.692,54.9,2.64,73.5919,-0.18,54.6,40.9,29.4,0,No Event,-0.79,High,10.0,0.7010000000000001,0.0905176004239866,0.687,56.81,0,2015,4,2,16,0
2015-04-20,India,Asia,0.712,0.627,1.68,58.93,1.34,74.9834,0.5,63.3,53.2,23.4,0,No Event,-0.47,High,10.0,0.7010000000000001,0.093586864149563,0.655,54.9,0,2015,4,2,17,0
2015-04-27,India,Asia,0.662,0.614,2.045,58.26,2.91,74.4164,-0.43,47.9,44.5,25.4,0,No Event,-0.25,High,10.0,0.679,0.0964177120321023,0.712,58.93,0,2015,4,2,18,0
2015-05-04,India,Asia,0.73,0.679,1.698,62.33,1.9,74.4269,2.76,55.7,38.6,20.7,0,No Event,0.25,High,10.0,0.68975,0.0999551884400591,0.662,58.26,0,2015,5,2,19,0
2015-05-11,India,Asia,0.659,0.602,1.606,55.83,2.43,73.5703,0.62,55.6,55.3,21.0,0,No Event,-0.56,High,10.0,0.6907500000000001,0.1027685294756719,0.73,62.33,0,2015,5,2,20,0
2015-05-18,India,Asia,0.644,0.567,1.66,53.75,1.69,74.8229,1.93,61.5,48.4,21.9,0,No Event,-0.09,High,10.0,0.6737500000000001,0.0972774099071965,0.659,55.83,0,2015,5,2,21,0
2015-05-25,India,Asia,0.717,0.654,1.538,61.4,2.89,74.0524,3.85,43.5,55.3,28.9,0,No Event,0.63,High,10.0,0.6875,0.0887013958670504,0.644,53.75,0,2015,5,2,22,0
2015-06-01,India,Asia,0.649,0.604,1.706,55.41,2.01,75.4351,3.82,57.7,61.6,22.5,0,No Event,-0.1,High,10.0,0.66725,0.0790097511048665,0.717,61.4,0,2015,6,2,23,0
2015-06-08,India,Asia,0.667,0.57,1.615,54.91,2.29,73.8697,2.99,46.4,69.7,20.4,0,No Event,0.25,High,10.0,0.66925,0.0784490199291608,0.649,55.41,0,2015,6,2,24,0
2015-06-15,India,Asia,0.571,0.521,1.703,49.79,1.91,75.4596,4.9,41.8,57.1,25.6,0,No Event,0.23,High,10.0,0.651,0.0883547077415388,0.667,54.91,0,2015,6,2,25,0
2015-06-22,India,Asia,0.623,0.59,1.707,53.68,2.03,73.4097,0.6,54.9,27.3,27.8,0,No Event,-0.56,High,10.0,0.6275000000000001,0.0916022237292024,0.571,49.79,0,2015,6,2,26,0
2015-06-29,India,Asia,0.625,0.561,1.586,51.55,1.67,73.7039,3.81,41.6,36.0,27.2,0,No Event,0.21,High,10.0,0.6215,0.0887399367153441,0.623,53.68,0,2015,6,2,27,0
2015-07-06,India,Asia,0.589,0.522,1.693,49.52,2.4,74.3797,1.08,41.1,46.5,27.6,0,No Event,0.76,High,10.0,0.602,0.0892737447257703,0.625,51.55,0,2015,7,3,28,0
2015-07-13,India,Asia,0.613,0.526,1.689,51.15,1.64,75.2959,-1.29,49.6,43.1,22.6,0,No Event,-0.62,High,10.0,0.6125,0.0858658211098368,0.589,49.52,0,2015,7,3,29,0
2015-07-20,India,Asia,0.571,0.494,1.5,46.15,1.91,74.9799,-0.67,53.6,38.7,20.3,0,No Event,0.36,High,10.0,0.5994999999999999,0.0857563429363902,0.613,51.15,0,2015,7,3,30,0
2015-07-27,India,Asia,0.539,0.5,1.5,45.57,2.6,74.8697,0.4,45.3,49.9,20.9,0,No Event,-0.12,High,10.0,0.578,0.0789580262503082,0.571,46.15,0,2015,7,3,31,0
2015-08-03,India,Asia,0.506,0.453,1.5,43.01,2.35,74.7875,3.33,51.1,38.2,27.7,0,No Event,0.47,High,10.0,0.55725,0.0764848805426096,0.539,45.57,0,2015,8,3,32,0
2015-08-10,India,Asia,0.55,0.51,1.5,47.73,2.69,74.4117,4.14,56.2,42.7,20.9,0,No Event,0.07,High,10.0,0.5415,0.0823370764459469,0.506,43.01,0,2015,8,3,33,0
2015-08-17,India,Asia,0.503,0.471,1.5,44.54,2.91,73.3562,0.86,41.8,40.5,21.2,0,No Event,-0.27,High,10.0,0.5245000000000001,0.0749468301111389,0.55,47.73,0,2015,8,3,34,0
2015-08-24,India,Asia,0.487,0.456,1.5,41.24,2.01,74.3493,0.88,49.1,51.1,21.7,0,No Event,-0.3,High,10.0,0.5115000000000001,0.0718666250066181,0.503,44.54,0,2015,8,3,35,0
2015-08-31,India,Asia,0.526,0.481,1.5,44.47,2.49,72.9838,0.11,52.3,39.6,29.2,0,No Event,0.32,High,10.0,0.5165,0.0765458867834268,0.487,41.24,0,2015,8,3,36,0
2015-09-07,India,Asia,0.473,0.412,1.5,38.99,2.3,74.3269,0.75,41.5,59.8,29.8,0,No Event,1.03,High,10.0,0.4972499999999999,0.0708334012254907,0.526,44.47,0,2015,9,3,37,0
2015-09-14,India,Asia,0.533,0.459,1.5,42.36,2.36,72.9997,2.36,41.7,43.8,28.5,0,No Event,0.83,High,10.0,0.50475,0.0761768849959426,0.473,38.99,0,2015,9,3,38,0
2015-09-21,India,Asia,0.426,0.388,1.5,36.11,1.52,74.393,2.38,48.5,40.6,27.2,0,No Event,-0.04,High,10.0,0.4895,0.093641304665468,0.533,42.36,0,2015,9,3,39,0
2015-09-28,India,Asia,0.452,0.416,1.5,38.01,1.13,72.7291,5.38,48.3,51.6,26.2,0,No Event,-1.42,High,10.0,0.471,0.0963732630845151,0.426,36.11,0,2015,9,3,40,0
2015-10-05,India,Asia,0.472,0.449,1.5,41.23,1.63,74.115,0.91,39.8,39.3,23.2,0,No Event,-0.66,High,10.0,0.47075,0.0965704016129302,0.452,38.01,0,2015,10,4,41,0
2015-10-12,India,Asia,0.527,0.477,1.5,42.81,1.29,72.2634,3.0,36.2,50.2,22.6,0,No Event,-0.78,High,10.0,0.46925,0.1022247536444686,0.472,41.23,1,2015,10,4,42,0
2015-10-19,India,Asia,0.49,0.452,1.5,41.36,1.75,72.6572,5.25,41.5,53.9,20.0,0,No Event,-0.03,High,10.0,0.48525,0.102988390357145,0.527,42.81,0,2015,10,4,43,0
2015-10-26,India,Asia,0.504,0.431,1.5,41.61,1.19,75.3392,3.1,42.4,46.6,24.7,0,No Event,0.13,High,10.0,0.4982499999999999,0.1016165539309985,0.49,41.36,0,2015,10,4,44,0
2015-11-02,India,Asia,0.479,0.439,1.5,41.24,2.02,72.9232,3.38,32.4,50.1,23.5,0,No Event,0.38,High,10.0,0.5,0.0991731215551933,0.504,41.61,1,2015,11,4,45,0
2015-11-09,India,Asia,0.482,0.436,1.5,39.67,1.72,74.2334,-0.61,48.7,47.0,20.2,0,No Event,0.12,High,10.0,0.48875,0.0960428629223927,0.479,41.24,0,2015,11,4,46,0
2015-11-16,India,Asia,0.487,0.442,1.5,41.22,2.41,72.4964,3.34,50.0,50.4,26.2,0,No Event,0.61,High,10.0,0.488,0.095508519585256,0.482,39.67,0,2015,11,4,47,0
2015-11-23,India,Asia,0.507,0.468,1.5,43.45,1.61,72.7193,-0.01,36.3,48.2,25.8,0,No Event,-0.15,High,10.0,0.48875,0.0933368272227731,0.487,41.22,1,2015,11,4,48,0
2015-11-30,India,Asia,0.566,0.482,1.5,46.88,2.05,74.5593,2.77,32.5,50.8,24.8,0,No Event,-0.4,High,10.0,0.5105,0.092832976288653,0.507,43.45,1,2015,11,4,49,0
2015-12-07,India,Asia,0.588,0.549,1.5,48.76,1.57,74.0605,2.28,52.6,60.8,23.6,0,No Event,0.35,High,10.0,0.537,0.0868414929203734,0.566,46.88,0,2015,12,4,50,0
2015-12-14,India,Asia,0.522,0.464,1.5,44.17,2.2,74.7725,0.03,41.5,54.7,22.8,0,No Event,-0.03,High,10.0,0.54575,0.0690819381539313,0.588,48.76,0,2015,12,4,51,0
2015-12-21,India,Asia,0.573,0.527,1.5,49.19,2.62,72.8248,2.28,56.8,69.4,21.2,0,No Event,0.18,High,10.0,0.5622499999999999,0.0718524779846098,0.522,44.17,0,2015,12,4,52,0
2015-12-28,India,Asia,0.571,0.519,1.51,48.4,0.99,74.1958,3.48,44.1,72.8,22.8,0,No Event,0.58,High,10.0,0.5635,0.071850061454606,0.573,49.19,0,2015,12,4,53,0
2016-01-04,India,Asia,0.59,0.526,1.5,49.58,1.97,74.4755,3.3,48.1,39.6,27.5,0,No Event,-0.07,High,10.0,0.564,0.0652223219295694,0.571,48.4,0,2016,1,1,1,0
2016-01-11,India,Asia,0.678,0.579,1.544,55.07,2.35,73.2045,3.58,39.6,49.6,27.9,0,No Event,0.0,High,10.0,0.603,0.0707710820607812,0.59,49.58,1,2016,1,1,2,0
2016-01-18,India,Asia,0.698,0.616,1.5,57.11,2.32,74.0993,0.88,49.9,53.0,25.5,0,No Event,0.57,High,10.0,0.63425,0.0707702534107297,0.678,55.07,0,2016,1,1,3,0
2016-01-25,India,Asia,0.705,0.6,1.639,56.34,1.91,73.4461,2.44,39.2,55.8,20.4,0,No Event,-0.43,High,10.0,0.66775,0.0666647488763869,0.698,57.11,1,2016,1,1,4,0
2016-02-01,India,Asia,0.658,0.615,1.5,56.39,1.85,73.8352,2.01,50.7,57.2,21.7,0,No Event,0.67,High,10.0,0.68475,0.0725603439371977,0.705,56.34,0,2016,2,1,5,0
2016-02-08,India,Asia,0.654,0.595,1.5,54.73,1.62,74.0093,1.36,33.8,59.7,29.4,0,No Event,-0.07,High,10.0,0.67875,0.0730908059363277,0.658,56.39,1,2016,2,1,6,0
2016-02-15,India,Asia,0.675,0.603,1.619,58.35,2.29,74.0884,4.68,48.2,55.7,29.3,0,No Event,0.3,High,10.0,0.673,0.0729829674523236,0.654,54.73,0,2016,2,1,7,0
2016-02-22,India,Asia,0.707,0.639,1.973,60.59,2.21,74.7218,2.47,73.1,57.8,26.3,0,No Event,-0.67,High,10.0,0.6735,0.0677976342600584,0.675,58.35,0,2016,2,1,8,0
2016-02-29,India,Asia,0.711,0.655,1.874,58.68,2.13,74.5465,2.1,53.1,57.9,29.7,0,No Event,-0.03,High,10.0,0.68675,0.067670573952458,0.707,60.59,0,2016,2,1,9,0
2016-03-07,India,Asia,0.708,0.631,1.795,61.03,2.34,74.0512,1.53,57.6,60.0,29.4,0,No Event,0.33,High,10.0,0.70025,0.0547087993608967,0.711,58.68,0,2016,3,1,10,0
2016-03-14,India,Asia,0.718,0.64,1.964,59.33,1.55,74.0774,1.75,43.7,48.9,22.2,0,No Event,0.01,High,10.0,0.711,0.0500125905164259,0.708,61.03,0,2016,3,1,11,0
2016-03-21,India,Asia,0.665,0.624,1.5,56.86,2.65,74.8566,1.32,73.7,58.6,23.8,0,No Event,0.07,High,10.0,0.7005,0.0566975565091445,0.718,59.33,0,2016,3,1,12,0
2016-03-28,India,Asia,0.734,0.649,2.139,62.24,1.9,74.4321,2.57,63.4,54.2,21.8,0,No Event,0.2,High,10.0,0.70625,0.0622333677164888,0.665,56.86,0,2016,3,1,13,0
2016-04-04,India,Asia,0.789,0.7,1.591,65.47,2.52,73.7553,3.75,55.3,47.0,22.6,0,No Event,-0.26,High,10.0,0.7265,0.0508945689698603,0.734,62.24,0,2016,4,2,14,0
2016-04-11,India,Asia,0.695,0.645,1.919,59.52,2.37,74.968,0.9,64.6,36.1,28.3,0,No Event,0.28,High,10.0,0.72075,0.063321706762459,0.789,65.47,0,2016,4,2,15,0
2016-04-18,India,Asia,0.765,0.676,2.21,63.28,2.13,74.03,2.12,59.6,32.6,22.7,0,No Event,0.1,High,10.0,0.74575,0.0695379994663096,0.695,59.52,0,2016,4,2,16,0
2016-04-25,India,Asia,0.733,0.656,2.004,60.39,1.39,74.3355,0.63,60.9,54.9,27.2,0,No Event,0.46,High,10.0,0.7455,0.067416237584529,0.765,63.28,0,2016,4,2,17,0
2016-05-02,India,Asia,0.709,0.609,1.5,58.27,1.78,74.3884,1.57,54.0,61.5,29.6,0,No Event,-0.2,High,10.0,0.7254999999999999,0.068466389476685,0.733,60.39,0,2016,5,2,18,0
2016-05-09,India,Asia,0.698,0.633,1.821,58.79,1.64,75.8374,0.94,59.7,49.1,24.5,0,No Event,0.18,High,10.0,0.72625,0.0683798075475101,0.709,58.27,0,2016,5,2,19,0
2016-05-16,India,Asia,0.747,0.659,1.537,62.38,1.63,75.235,2.21,50.7,43.2,23.8,0,No Event,-0.14,High,10.0,0.7217499999999999,0.0699647450343756,0.698,58.79,0,2016,5,2,20,0
2016-05-23,India,Asia,0.682,0.631,1.986,57.94,2.73,74.6012,-0.0,53.8,50.5,20.2,0,No Event,-0.45,High,10.0,0.7090000000000001,0.0750382705080718,0.747,62.38,0,2016,5,2,21,0
2016-05-30,India,Asia,0.709,0.656,2.061,60.04,2.06,74.9581,-0.19,56.0,38.9,22.3,0,No Event,-0.59,High,10.0,0.7090000000000001,0.0759214338026586,0.682,57.94,0,2016,5,2,22,0
2016-06-06,India,Asia,0.612,0.541,1.57,51.58,2.0,74.0644,4.17,50.3,35.1,29.1,0,No Event,-0.28,High,10.0,0.6875,0.0857381173672112,0.709,60.04,0,2016,6,2,23,0
2016-06-13,India,Asia,0.676,0.635,1.5,56.72,2.05,73.471,-0.96,50.8,48.3,25.8,0,No Event,0.18,High,10.0,0.6697500000000001,0.0890326505349491,0.612,51.58,0,2016,6,2,24,0
2016-06-20,India,Asia,0.642,0.608,1.875,54.83,1.43,74.0474,2.92,39.4,56.9,27.0,0,No Event,0.48,High,10.0,0.65975,0.0844985104325177,0.676,56.72,1,2016,6,2,25,0
2016-06-27,India,Asia,0.649,0.547,1.5,52.99,1.76,74.5596,2.06,51.0,40.7,24.9,0,No Event,0.15,High,10.0,0.64475,0.0807388953421329,0.642,54.83,0,2016,6,2,26,0
2016-07-04,India,Asia,0.614,0.569,1.648,51.74,2.08,74.6595,1.77,31.9,40.4,26.2,0,No Event,-0.86,High,10.0,0.64525,0.0749404481699295,0.649,52.99,1,2016,7,3,27,0
2016-07-11,India,Asia,0.547,0.508,1.5,47.44,2.27,74.7063,2.97,56.7,49.1,27.5,0,No Event,-0.88,High,10.0,0.613,0.071761874555505,0.614,51.74,0,2016,7,3,28,0
2016-07-18,India,Asia,0.579,0.538,1.5,48.29,1.91,73.4845,0.26,56.9,41.4,20.2,0,No Event,-0.58,High,10.0,0.5972500000000001,0.0753965395964353,0.547,47.44,0,2016,7,3,29,0
2016-07-25,India,Asia,0.581,0.531,1.602,49.51,2.24,73.8386,0.34,48.7,42.4,21.8,0,No Event,0.83,High,10.0,0.58025,0.0754250275035001,0.579,48.29,0,2016,7,3,30,0
2016-08-01,India,Asia,0.594,0.535,1.518,49.43,2.38,73.0749,2.86,57.0,40.6,20.7,0,No Event,-0.58,High,10.0,0.57525,0.0761359367676275,0.581,49.51,0,2016,8,3,31,0
2016-08-08,India,Asia,0.545,0.494,1.575,45.47,2.16,72.8099,2.32,47.1,47.8,23.4,0,No Event,-0.13,High,10.0,0.57475,0.0741317863676032,0.594,49.43,0,2016,8,3,32,0
2016-08-15,India,Asia,0.536,0.486,1.5,44.71,3.18,72.6322,1.9,58.5,40.6,21.3,0,No Event,-0.02,High,10.0,0.5640000000000001,0.071370257860104,0.545,45.47,0,2016,8,3,33,0
2016-08-22,India,Asia,0.503,0.449,1.5,42.28,2.76,74.1711,1.79,43.6,48.5,22.9,0,No Event,0.16,High,10.0,0.5445,0.0699771416811207,0.536,44.71,0,2016,8,3,34,0
2016-08-29,India,Asia,0.54,0.493,1.5,44.63,2.31,73.7516,1.56,43.6,50.2,21.5,0,No Event,0.73,High,10.0,0.531,0.0659004234428348,0.503,42.28,0,2016,8,3,35,0
2016-09-05,India,Asia,0.5,0.469,1.5,42.75,1.72,73.2247,2.32,48.3,53.2,22.9,0,No Event,0.54,High,10.0,0.51975,0.057736881790387,0.54,44.63,0,2016,9,3,36,0
2016-09-12,India,Asia,0.495,0.448,1.5,42.07,2.65,72.8207,3.9,39.8,50.6,28.9,0,No Event,-0.12,High,10.0,0.5095000000000001,0.0571911742930794,0.5,42.75,1,2016,9,3,37,0
2016-09-19,India,Asia,0.509,0.464,1.5,43.22,2.89,71.7144,-1.12,52.3,65.2,25.3,0,No Event,-0.52,High,10.0,0.511,0.0582525838367086,0.495,42.07,0,2016,9,3,38,0
2016-09-26,India,Asia,0.512,0.483,1.5,44.37,1.32,73.7636,3.96,34.6,49.3,27.9,0,No Event,-0.39,High,10.0,0.504,0.0574961373454539,0.509,43.22,1,2016,9,3,39,0
2016-10-03,India,Asia,0.548,0.482,1.5,44.89,2.37,74.0466,2.33,41.8,47.5,23.6,0,No Event,0.11,High,10.0,0.516,0.0535580963161303,0.512,44.37,0,2016,10,4,40,0
2016-10-10,India,Asia,0.459,0.407,1.5,39.77,3.23,73.5083,3.18,45.6,56.0,26.5,0,No Event,0.3,High,10.0,0.507,0.0681532410850651,0.548,44.89,0,2016,10,4,41,0
2016-10-17,India,Asia,0.484,0.429,1.5,42.02,2.61,73.4847,0.45,37.4,54.3,22.3,0,No Event,0.17,High,10.0,0.50075,0.0710689249171875,0.459,39.77,1,2016,10,4,42,0
2016-10-24,India,Asia,0.495,0.45,1.5,42.03,2.35,73.42,0.54,39.7,51.3,27.6,0,No Event,0.61,High,10.0,0.4965,0.0710847828330566,0.484,42.02,1,2016,10,4,43,0
2016-10-31,India,Asia,0.473,0.43,1.5,39.56,2.14,74.2736,3.92,41.6,61.6,28.5,0,No Event,0.38,High,10.0,0.47775,0.0684875611253331,0.495,42.03,0,2016,10,4,44,0
2016-11-07,India,Asia,0.519,0.483,1.5,44.19,2.3,74.4027,1.57,49.2,40.8,24.7,0,No Event,0.32,High,10.0,0.4927499999999999,0.0749907551247566,0.473,39.56,0,2016,11,4,45,0
2016-11-14,India,Asia,0.515,0.487,1.5,44.28,1.83,73.4756,2.96,41.1,39.9,23.6,0,No Event,0.24,High,10.0,0.5005,0.072542716096947,0.519,44.19,0,2016,11,4,46,0
2016-11-21,India,Asia,0.556,0.499,1.544,45.17,1.93,73.5875,1.73,43.9,37.7,27.8,0,No Event,-0.13,High,10.0,0.51575,0.0730856625971714,0.515,44.28,0,2016,11,4,47,0
2016-11-28,India,Asia,0.537,0.47,1.5,44.47,1.93,75.1601,0.76,58.7,55.3,21.5,0,No Event,-0.0,High,10.0,0.53175,0.0700041260342406,0.556,45.17,0,2016,11,4,48,0
2016-12-05,India,Asia,0.525,0.486,1.5,45.4,2.05,73.447,4.08,43.0,47.8,26.3,0,No Event,-0.19,High,10.0,0.53325,0.0703874987104147,0.537,44.47,0,2016,12,4,49,0
2016-12-12,India,Asia,0.565,0.507,1.5,47.21,2.52,72.2246,2.21,42.3,55.4,27.4,0,No Event,-0.0,High,10.0,0.54575,0.0729967754494855,0.525,45.4,0,2016,12,4,50,0
2016-12-19,India,Asia,0.577,0.52,1.54,48.54,1.12,74.2687,0.2,49.0,56.4,23.2,0,No Event,-0.46,High,10.0,0.5509999999999999,0.073028221815223,0.565,47.21,0,2016,12,4,51,0
2016-12-26,India,Asia,0.572,0.521,1.5,47.93,1.45,75.2542,0.67,56.5,51.0,26.3,0,No Event,-0.25,High,10.0,0.55975,0.0708774235614128,0.577,48.54,0,2016,12,4,52,0
2017-01-02,India,Asia,0.614,0.564,1.5,51.81,2.73,73.7419,2.19,35.4,67.5,21.3,0,No Event,-0.48,High,10.0,0.582,0.0493778051887826,0.572,47.93,1,2017,1,1,1,0
2017-01-09,India,Asia,0.646,0.585,1.863,53.37,2.58,73.351,1.51,43.6,30.4,22.6,0,No Event,0.57,High,10.0,0.60225,0.0492576138358486,0.614,51.81,0,2017,1,1,2,0
2017-01-16,India,Asia,0.677,0.64,1.898,57.34,2.72,73.6601,2.3,53.6,48.8,29.2,0,No Event,0.33,High,10.0,0.6272500000000001,0.0496693800896757,0.646,53.37,0,2017,1,1,3,0
2017-01-23,India,Asia,0.665,0.592,1.55,54.95,2.25,72.6668,3.15,36.1,37.0,25.5,0,No Event,-0.26,High,10.0,0.6505000000000001,0.0466565550360326,0.677,57.34,1,2017,1,1,4,0
2017-01-30,India,Asia,0.705,0.66,1.783,58.59,2.06,74.3399,1.83,47.1,45.8,25.4,0,No Event,0.36,High,10.0,0.67325,0.0428522482255179,0.665,54.95,0,2017,1,1,5,0
2017-02-06,India,Asia,0.701,0.609,2.071,58.4,1.44,73.8829,0.85,50.8,57.9,23.8,0,No Event,-0.26,High,10.0,0.6869999999999999,0.0427077082524483,0.705,58.59,0,2017,2,1,6,0
2017-02-13,India,Asia,0.683,0.622,1.5,58.05,2.01,75.1152,4.31,54.0,46.4,28.5,0,No Event,0.31,High,10.0,0.6884999999999999,0.0416848628124233,0.701,58.4,0,2017,2,1,7,0
2017-02-20,India,Asia,0.7,0.62,2.015,59.91,2.02,73.1853,2.63,63.1,50.6,27.0,0,No Event,-0.26,High,10.0,0.6972499999999999,0.0383053805829214,0.683,58.05,0,2017,2,1,8,0
2017-02-27,India,Asia,0.732,0.639,2.005,60.16,2.34,74.3728,4.02,42.3,56.2,23.9,0,No Event,0.21,High,10.0,0.704,0.0359481143755999,0.7,59.91,0,2017,2,1,9,0
2017-03-06,India,Asia,0.78,0.692,1.934,65.36,2.82,73.5283,2.62,45.8,43.4,26.5,0,No Event,-0.15,High,10.0,0.72375,0.0347839022777685,0.732,60.16,0,2017,3,1,10,0
2017-03-13,India,Asia,0.758,0.673,1.5,61.87,1.84,74.1747,1.08,62.3,55.2,26.6,0,No Event,0.58,High,10.0,0.7424999999999999,0.0383724753628079,0.78,65.36,0,2017,3,1,11,0
2017-03-20,India,Asia,0.748,0.692,2.12,64.72,2.17,73.9089,0.48,69.9,42.7,27.4,0,No Event,0.29,High,10.0,0.7545,0.0387396655490013,0.758,61.87,0,2017,3,1,12,0
2017-03-27,India,Asia,0.762,0.676,2.093,63.14,2.09,73.1288,2.14,63.4,53.7,27.3,0,No Event,0.04,High,10.0,0.762,0.0353750387832326,0.748,64.72,0,2017,3,1,13,0
2017-04-03,India,Asia,0.737,0.653,1.827,60.64,2.15,74.4158,1.4,52.1,48.7,22.1,0,No Event,0.51,High,10.0,0.75125,0.0365620277624805,0.762,63.14,0,2017,4,2,14,0
2017-04-10,India,Asia,0.793,0.68,2.062,65.17,3.05,75.1802,2.52,49.2,75.6,25.8,0,No Event,0.77,High,10.0,0.76,0.0398382221799145,0.737,60.64,0,2017,4,2,15,0
2017-04-17,India,Asia,0.721,0.66,1.5,61.43,2.09,74.6192,2.54,58.9,27.8,27.8,0,No Event,-0.14,High,10.0,0.75325,0.0495298730039169,0.793,65.17,0,2017,4,2,16,0
2017-04-24,India,Asia,0.737,0.66,1.914,63.01,1.9,75.7546,2.99,51.5,41.8,20.9,0,No Event,0.45,High,10.0,0.7470000000000001,0.0470382647313957,0.721,61.43,0,2017,4,2,17,0
2017-05-01,India,Asia,0.694,0.651,1.515,59.62,2.1,74.6638,0.88,52.9,47.3,27.1,0,No Event,-0.04,High,10.0,0.7362500000000001,0.0504319523279245,0.737,63.01,0,2017,5,2,18,0
2017-05-08,India,Asia,0.794,0.693,2.099,64.47,2.37,74.6222,3.09,55.5,32.7,23.8,0,No Event,-0.34,High,10.0,0.7364999999999999,0.0643598543571189,0.694,59.62,0,2017,5,2,19,0
2017-05-15,India,Asia,0.691,0.621,1.994,58.26,1.8,73.2894,2.41,53.0,43.3,21.0,0,No Event,0.18,High,10.0,0.729,0.076431535516303,0.794,64.47,0,2017,5,2,20,0
2017-05-22,India,Asia,0.733,0.679,1.913,62.5,2.23,74.2887,1.99,49.4,37.2,26.4,0,No Event,0.22,High,10.0,0.728,0.0773404661846974,0.691,58.26,0,2017,5,2,21,0
2017-05-29,India,Asia,0.754,0.684,2.037,61.5,3.37,73.6171,2.61,60.0,46.1,29.0,0,No Event,0.28,High,10.0,0.7430000000000001,0.075326671132132,0.733,62.5,0,2017,5,2,22,0
2017-06-05,India,Asia,0.668,0.588,1.5,54.49,2.63,73.745,1.85,63.1,49.2,23.0,0,No Event,-0.71,High,10.0,0.7114999999999999,0.0820070740925789,0.754,61.5,0,2017,6,2,23,0
2017-06-12,India,Asia,0.647,0.595,1.945,54.72,2.18,75.6819,2.73,58.6,43.4,25.3,0,No Event,0.4,High,10.0,0.7005,0.0822933471833474,0.668,54.49,0,2017,6,2,24,0
2017-06-19,India,Asia,0.65,0.592,1.5,54.96,2.37,74.6683,-0.52,46.2,35.3,26.5,0,No Event,0.28,High,10.0,0.67975,0.0819635776981328,0.647,54.72,0,2017,6,2,25,0
2017-06-26,India,Asia,0.626,0.576,1.5,52.64,1.96,75.1278,2.51,60.8,51.3,24.2,0,No Event,-0.6,High,10.0,0.64775,0.0820758834397153,0.65,54.96,0,2017,6,2,26,0
2017-07-03,India,Asia,0.556,0.508,1.689,47.99,2.33,74.3801,3.19,50.7,41.1,21.3,0,No Event,0.56,High,10.0,0.61975,0.082009572475234,0.626,52.64,0,2017,7,3,27,0
2017-07-10,India,Asia,0.586,0.549,1.5,49.6,2.29,74.2454,-0.09,40.7,48.7,24.0,0,No Event,0.82,High,10.0,0.6045,0.0822678936855338,0.556,47.99,0,2017,7,3,28,0
2017-07-17,India,Asia,0.574,0.524,1.592,48.28,2.27,72.8949,2.36,46.3,46.1,26.1,0,No Event,0.13,High,10.0,0.5855,0.0814797792966188,0.586,49.6,0,2017,7,3,29,0
2017-07-24,India,Asia,0.589,0.536,1.566,49.74,2.5,73.7346,-0.17,50.4,42.7,22.0,0,No Event,-0.03,High,10.0,0.57625,0.0812844124985111,0.574,48.28,0,2017,7,3,30,0
2017-07-31,India,Asia,0.557,0.506,1.5,47.12,2.71,73.2599,0.12,47.4,46.1,22.4,0,No Event,0.13,High,10.0,0.5765,0.0656531655633303,0.589,49.74,0,2017,7,3,31,0
2017-08-07,India,Asia,0.586,0.525,1.5,51.02,2.69,73.6904,0.96,48.9,41.0,22.3,0,No Event,0.45,High,10.0,0.5765,0.0605862365848012,0.557,47.12,0,2017,8,3,32,0
2017-08-14,India,Asia,0.519,0.476,1.5,43.58,1.85,73.4402,1.66,44.2,42.3,28.7,0,No Event,0.46,High,10.0,0.5627500000000001,0.0625457152955801,0.586,51.02,0,2017,8,3,33,0
2017-08-21,India,Asia,0.562,0.492,1.5,45.29,2.1,73.1775,1.98,46.7,50.6,25.7,0,No Event,0.79,High,10.0,0.556,0.0685582719041074,0.519,43.58,0,2017,8,3,34,0
2017-08-28,India,Asia,0.527,0.487,1.5,44.74,2.33,71.7606,1.8,48.9,46.5,26.5,0,No Event,-0.11,High,10.0,0.5485,0.0636927682398786,0.562,45.29,0,2017,8,3,35,0
2017-09-04,India,Asia,0.508,0.465,1.5,42.78,1.84,73.6853,1.28,58.9,40.8,22.1,0,No Event,0.34,High,10.0,0.529,0.0637973702921864,0.527,44.74,0,2017,9,3,36,0
2017-09-11,India,Asia,0.5,0.447,1.5,42.11,1.83,74.0083,2.48,51.4,59.3,21.9,0,No Event,0.2,High,10.0,0.52425,0.0634086436481045,0.508,42.78,0,2017,9,3,37,0
2017-09-18,India,Asia,0.521,0.498,1.5,45.72,1.96,72.2775,1.13,45.9,46.7,26.8,0,No Event,-0.36,High,10.0,0.514,0.0655229004595568,0.5,42.11,0,2017,9,3,38,0
2017-09-25,India,Asia,0.473,0.422,1.5,39.24,2.21,73.9036,2.68,57.4,52.5,28.1,0,No Event,-0.3,High,10.0,0.5005,0.0630268044573408,0.521,45.72,0,2017,9,3,39,0
2017-10-02,India,Asia,0.52,0.456,1.5,43.42,1.79,73.1697,3.99,64.0,47.2,28.5,0,No Event,0.51,High,10.0,0.5035,0.0684461033167721,0.473,39.24,0,2017,10,4,40,0
2017-10-09,India,Asia,0.53,0.452,1.5,43.9,2.28,73.0073,2.63,32.1,47.6,20.1,0,No Event,0.32,High,10.0,0.511,0.0687338122038975,0.52,43.42,1,2017,10,4,41,0
2017-10-16,India,Asia,0.542,0.47,1.5,44.39,1.57,73.6629,0.35,48.8,45.6,22.3,0,No Event,-0.0,High,10.0,0.51625,0.0685999320001675,0.53,43.9,0,2017,10,4,42,0
2017-10-23,India,Asia,0.483,0.435,1.5,41.29,2.53,72.6755,0.42,53.9,58.4,27.3,0,No Event,-0.48,High,10.0,0.51875,0.0737934542637632,0.542,44.39,0,2017,10,4,43,0
2017-10-30,India,Asia,0.476,0.448,1.5,40.86,2.64,74.1178,-0.63,49.0,54.4,21.1,0,No Event,0.4,High,10.0,0.50775,0.0712207416882385,0.483,41.29,0,2017,10,4,44,0
2017-11-06,India,Asia,0.528,0.48,1.536,44.96,2.8,72.5905,2.0,41.0,57.1,30.0,0,No Event,-0.1,High,10.0,0.50725,0.0720593339008033,0.476,40.86,0,2017,11,4,45,0
2017-11-13,India,Asia,0.552,0.497,1.656,46.73,2.67,75.1305,0.34,49.5,41.5,28.2,0,No Event,-0.18,High,10.0,0.50975,0.0690773680325327,0.528,44.96,0,2017,11,4,46,0
2017-11-20,India,Asia,0.574,0.521,1.5,47.4,2.34,72.8956,0.67,45.5,50.4,29.5,0,No Event,0.56,High,10.0,0.5325,0.0668693228155506,0.552,46.73,0,2017,11,4,47,0
2017-11-27,India,Asia,0.57,0.519,1.5,47.24,2.52,74.2905,-0.37,58.2,56.2,26.2,0,No Event,0.65,High,10.0,0.556,0.0655945668993373,0.574,47.4,0,2017,11,4,48,0
2017-12-04,India,Asia,0.544,0.514,1.5,46.15,3.35,74.7307,0.13,64.2,56.5,29.3,0,No Event,0.02,High,10.0,0.56,0.0672730436851762,0.57,47.24,0,2017,12,4,49,0
2017-12-11,India,Asia,0.638,0.554,1.855,52.71,1.46,74.7072,1.39,45.8,56.9,22.8,0,No Event,-1.31,High,10.0,0.5815,0.0820523726670378,0.544,46.15,0,2017,12,4,50,0
2017-12-18,India,Asia,0.628,0.585,1.787,52.53,1.82,72.5792,1.28,54.1,63.6,28.9,0,No Event,0.68,High,10.0,0.595,0.0752354406863964,0.638,52.71,0,2017,12,4,51,0
2017-12-25,India,Asia,0.603,0.548,1.76,50.43,2.49,72.8502,2.0,51.9,53.5,28.5,0,No Event,0.48,High,10.0,0.6032500000000001,0.0736785085745545,0.628,52.53,0,2017,12,4,52,0
2018-01-01,India,Asia,0.667,0.603,1.907,56.87,2.28,75.1169,3.35,39.3,49.6,26.3,0,No Event,0.31,High,10.0,0.634,0.0782792377582215,0.603,50.43,1,2018,1,1,1,0
2018-01-08,India,Asia,0.646,0.579,1.518,54.09,3.01,74.0215,0.43,37.8,57.9,27.2,0,No Event,0.52,High,10.0,0.636,0.079787479247299,0.667,56.87,1,2018,1,1,2,0
2018-01-15,India,Asia,0.647,0.584,1.618,53.6,1.76,74.2867,2.01,54.3,54.1,20.2,0,No Event,0.17,High,10.0,0.64075,0.0696018228359827,0.646,54.09,0,2018,1,1,3,0
2018-01-22,India,Asia,0.719,0.632,1.65,59.05,2.09,73.6715,4.58,44.0,42.5,26.5,0,No Event,0.45,High,10.0,0.6697500000000001,0.0722466298199428,0.647,53.6,0,2018,1,1,4,0
2018-01-29,India,Asia,0.682,0.603,1.5,56.92,2.39,75.6967,1.01,58.0,39.8,23.0,0,No Event,0.43,High,10.0,0.6735000000000001,0.0725780502414765,0.719,59.05,0,2018,1,1,5,0
2018-02-05,India,Asia,0.721,0.637,1.992,58.93,1.54,74.9067,2.65,53.4,61.2,23.3,0,No Event,0.02,High,10.0,0.69225,0.0729735711141776,0.682,56.92,0,2018,2,1,6,0
2018-02-12,India,Asia,0.745,0.677,2.157,61.26,1.69,74.9981,-0.96,46.7,56.3,23.9,0,No Event,-0.09,High,10.0,0.71675,0.0728750813652143,0.721,58.93,0,2018,2,1,7,0
2018-02-19,India,Asia,0.691,0.61,1.639,58.41,2.82,74.4059,4.72,52.4,50.1,24.2,0,No Event,-0.15,High,10.0,0.7097499999999999,0.0777209550608113,0.745,61.26,0,2018,2,1,8,0
2018-02-26,India,Asia,0.76,0.675,1.703,63.58,2.03,75.2481,0.94,45.7,55.0,20.6,0,No Event,-0.35,High,10.0,0.72925,0.0781029297386042,0.691,58.41,0,2018,2,1,9,0
2018-03-05,India,Asia,0.706,0.649,1.612,60.55,2.8,75.1741,1.17,54.3,40.7,26.0,0,No Event,0.22,High,10.0,0.7254999999999999,0.069033176797955,0.76,63.58,0,2018,3,1,10,0
2018-03-12,India,Asia,0.737,0.671,2.119,64.05,2.67,75.7885,3.12,68.0,58.8,25.2,0,No Event,-0.05,High,10.0,0.7235,0.0691134907118043,0.706,60.55,0,2018,3,1,11,0
2018-03-19,India,Asia,0.779,0.696,1.701,64.78,2.01,74.6059,3.35,46.4,53.1,29.3,0,No Event,-0.55,High,10.0,0.7455,0.0676958684966086,0.737,64.05,0,2018,3,1,12,0
2018-03-26,India,Asia,0.73,0.642,2.043,62.02,2.07,73.4714,3.18,48.0,56.2,26.4,0,No Event,0.26,High,10.0,0.738,0.0665470123688088,0.779,64.78,0,2018,3,1,13,0
2018-04-02,India,Asia,0.709,0.645,1.834,60.68,2.4,76.1072,1.62,49.8,43.6,22.8,0,No Event,0.34,High,10.0,0.73875,0.0663991350689477,0.73,62.02,0,2018,4,2,14,0
2018-04-09,India,Asia,0.704,0.657,1.607,60.5,2.38,74.4299,3.05,57.1,33.9,26.7,0,No Event,-0.14,High,10.0,0.7304999999999999,0.0665423537525242,0.709,60.68,0,2018,4,2,15,0
2018-04-16,India,Asia,0.708,0.66,2.144,60.47,1.95,76.0848,1.22,53.8,51.3,27.2,0,No Event,0.13,High,10.0,0.71275,0.0582631781369871,0.704,60.5,0,2018,4,2,16,0
2018-04-23,India,Asia,0.738,0.672,2.19,62.38,1.26,74.5715,3.1,47.6,53.4,22.1,0,No Event,-0.07,High,10.0,0.71475,0.0569722959392972,0.708,60.47,0,2018,4,2,17,0
2018-04-30,India,Asia,0.769,0.707,1.985,64.05,3.0,73.813,1.3,66.1,48.6,27.5,0,No Event,-0.27,High,10.0,0.7297499999999999,0.0559422450790896,0.738,62.38,0,2018,4,2,18,0
2018-05-07,India,Asia,0.737,0.651,1.775,60.92,1.85,75.0976,-1.33,51.1,49.2,23.6,0,No Event,-1.12,High,10.0,0.738,0.056891145243986,0.769,64.05,0,2018,5,2,19,0
2018-05-14,India,Asia,0.74,0.694,1.651,63.54,2.59,75.5234,0.73,54.3,46.2,21.6,0,No Event,0.61,High,10.0,0.746,0.0520388056439395,0.737,60.92,0,2018,5,2,20,0
2018-05-21,India,Asia,0.699,0.661,2.125,60.06,1.39,74.9791,-0.44,43.5,41.4,23.3,0,No Event,0.43,High,10.0,0.73625,0.0457651269435297,0.74,63.54,0,2018,5,2,21,0
2018-05-28,India,Asia,0.779,0.694,1.826,64.62,2.9,74.6261,1.67,53.9,44.9,27.9,0,No Event,-0.35,High,10.0,0.73875,0.0526050321788076,0.699,60.06,0,2018,5,2,22,0
2018-06-04,India,Asia,0.681,0.626,1.5,57.43,2.43,74.5396,3.39,44.0,43.7,20.7,0,No Event,-0.3,High,10.0,0.72475,0.0640705102946698,0.779,64.62,0,2018,6,2,23,0
2018-06-11,India,Asia,0.69,0.661,1.5,61.42,1.78,74.1269,1.01,41.3,46.4,22.0,0,No Event,0.81,High,10.0,0.7122499999999999,0.0614331699013023,0.681,57.43,0,2018,6,2,24,0
2018-06-18,India,Asia,0.706,0.634,1.742,59.76,1.47,73.0223,2.55,49.4,42.2,25.2,0,No Event,0.36,High,10.0,0.714,0.0594742672624033,0.69,61.42,0,2018,6,2,25,0
2018-06-25,India,Asia,0.63,0.566,1.774,52.38,1.99,73.9018,2.16,58.1,40.0,26.7,0,No Event,-0.24,High,10.0,0.67675,0.0667231199832557,0.706,59.76,0,2018,6,2,26,0
2018-07-02,India,Asia,0.628,0.584,1.5,52.56,2.54,75.7805,1.4,50.0,50.8,27.6,0,No Event,0.7,High,10.0,0.6635,0.0667359908599837,0.63,52.38,0,2018,7,3,27,0
2018-07-09,India,Asia,0.65,0.617,1.556,54.85,2.11,74.2917,0.71,56.2,38.1,27.2,0,No Event,-0.48,High,10.0,0.6535,0.0677880866955416,0.628,52.56,0,2018,7,3,28,0
2018-07-16,India,Asia,0.616,0.56,1.5,51.35,2.47,72.8563,0.62,40.5,36.6,27.0,0,No Event,-0.5,High,10.0,0.631,0.0672884995467356,0.65,54.85,0,2018,7,3,29,0
2018-07-23,India,Asia,0.6,0.536,1.779,50.21,2.28,73.8569,3.29,44.6,33.0,21.9,0,No Event,-0.04,High,10.0,0.6234999999999999,0.065077273373391,0.616,51.35,0,2018,7,3,30,0
2018-07-30,India,Asia,0.558,0.522,1.5,48.54,3.05,74.5841,1.69,53.2,55.3,20.6,0,No Event,-0.49,High,10.0,0.606,0.066494442957927,0.6,50.21,0,2018,7,3,31,0
2018-08-06,India,Asia,0.582,0.539,1.582,49.55,2.2,74.4481,3.87,38.8,40.4,23.6,0,No Event,0.15,High,10.0,0.589,0.0687342964442272,0.558,48.54,1,2018,8,3,32,0
2018-08-13,India,Asia,0.54,0.473,1.532,44.62,3.35,72.9807,0.47,42.2,36.5,24.9,0,No Event,-0.38,High,10.0,0.57,0.0697348950035762,0.582,49.55,0,2018,8,3,33,0
2018-08-20,India,Asia,0.509,0.438,1.5,42.67,2.46,72.7701,3.07,31.7,45.0,22.4,0,No Event,-0.62,High,10.0,0.54725,0.0561594121876048,0.54,44.62,1,2018,8,3,34,0
2018-08-27,India,Asia,0.561,0.483,1.5,45.93,2.2,72.7081,1.81,44.0,33.7,28.3,0,No Event,-0.02,High,10.0,0.548,0.0604314362958894,0.509,42.67,0,2018,8,3,35,0
2018-09-03,India,Asia,0.545,0.502,1.5,46.36,2.27,72.216,3.35,51.9,48.6,25.2,0,No Event,-0.18,High,10.0,0.5387500000000001,0.0599000817889453,0.561,45.93,0,2018,9,3,36,0
2018-09-10,India,Asia,0.524,0.463,1.5,44.44,2.72,73.3398,2.13,56.0,33.9,27.9,0,No Event,0.39,High,10.0,0.5347500000000001,0.0586967708185307,0.545,46.36,0,2018,9,3,37,0
2018-09-17,India,Asia,0.499,0.448,1.5,42.54,1.52,74.3036,1.31,37.3,48.5,24.6,0,No Event,-0.18,High,10.0,0.53225,0.0531203378430652,0.524,44.44,1,2018,9,3,38,0
2018-09-24,India,Asia,0.496,0.465,1.5,42.01,2.14,72.8113,2.63,32.6,46.3,25.3,0,No Event,0.56,High,10.0,0.516,0.0530547886188897,0.499,42.54,1,2018,9,3,39,0
2018-10-01,India,Asia,0.532,0.493,1.592,45.27,1.92,72.0879,1.69,43.9,49.0,22.3,0,No Event,-1.0,High,10.0,0.51275,0.0574084851755069,0.496,42.01,0,2018,10,4,40,0
2018-10-08,India,Asia,0.49,0.476,1.5,43.65,1.45,73.8359,0.26,42.5,43.0,27.5,0,No Event,-0.11,High,10.0,0.50425,0.0594577378931251,0.532,45.27,0,2018,10,4,41,0
2018-10-15,India,Asia,0.54,0.494,1.501,45.61,2.41,73.241,0.6,52.4,36.3,20.2,0,No Event,0.39,High,10.0,0.5145,0.0685479221859897,0.49,43.65,0,2018,10,4,42,0
2018-10-22,India,Asia,0.507,0.462,1.5,43.34,2.26,73.9738,1.28,43.0,53.2,26.1,0,No Event,0.3,High,10.0,0.51725,0.0678452495458889,0.54,45.61,0,2018,10,4,43,0
2018-10-29,India,Asia,0.511,0.456,1.5,43.06,3.1,73.487,0.44,56.8,50.0,29.1,0,No Event,-0.23,High,10.0,0.512,0.0662837941383728,0.507,43.34,0,2018,10,4,44,0
2018-11-05,India,Asia,0.554,0.493,1.623,46.1,2.8,73.0147,1.84,39.3,51.1,23.5,0,No Event,0.03,High,10.0,0.528,0.0680378323453539,0.511,43.06,1,2018,11,4,45,0
2018-11-12,India,Asia,0.55,0.497,1.535,47.18,2.55,74.4824,2.85,45.3,41.9,27.2,0,No Event,0.24,High,10.0,0.5305000000000001,0.0653968004221141,0.554,46.1,0,2018,11,4,46,0
2018-11-19,India,Asia,0.564,0.506,1.5,49.03,1.92,73.0296,0.87,43.2,50.6,27.6,0,No Event,0.25,High,10.0,0.5447500000000001,0.0588164565012964,0.55,47.18,0,2018,11,4,47,0
2018-11-26,India,Asia,0.606,0.548,1.729,51.5,1.39,73.5496,2.09,53.5,42.2,24.5,0,No Event,0.36,High,10.0,0.5685,0.0614138855293045,0.564,49.03,0,2018,11,4,48,0
2018-12-03,India,Asia,0.535,0.522,1.5,46.09,2.59,73.9855,2.73,59.5,61.4,28.7,0,No Event,-0.61,High,10.0,0.56375,0.0706336398346179,0.606,51.5,0,2018,12,4,49,0
2018-12-10,India,Asia,0.575,0.514,1.611,47.96,2.59,72.9612,2.75,42.6,51.8,21.4,0,No Event,-0.45,High,10.0,0.57,0.0713222983185067,0.535,46.09,0,2018,12,4,50,0
2018-12-17,India,Asia,0.622,0.57,1.766,52.08,2.53,72.7422,2.07,51.1,40.0,20.5,0,No Event,0.78,High,10.0,0.5845,0.0735215700013346,0.575,47.96,0,2018,12,4,51,0
2018-12-24,India,Asia,0.643,0.592,1.5,54.26,3.41,74.2011,1.36,48.6,49.9,25.9,0,No Event,0.71,High,10.0,0.59375,0.0719086382379336,0.622,52.08,0,2018,12,4,52,0
2018-12-31,India,Asia,0.681,0.616,1.858,56.62,1.79,73.8628,0.46,46.5,57.7,23.6,0,No Event,-0.09,High,10.0,0.63025,0.0657083713152184,0.643,54.26,0,2018,12,4,1,0
2019-01-07,India,Asia,0.716,0.664,1.774,60.34,2.37,73.4548,0.46,54.1,61.7,21.7,0,No Event,0.97,High,10.0,0.6655,0.0621798448366231,0.681,56.62,0,2019,1,1,2,0
2019-01-14,India,Asia,0.677,0.614,2.027,58.02,3.24,74.367,5.19,59.4,55.2,28.0,0,No Event,-0.2,High,10.0,0.67925,0.061361987312713,0.716,60.34,0,2019,1,1,3,0
2019-01-21,India,Asia,0.725,0.652,1.546,61.08,3.48,75.4124,4.01,42.1,52.4,20.6,0,No Event,0.11,High,10.0,0.69975,0.0623449575694389,0.677,58.02,0,2019,1,1,4,0
2019-01-28,India,Asia,0.734,0.677,2.065,61.75,2.25,74.7855,2.99,50.0,46.9,20.5,0,No Event,-0.29,High,10.0,0.713,0.0602313952586008,0.725,61.08,0,2019,1,1,5,0
2019-02-04,India,Asia,0.769,0.666,2.222,61.9,1.81,76.334,1.46,58.6,54.6,21.3,0,No Event,0.09,High,10.0,0.7262500000000001,0.0596079210601113,0.734,61.75,0,2019,2,1,6,0
2019-02-11,India,Asia,0.749,0.671,1.656,62.94,2.1,74.8108,0.14,49.5,55.3,29.0,0,No Event,0.4,High,10.0,0.7442500000000001,0.0617767965617956,0.769,61.9,0,2019,2,1,7,0
2019-02-18,India,Asia,0.74,0.688,2.025,64.09,2.3,74.4067,0.42,56.8,48.8,27.2,0,No Event,0.61,High,10.0,0.748,0.0606058030803865,0.749,62.94,0,2019,2,1,8,0
2019-02-25,India,Asia,0.722,0.653,1.989,61.33,1.7,75.1088,1.95,61.5,53.0,21.2,0,No Event,0.03,High,10.0,0.745,0.0458393145916925,0.74,64.09,0,2019,2,1,9,0
2019-03-04,India,Asia,0.773,0.727,1.776,64.78,3.45,74.4807,1.03,47.4,63.0,28.3,0,No Event,-0.61,High,10.0,0.746,0.0454558618237599,0.722,61.33,0,2019,3,1,10,0
2019-03-11,India,Asia,0.74,0.68,2.268,64.73,2.87,75.0466,0.39,64.2,59.1,28.7,0,No Event,0.54,High,10.0,0.74375,0.0457516100198647,0.773,64.78,0,2019,3,1,11,0
2019-03-18,India,Asia,0.747,0.679,2.165,62.97,1.62,75.2108,1.97,66.2,56.6,25.8,0,No Event,-0.59,High,10.0,0.7455,0.0454078741342004,0.74,64.73,0,2019,3,1,12,0
2019-03-25,India,Asia,0.818,0.745,2.477,69.12,2.21,73.6629,2.98,61.1,57.4,25.0,0,No Event,1.0,High,10.0,0.7695,0.049674546161799,0.747,62.97,0,2019,3,1,13,0
2019-04-01,India,Asia,0.725,0.644,1.793,61.04,2.1,75.799,0.71,55.4,47.3,24.1,0,No Event,0.34,High,10.0,0.7575,0.0607566671287358,0.818,69.12,0,2019,4,2,14,0
2019-04-08,India,Asia,0.758,0.697,2.205,64.41,2.94,74.0345,2.05,57.5,46.9,20.4,0,No Event,0.1,High,10.0,0.762,0.0590284584199695,0.725,61.04,0,2019,4,2,15,0
2019-04-15,India,Asia,0.714,0.668,2.138,59.99,2.96,75.4787,2.23,62.1,44.4,25.9,0,No Event,-0.5,High,10.0,0.75375,0.0588848508742261,0.758,64.41,0,2019,4,2,16,0
2019-04-22,India,Asia,0.748,0.646,2.126,61.71,1.75,73.9055,1.39,45.7,62.7,29.9,0,No Event,0.06,High,10.0,0.7362500000000001,0.0603990643564125,0.714,59.99,0,2019,4,2,17,0
2019-04-29,India,Asia,0.782,0.728,1.947,66.28,2.0,73.9968,0.83,60.5,33.6,22.5,0,No Event,-0.59,High,10.0,0.7505,0.0602532695944861,0.748,61.71,0,2019,4,2,18,0
2019-05-06,India,Asia,0.757,0.683,2.263,62.93,0.84,73.083,3.97,62.0,44.8,21.8,0,No Event,0.65,High,10.0,0.75025,0.0605388001719641,0.782,66.28,0,2019,5,2,19,0
2019-05-13,India,Asia,0.728,0.643,1.572,60.46,1.23,75.2322,1.7,49.9,63.1,24.3,0,No Event,0.01,High,10.0,0.75375,0.0615820410133905,0.757,62.93,0,2019,5,2,20,0
2019-05-20,India,Asia,0.734,0.649,1.878,61.76,2.23,73.8915,2.69,65.3,40.9,20.4,0,No Event,-0.94,High,10.0,0.7502500000000001,0.0611095760779802,0.728,60.46,0,2019,5,2,21,0
2019-05-27,India,Asia,0.788,0.749,2.133,67.32,1.91,75.3573,3.2,54.5,38.9,29.9,0,No Event,-0.27,High,10.0,0.75175,0.0614092968714139,0.734,61.76,0,2019,5,2,22,0
2019-06-03,India,Asia,0.746,0.677,1.507,61.98,2.34,73.87,-1.08,55.4,35.7,21.3,0,No Event,0.33,High,10.0,0.749,0.0622035868217835,0.788,67.32,0,2019,6,2,23,0
2019-06-10,India,Asia,0.824,0.715,1.959,68.46,1.71,73.3423,2.69,46.8,40.0,26.7,0,No Event,0.82,High,10.0,0.7729999999999999,0.0688755923376584,0.746,61.98,0,2019,6,2,24,0
2019-06-17,India,Asia,0.785,0.744,2.256,66.81,3.07,74.659,3.47,41.7,39.4,29.6,0,No Event,-0.47,High,10.0,0.78575,0.0651279151914624,0.824,68.46,0,2019,6,2,25,0
2019-06-24,India,Asia,0.804,0.702,1.757,65.53,2.13,74.4746,-0.57,51.7,30.8,20.0,0,No Event,-0.81,High,10.0,0.7897500000000001,0.0548882960543258,0.785,66.81,0,2019,6,2,26,0
2019-07-01,India,Asia,0.851,0.768,2.306,72.68,2.47,72.8973,2.19,65.7,36.3,23.5,0,No Event,-0.99,High,10.0,0.8160000000000001,0.055769205847317,0.804,65.53,0,2019,7,3,27,0
2019-07-08,India,Asia,0.789,0.749,1.969,68.81,3.22,73.6151,3.85,59.2,41.7,28.0,0,No Event,0.06,High,10.0,0.80725,0.0575728720416809,0.851,72.68,0,2019,7,3,28,0
2019-07-15,India,Asia,0.76,0.708,1.923,65.01,2.54,73.0358,2.17,46.8,38.5,22.0,0,No Event,-0.26,High,10.0,0.801,0.0576945523386455,0.789,68.81,0,2019,7,3,29,0
2019-07-22,India,Asia,0.804,0.754,2.336,67.47,3.04,74.6401,2.74,44.1,54.4,29.2,0,No Event,0.17,High,10.0,0.8009999999999999,0.0586341812082566,0.76,65.01,0,2019,7,3,30,0
2019-07-29,India,Asia,0.804,0.733,1.736,67.47,2.61,73.6472,0.35,51.2,53.8,27.9,0,No Event,0.15,High,10.0,0.78925,0.0575745919071496,0.804,67.47,0,2019,7,3,31,0
2019-08-05,India,Asia,0.832,0.772,2.449,70.59,2.13,74.7732,2.83,47.8,49.6,26.1,0,No Event,-0.37,High,10.0,0.8,0.0562521617803478,0.804,67.47,0,2019,8,3,32,0
2019-08-12,India,Asia,0.82,0.726,2.356,69.32,3.76,73.5975,-1.01,63.0,41.0,27.4,0,No Event,1.1,High,10.0,0.815,0.0567906686376261,0.832,70.59,0,2019,8,3,33,0
2019-08-19,India,Asia,0.817,0.768,2.176,71.04,1.75,73.9287,1.73,39.9,25.7,27.0,0,No Event,0.77,High,10.0,0.8182499999999999,0.0532910530628268,0.82,69.32,0,2019,8,3,34,0
2019-08-26,India,Asia,0.881,0.828,2.236,75.11,2.55,74.1904,0.45,47.5,45.0,27.2,0,No Event,-0.15,High,10.0,0.8374999999999999,0.0539009762066252,0.817,71.04,0,2019,8,3,35,0
2019-09-02,India,Asia,0.538,0.495,1.512,46.17,2.35,72.9648,0.77,52.7,22.0,23.6,0,No Event,-0.3,High,10.0,0.764,0.1233478159574628,0.881,75.11,0,2019,9,3,36,0
2019-09-09,India,Asia,0.523,0.472,1.508,44.53,2.47,73.5655,3.07,37.6,63.7,24.7,0,No Event,0.27,High,10.0,0.68975,0.1231680818775163,0.538,46.17,1,2019,9,3,37,0
2019-09-16,India,Asia,0.486,0.446,1.5,42.75,2.58,73.8445,-1.89,49.3,53.0,28.7,0,No Event,0.16,High,10.0,0.607,0.1228206323350875,0.523,44.53,0,2019,9,3,38,0
2019-09-23,India,Asia,0.52,0.48,1.5,44.28,2.31,72.355,2.07,43.3,49.0,21.2,0,No Event,-0.28,High,10.0,0.51675,0.1236343822119654,0.486,42.75,0,2019,9,3,39,0
2019-09-30,India,Asia,0.55,0.481,1.5,44.86,2.97,73.1745,0.72,42.2,61.8,28.8,0,No Event,1.18,High,10.0,0.51975,0.1253691310555983,0.52,44.28,0,2019,9,3,40,0
2019-10-07,India,Asia,0.588,0.533,1.5,48.92,2.03,73.4701,3.3,46.7,54.7,28.7,0,No Event,-0.16,High,10.0,0.536,0.1278089959302868,0.55,44.86,0,2019,10,4,41,0
2019-10-14,India,Asia,0.544,0.522,1.5,46.77,2.4,73.6825,0.83,38.8,36.9,28.1,0,No Event,-0.62,High,10.0,0.5505,0.1269961615731759,0.588,48.92,0,2019,10,4,42,0
2019-10-21,India,Asia,0.519,0.473,1.5,43.24,2.22,72.2569,1.01,33.9,55.2,25.6,0,No Event,-0.37,High,10.0,0.55025,0.1269462360624316,0.544,46.77,1,2019,10,4,43,0
2019-10-28,India,Asia,0.544,0.494,1.5,46.34,1.89,73.6869,-0.01,53.4,48.7,26.6,0,No Event,-0.68,High,10.0,0.54875,0.1275882078332576,0.519,43.24,0,2019,10,4,44,0
2019-11-04,India,Asia,0.588,0.556,1.5,50.78,2.87,73.4286,3.51,39.5,64.5,27.5,0,No Event,1.32,High,10.0,0.5487500000000001,0.1312407081944855,0.544,46.34,1,2019,11,4,45,0
2019-11-11,India,Asia,0.6,0.549,1.5,49.76,2.47,73.9446,0.82,48.8,57.4,25.0,0,No Event,0.34,High,10.0,0.56275,0.1316522978803809,0.588,50.78,0,2019,11,4,46,0
2019-11-18,India,Asia,0.549,0.508,1.5,46.24,2.42,72.2652,3.09,43.5,39.0,24.9,0,No Event,-0.92,High,10.0,0.5702499999999999,0.1295118200813933,0.6,49.76,0,2019,11,4,47,0
2019-11-25,India,Asia,0.582,0.544,1.586,49.18,2.61,72.8115,2.62,44.6,53.3,22.4,0,No Event,0.18,High,10.0,0.57975,0.0644850679366935,0.549,46.24,0,2019,11,4,48,0
2019-12-02,India,Asia,0.634,0.564,1.662,53.27,3.18,73.7538,1.51,52.1,68.4,26.6,0,No Event,-0.17,High,10.0,0.59125,0.067292446579098,0.582,49.18,0,2019,12,4,49,0
2019-12-09,India,Asia,0.63,0.549,1.5,51.56,2.0,74.6594,2.87,53.4,50.8,22.2,0,No Event,-0.42,High,10.0,0.59875,0.061899151826632,0.634,53.27,0,2019,12,4,50,0
2019-12-16,India,Asia,0.62,0.566,1.714,52.95,1.47,74.3204,0.85,46.5,61.6,22.5,0,No Event,-0.56,High,10.0,0.6165,0.0610117768470657,0.63,51.56,0,2019,12,4,51,0
2019-12-23,India,Asia,0.636,0.585,1.85,54.93,2.84,74.3205,0.36,54.8,73.7,22.0,0,No Event,-0.58,High,10.0,0.63,0.059734608741225,0.62,52.95,0,2019,12,4,52,0
2019-12-30,India,Asia,0.653,0.582,1.681,52.98,3.25,73.5764,2.3,49.7,58.2,24.2,0,No Event,0.31,High,10.0,0.63475,0.0573765413174887,0.636,54.93,0,2019,12,4,1,0
2020-01-06,India,Asia,0.68,0.623,2.002,57.09,2.0,74.5612,1.22,50.0,45.9,25.5,0,No Event,-1.04,High,10.0,0.6472500000000001,0.0511744435222997,0.653,52.98,0,2020,1,1,2,0
2020-01-13,India,Asia,0.617,0.553,1.5,51.13,2.27,74.3254,1.75,63.3,58.0,23.6,0,No Event,0.05,High,10.0,0.6465000000000001,0.0579670279600896,0.68,57.09,0,2020,1,1,3,0
2020-01-20,India,Asia,0.665,0.627,1.5,57.41,1.66,74.1599,5.48,49.2,49.3,26.1,0,No Event,1.24,High,10.0,0.65375,0.0600513733343296,0.617,51.13,0,2020,1,1,4,0
2020-01-27,India,Asia,0.701,0.617,1.672,58.24,2.75,73.5758,2.71,52.6,56.2,24.1,0,No Event,0.16,High,10.0,0.66575,0.0579884048158483,0.665,57.41,0,2020,1,1,5,0
2020-02-03,India,Asia,0.694,0.632,1.637,58.56,2.42,74.5392,1.74,57.3,70.1,45.9,1,COVID-19 Pandemic,0.19,High,10.0,0.66925,0.0584555411624488,0.701,58.24,0,2020,2,1,6,0
2020-02-10,India,Asia,0.807,0.708,1.909,66.24,4.99,72.5746,1.21,47.1,66.0,31.5,1,COVID-19 Pandemic,0.15,High,10.0,0.71675,0.0639048998326308,0.694,58.56,0,2020,2,1,7,0
2020-02-17,India,Asia,0.741,0.663,1.705,63.08,3.66,74.0835,2.5,65.1,62.0,45.8,1,COVID-19 Pandemic,-0.73,High,10.0,0.73575,0.0714102011550742,0.807,66.24,0,2020,2,1,8,0
2020-02-24,India,Asia,0.771,0.721,2.253,66.26,4.79,74.34,4.74,69.0,54.1,29.2,1,COVID-19 Pandemic,1.01,High,10.0,0.75325,0.0685969016675263,0.741,63.08,0,2020,2,1,9,0
2020-03-02,India,Asia,0.83,0.796,1.813,71.57,5.65,74.4098,3.67,63.6,47.3,37.0,1,COVID-19 Pandemic,-0.45,High,10.0,0.78725,0.0700215178528649,0.771,66.26,0,2020,3,1,10,0
2020-03-09,India,Asia,0.924,0.837,1.883,77.67,3.63,74.4405,4.24,61.3,42.1,42.9,1,COVID-19 Pandemic,-0.22,High,10.0,0.8165,0.072954749331819,0.83,71.57,0,2020,3,1,11,0
2020-03-16,India,Asia,0.828,0.789,1.93,70.98,5.48,74.1464,2.15,56.5,56.9,46.2,1,COVID-19 Pandemic,-0.3,High,10.0,0.8382499999999999,0.0834838992255865,0.924,77.67,0,2020,3,1,12,0
2020-03-23,India,Asia,0.98,0.871,2.402,79.67,4.25,75.609,0.2,69.5,45.4,42.6,1,COVID-19 Pandemic,0.94,High,10.0,0.8905,0.0951712004040526,0.828,70.98,0,2020,3,1,13,0
2020-03-30,India,Asia,0.905,0.845,2.597,77.87,3.29,74.7387,3.89,41.8,43.0,47.1,1,COVID-19 Pandemic,-0.73,High,10.0,0.90925,0.1007660673722546,0.98,79.67,0,2020,3,1,14,0
2020-04-06,India,Asia,0.918,0.852,2.448,78.21,0.93,73.5355,1.01,47.3,50.2,37.6,1,COVID-19 Pandemic,0.78,High,10.0,0.90775,0.0935314791833615,0.905,77.87,0,2020,4,2,15,0
2020-04-13,India,Asia,0.94,0.861,2.866,81.1,5.63,74.076,2.5,59.7,39.2,32.2,1,COVID-19 Pandemic,0.75,High,10.0,0.93575,0.092713784203441,0.918,78.21,0,2020,4,2,16,0
2020-04-20,India,Asia,1.01,0.9,2.078,82.77,4.65,74.5662,1.65,47.8,36.9,35.5,1,COVID-19 Pandemic,0.51,High,10.0,0.94325,0.0933174441243683,0.94,81.1,0,2020,4,2,17,0
2020-04-27,India,Asia,1.008,0.855,2.042,81.77,3.51,73.2426,2.26,53.9,43.6,40.8,1,COVID-19 Pandemic,-0.04,High,10.0,0.969,0.0929964462086596,1.01,82.77,0,2020,4,2,18,0
2020-05-04,India,Asia,0.98,0.881,2.172,82.96,5.33,74.6833,2.43,60.7,35.2,40.0,1,COVID-19 Pandemic,-0.43,High,10.0,0.9845,0.0852129355122534,1.008,81.77,0,2020,5,2,19,0
2020-05-11,India,Asia,1.06,0.951,2.883,87.8,1.63,72.6695,1.15,48.1,53.1,45.3,1,COVID-19 Pandemic,0.42,High,10.0,1.0145,0.0804713654977544,0.98,82.96,0,2020,5,2,20,0
2020-05-18,India,Asia,1.018,0.935,2.249,86.03,2.62,73.9522,4.87,55.0,52.3,28.7,0,No Event,-0.31,High,10.0,1.0165,0.0830898174430016,1.06,87.8,0,2020,5,2,21,0
2020-05-25,India,Asia,0.997,0.935,2.2,84.88,2.44,74.0139,1.41,55.0,45.3,28.8,0,No Event,-0.31,High,10.0,1.01375,0.0825033613448942,1.018,86.03,0,2020,5,2,22,0
2020-06-01,India,Asia,0.745,0.66,1.781,62.39,4.17,73.1826,0.6,45.5,35.5,47.1,1,COVID-19 Pandemic,-0.17,High,10.0,0.955,0.1079740055802004,0.997,84.88,0,2020,6,2,23,0
2020-06-08,India,Asia,0.682,0.624,2.033,57.15,1.96,74.9052,2.68,64.2,37.2,36.6,1,COVID-19 Pandemic,0.36,High,10.0,0.8605,0.1066155094998979,0.745,62.39,0,2020,6,2,24,0
2020-06-15,India,Asia,0.732,0.654,1.532,61.49,4.18,72.7018,3.43,59.3,51.5,39.2,1,COVID-19 Pandemic,0.96,High,10.0,0.789,0.092138599867494,0.682,57.15,0,2020,6,2,25,0
2020-06-22,India,Asia,0.625,0.586,1.828,52.04,2.9,74.1863,1.73,45.7,42.2,38.9,1,COVID-19 Pandemic,-0.33,High,10.0,0.696,0.0980491499992414,0.732,61.49,0,2020,6,2,26,0
2020-06-29,India,Asia,0.668,0.616,1.56,57.15,2.03,74.823,3.72,46.5,56.7,28.4,0,No Event,-0.01,High,10.0,0.67675,0.1012666148523728,0.625,52.04,0,2020,6,2,27,0
2020-07-06,India,Asia,0.668,0.625,1.587,55.72,4.01,74.892,2.28,66.3,41.0,40.8,1,COVID-19 Pandemic,0.42,High,10.0,0.67325,0.1005341034133363,0.668,57.15,0,2020,7,3,28,0
2020-07-13,India,Asia,0.652,0.613,1.833,55.76,3.04,74.78,2.5,52.1,48.2,36.1,1,COVID-19 Pandemic,0.75,High,10.0,0.6532500000000001,0.0957665021147807,0.668,55.72,0,2020,7,3,29,0
2020-07-20,India,Asia,0.595,0.575,1.753,51.77,2.0,74.2768,3.62,49.4,46.7,38.2,1,COVID-19 Pandemic,-0.69,High,10.0,0.64575,0.096574106559832,0.652,55.76,0,2020,7,3,30,0
2020-07-27,India,Asia,0.59,0.531,1.624,50.17,4.13,72.2159,1.19,49.2,50.7,49.2,1,COVID-19 Pandemic,-0.01,High,10.0,0.62625,0.0969266417945544,0.595,51.77,0,2020,7,3,31,0
2020-08-03,India,Asia,0.582,0.545,1.572,48.68,3.36,73.079,0.78,52.1,48.1,44.9,1,COVID-19 Pandemic,-0.12,High,10.0,0.6047499999999999,0.0900151950090075,0.59,50.17,0,2020,8,3,32,0
2020-08-10,India,Asia,0.575,0.518,1.5,48.57,3.4,73.3078,-1.69,42.2,39.5,44.1,1,COVID-19 Pandemic,0.31,High,10.0,0.5854999999999999,0.0905045347982315,0.582,48.68,0,2020,8,3,33,0
2020-08-17,India,Asia,0.587,0.509,1.512,48.67,5.72,74.0805,1.21,45.6,39.4,43.5,1,COVID-19 Pandemic,-0.59,High,10.0,0.5834999999999999,0.0921843403132853,0.575,48.57,0,2020,8,3,34,0
2020-08-24,India,Asia,0.562,0.535,1.5,48.22,4.58,73.5684,2.05,52.8,43.8,48.3,1,COVID-19 Pandemic,0.33,High,10.0,0.5765,0.0632761342785191,0.587,48.67,0,2020,8,3,35,0
2020-08-31,India,Asia,0.539,0.486,1.5,44.86,1.59,73.5845,2.34,61.0,46.7,27.2,0,No Event,0.34,High,10.0,0.56575,0.0605035820570614,0.562,48.22,0,2020,8,3,36,0
2020-09-07,India,Asia,0.584,0.508,1.5,47.79,2.87,73.5858,-1.26,45.0,43.0,21.3,0,No Event,-1.25,High,10.0,0.5680000000000001,0.061948531312472,0.539,44.86,0,2020,9,3,37,0
2020-09-14,India,Asia,0.574,0.507,1.5,47.15,2.68,73.4734,3.92,52.2,48.7,23.7,0,No Event,0.16,High,10.0,0.56475,0.0468019210271847,0.584,47.79,0,2020,9,3,38,0
2020-09-21,India,Asia,0.56,0.508,1.706,47.6,1.86,72.3745,3.98,37.4,42.7,22.4,0,No Event,0.19,High,10.0,0.56425,0.0405652519152424,0.574,47.15,1,2020,9,3,39,0
2020-09-28,India,Asia,0.585,0.516,1.5,48.15,2.54,74.7111,3.85,46.0,39.5,28.8,0,No Event,-0.58,High,10.0,0.57575,0.043862624562903,0.56,47.6,0,2020,9,3,40,0
2020-10-05,India,Asia,0.515,0.463,1.5,42.87,2.59,73.2083,2.2,34.6,53.2,26.0,0,No Event,0.32,High,10.0,0.5585,0.0541109464479063,0.585,48.15,1,2020,10,4,41,0
2020-10-12,India,Asia,0.53,0.492,1.5,45.4,3.1,72.9022,0.52,65.0,54.6,25.3,0,No Event,-1.04,High,10.0,0.5475000000000001,0.0508997214351654,0.515,42.87,0,2020,10,4,42,0
2020-10-19,India,Asia,0.55,0.502,1.576,47.78,2.88,74.1615,3.7,45.9,51.6,22.0,0,No Event,0.79,High,10.0,0.545,0.0526116039509264,0.53,45.4,0,2020,10,4,43,0
2020-10-26,India,Asia,0.567,0.499,1.5,47.56,3.31,74.3765,1.93,48.4,60.8,21.0,0,No Event,0.57,High,10.0,0.5405,0.0534770804923549,0.55,47.78,0,2020,10,4,44,0
2020-11-02,India,Asia,0.588,0.509,1.581,48.24,1.9,72.9432,4.94,50.5,56.3,23.2,0,No Event,0.14,High,10.0,0.55875,0.0544105212477318,0.567,47.56,0,2020,11,4,45,0
2020-11-09,India,Asia,0.577,0.545,1.595,49.94,2.41,73.2373,1.58,54.1,53.9,23.4,0,No Event,-0.27,High,10.0,0.5705,0.0544455628901918,0.588,48.24,0,2020,11,4,46,0
2020-11-16,India,Asia,0.637,0.541,1.511,52.0,2.84,72.8588,3.44,52.5,66.2,22.6,0,No Event,0.57,High,10.0,0.5922499999999999,0.0601721120189555,0.577,49.94,0,2020,11,4,47,0
2020-11-23,India,Asia,0.602,0.526,1.5,49.15,1.85,73.7,0.35,42.0,52.0,28.9,0,No Event,0.05,High,10.0,0.601,0.0614200485673702,0.637,52.0,0,2020,11,4,48,0
2020-11-30,India,Asia,0.617,0.569,1.5,51.79,2.61,74.3736,1.75,51.6,57.6,29.6,0,No Event,0.21,High,10.0,0.60825,0.0573275524499953,0.602,49.15,0,2020,11,4,49,0
2020-12-07,India,Asia,0.618,0.546,1.775,51.56,2.8,73.7499,0.24,45.4,67.1,23.2,0,No Event,0.14,High,10.0,0.6184999999999999,0.0568901370598578,0.617,51.79,0,2020,12,4,50,0
2020-12-14,India,Asia,0.619,0.556,1.5,53.41,1.8,73.4395,3.49,50.1,51.3,26.7,0,No Event,-0.2,High,10.0,0.614,0.0560460418065359,0.618,51.56,0,2020,12,4,51,0
2020-12-21,India,Asia,0.647,0.583,1.909,56.0,2.06,73.9689,2.11,54.6,49.2,27.1,0,No Event,0.05,High,10.0,0.62525,0.0560796606438221,0.619,53.41,0,2020,12,4,52,0
2020-12-28,India,Asia,0.672,0.624,2.011,57.23,2.1,72.8563,1.79,62.7,41.5,26.0,0,No Event,-0.32,High,10.0,0.639,0.0387823210501465,0.647,56.0,0,2020,12,4,53,0
2021-01-04,India,Asia,0.7,0.618,1.616,57.2,1.72,74.2558,0.23,56.3,45.8,29.8,0,No Event,0.09,High,10.0,0.6595,0.0391269639613409,0.672,57.23,0,2021,1,1,1,0
2021-01-11,India,Asia,0.744,0.652,1.627,60.54,2.86,74.5638,1.66,48.8,42.6,26.5,0,No Event,-0.13,High,10.0,0.69075,0.0405659482823611,0.7,57.2,0,2021,1,1,2,0
2021-01-18,India,Asia,0.755,0.686,1.544,62.36,2.68,75.3007,2.27,48.7,51.7,23.5,0,No Event,-0.39,High,10.0,0.71775,0.0406640168158095,0.744,60.54,0,2021,1,1,3,0
2021-01-25,India,Asia,0.744,0.685,1.505,62.01,2.91,74.9568,1.9,50.8,45.8,20.0,0,No Event,-0.13,High,10.0,0.73575,0.0419707745899198,0.755,62.36,0,2021,1,1,4,0
2021-02-01,India,Asia,0.704,0.659,1.64,60.58,2.27,74.1633,3.55,66.3,57.6,28.2,0,No Event,-0.03,High,10.0,0.73675,0.0459830700484993,0.744,62.01,0,2021,2,1,5,0
2021-02-08,India,Asia,0.756,0.691,1.841,63.3,2.39,74.208,1.35,64.1,55.2,21.5,0,No Event,0.37,High,10.0,0.73975,0.0414405817686785,0.704,60.58,0,2021,2,1,6,0
2021-02-15,India,Asia,0.753,0.68,2.177,63.53,3.03,74.4137,1.81,43.4,57.8,26.0,0,No Event,0.25,High,10.0,0.73925,0.0358343689771805,0.756,63.3,0,2021,2,1,7,0
2021-02-22,India,Asia,0.79,0.737,1.715,66.39,3.14,73.7451,2.75,41.8,64.9,29.9,0,No Event,-0.39,High,10.0,0.75075,0.0368407756953613,0.753,63.53,0,2021,2,1,8,0
2021-03-01,India,Asia,0.76,0.709,1.766,64.14,2.75,74.6343,2.29,49.4,39.6,29.6,0,No Event,-0.44,High,10.0,0.76475,0.0403791941945914,0.79,66.39,0,2021,3,1,9,0
2021-03-08,India,Asia,0.778,0.697,1.676,63.71,3.51,72.7522,2.32,54.6,45.8,26.7,0,No Event,0.13,High,10.0,0.77025,0.0400602166659101,0.76,64.14,0,2021,3,1,10,0
2021-03-15,India,Asia,0.856,0.775,2.52,71.64,3.63,74.1373,2.04,31.6,45.9,21.0,0,No Event,-0.18,High,10.0,0.796,0.0459336607535185,0.778,63.71,1,2021,3,1,11,0
2021-03-22,India,Asia,0.768,0.671,1.693,63.28,2.94,74.4895,1.26,64.4,48.0,23.6,0,No Event,0.16,High,10.0,0.7905000000000001,0.0584360658618909,0.856,71.64,0,2021,3,1,12,0
2021-03-29,India,Asia,0.74,0.668,1.822,62.55,2.67,74.0844,2.78,55.8,59.0,21.3,0,No Event,-0.18,High,10.0,0.7855,0.0592693358621859,0.768,63.28,0,2021,3,1,13,0
2021-04-05,India,Asia,0.77,0.685,1.997,65.09,2.79,74.5615,1.17,54.3,46.8,29.6,0,No Event,-0.13,High,10.0,0.7835,0.0576600825092285,0.74,62.55,0,2021,4,2,14,0
2021-04-12,India,Asia,0.814,0.721,2.062,67.85,3.21,74.3095,3.12,77.7,59.6,25.0,0,No Event,0.24,High,10.0,0.773,0.0596173265601985,0.77,65.09,0,2021,4,2,15,0
2021-04-19,India,Asia,0.807,0.688,2.314,66.68,2.5,74.8831,1.72,56.9,44.9,20.3,0,No Event,0.02,High,10.0,0.78275,0.0594371936071183,0.814,67.85,0,2021,4,2,16,0
2021-04-26,India,Asia,0.78,0.717,1.703,67.14,2.88,75.2242,2.3,47.8,49.3,20.3,0,No Event,0.1,High,10.0,0.7927500000000001,0.0577715592946001,0.807,66.68,0,2021,4,2,17,0
2021-05-03,India,Asia,0.735,0.683,1.699,63.28,1.81,74.1424,3.29,64.8,59.5,21.0,0,No Event,0.73,High,10.0,0.784,0.057052139949037,0.78,67.14,0,2021,5,2,18,0
2021-05-10,India,Asia,0.734,0.663,1.837,61.57,3.84,73.5943,-0.78,42.2,61.7,23.0,0,No Event,-0.88,High,10.0,0.764,0.0570441461081615,0.735,63.28,0,2021,5,2,19,0
2021-05-17,India,Asia,0.805,0.708,1.607,65.24,2.86,74.3835,-0.98,65.6,49.5,24.6,0,No Event,-0.05,High,10.0,0.7635000000000001,0.0622371571830846,0.734,61.57,0,2021,5,2,20,0
2021-05-24,India,Asia,0.727,0.651,1.901,61.04,2.85,73.2725,1.44,44.4,55.2,20.8,0,No Event,-0.43,High,10.0,0.75025,0.0678622527733006,0.805,65.24,0,2021,5,2,21,0
2021-05-31,India,Asia,0.748,0.664,1.579,61.48,2.57,75.2547,4.12,61.8,42.1,20.2,0,No Event,0.67,High,10.0,0.7535000000000001,0.0680546093492662,0.727,61.04,0,2021,5,2,22,0
2021-06-07,India,Asia,0.726,0.653,1.787,60.47,2.65,74.5557,3.59,61.6,66.0,28.0,0,No Event,1.08,High,10.0,0.7515000000000001,0.0603488718180969,0.748,61.48,0,2021,6,2,23,0
2021-06-14,India,Asia,0.681,0.63,1.814,57.19,2.55,73.8214,0.58,60.3,41.5,23.4,0,No Event,0.63,High,10.0,0.7204999999999999,0.0557362222299019,0.726,60.47,0,2021,6,2,24,0
2021-06-21,India,Asia,0.664,0.609,2.004,56.45,2.65,72.9216,1.8,60.2,51.7,26.1,0,No Event,0.31,High,10.0,0.70475,0.0553100521558784,0.681,57.19,0,2021,6,2,25,0
2021-06-28,India,Asia,0.68,0.622,1.771,56.97,2.49,72.926,3.34,46.5,40.7,22.8,0,No Event,0.32,High,10.0,0.68775,0.0542018205628256,0.664,56.45,0,2021,6,2,26,0
2021-07-05,India,Asia,0.656,0.599,1.918,55.26,2.85,73.4707,3.25,60.8,32.1,20.6,0,No Event,0.12,High,10.0,0.6702500000000001,0.0503878197777388,0.68,56.97,0,2021,7,3,27,0
2021-07-12,India,Asia,0.603,0.532,1.74,51.24,2.42,72.0949,2.3,49.2,49.6,22.6,0,No Event,0.23,High,10.0,0.6507499999999999,0.0535483412249283,0.656,55.26,0,2021,7,3,28,0
2021-07-19,India,Asia,0.631,0.587,1.5,52.96,2.94,74.0215,2.85,51.1,45.0,20.3,0,No Event,-0.46,High,10.0,0.6425000000000001,0.056945065532664,0.603,51.24,0,2021,7,3,29,0
2021-07-26,India,Asia,0.638,0.58,1.709,52.96,2.53,72.3886,0.56,47.1,48.3,29.0,0,No Event,0.49,High,10.0,0.632,0.0558199052679191,0.631,52.96,0,2021,7,3,30,0
2021-08-02,India,Asia,0.586,0.566,1.734,49.77,2.55,72.9966,4.89,49.6,50.5,26.5,0,No Event,-0.55,High,10.0,0.6144999999999999,0.0593382377637545,0.638,52.96,0,2021,8,3,31,0
2021-08-09,India,Asia,0.575,0.55,1.736,49.74,3.2,72.6981,1.42,45.8,41.7,28.7,0,No Event,0.09,High,10.0,0.6075,0.0473821655003539,0.586,49.77,0,2021,8,3,32,0
2021-08-16,India,Asia,0.587,0.545,1.799,51.12,3.12,73.464,2.06,42.5,46.9,25.5,0,No Event,0.5,High,10.0,0.5964999999999999,0.0435371015966159,0.575,49.74,0,2021,8,3,33,0
2021-08-23,India,Asia,0.548,0.485,1.5,45.39,2.93,73.0618,0.91,54.9,48.3,29.9,0,No Event,0.23,High,10.0,0.574,0.043142491616815,0.587,51.12,0,2021,8,3,34,0
2021-08-30,India,Asia,0.54,0.51,1.627,46.6,2.84,72.9516,2.57,52.9,63.0,26.7,0,No Event,-0.76,High,10.0,0.5625,0.0432079877242192,0.548,45.39,0,2021,8,3,35,0
2021-09-06,India,Asia,0.549,0.51,1.5,46.33,2.38,73.7193,0.88,51.0,42.9,24.9,0,No Event,-0.5,High,10.0,0.556,0.0428010313859302,0.54,46.6,0,2021,9,3,36,0
2021-09-13,India,Asia,0.571,0.511,1.621,47.36,2.35,71.9498,1.24,46.5,53.8,21.7,0,No Event,0.71,High,10.0,0.552,0.045710552477429,0.549,46.33,0,2021,9,3,37,0
2021-09-20,India,Asia,0.553,0.512,1.5,47.92,3.26,73.6031,1.37,46.6,48.8,26.2,0,No Event,0.25,High,10.0,0.55325,0.0445773009033474,0.571,47.36,0,2021,9,3,38,0
2021-09-27,India,Asia,0.589,0.539,1.515,49.89,3.19,72.8814,3.03,59.1,50.7,26.5,0,No Event,0.42,High,10.0,0.5655,0.0497752719055355,0.553,47.92,0,2021,9,3,39,0
2021-10-04,India,Asia,0.592,0.552,1.66,49.75,1.27,72.7069,2.69,53.2,47.7,20.2,0,No Event,-0.87,High,10.0,0.5762499999999999,0.0441835122015563,0.589,49.89,0,2021,10,4,40,0
2021-10-11,India,Asia,0.577,0.528,1.63,47.37,3.0,73.2142,4.48,43.4,62.2,29.4,0,No Event,0.87,High,10.0,0.57775,0.0420397785978555,0.592,49.75,0,2021,10,4,41,0
2021-10-18,India,Asia,0.585,0.53,1.74,48.86,3.54,73.5285,1.96,50.0,60.6,24.3,0,No Event,-1.27,High,10.0,0.58575,0.0421533117251271,0.577,47.37,0,2021,10,4,42,0
2021-10-25,India,Asia,0.545,0.481,1.519,45.57,2.08,72.9306,3.78,43.1,63.8,25.3,0,No Event,0.24,High,10.0,0.57475,0.0401488535057487,0.585,48.86,0,2021,10,4,43,0
2021-11-01,India,Asia,0.583,0.539,1.5,49.12,3.07,72.0952,-0.91,48.6,54.8,29.9,0,No Event,-0.38,High,10.0,0.5725,0.0452494121693463,0.545,45.57,0,2021,11,4,44,0
2021-11-08,India,Asia,0.584,0.512,1.7,49.82,2.8,72.7405,0.76,33.8,50.3,25.2,0,No Event,-0.36,High,10.0,0.5742499999999999,0.0448630353638856,0.583,49.12,1,2021,11,4,45,0
2021-11-15,India,Asia,0.597,0.548,1.682,50.74,2.81,74.5287,2.8,54.8,61.1,26.5,0,No Event,-0.13,High,10.0,0.57725,0.0398601543127374,0.584,49.82,0,2021,11,4,46,0
2021-11-22,India,Asia,0.604,0.534,1.5,49.66,3.11,74.5074,5.22,39.3,48.6,26.3,0,No Event,-0.7,High,10.0,0.592,0.0392294673581113,0.597,50.74,1,2021,11,4,47,0
2021-11-29,India,Asia,0.651,0.589,1.5,54.64,3.17,72.6357,1.41,47.5,64.8,23.7,0,No Event,0.31,High,10.0,0.609,0.0438605267951056,0.604,49.66,0,2021,11,4,48,0
2021-12-06,India,Asia,0.676,0.6,1.603,55.3,3.6,74.6742,4.47,50.3,62.3,29.0,0,No Event,0.01,High,10.0,0.632,0.0437769054905275,0.651,54.64,0,2021,12,4,49,0
2021-12-13,India,Asia,0.688,0.605,1.789,56.23,2.34,75.0157,2.93,51.4,66.7,23.0,0,No Event,-0.27,High,10.0,0.6547499999999999,0.0412504287606875,0.676,55.3,0,2021,12,4,50,0
2021-12-20,India,Asia,0.675,0.614,1.527,57.39,2.36,73.8388,0.81,53.3,54.5,23.1,0,No Event,-0.29,High,10.0,0.6725,0.0398461533468705,0.688,56.23,0,2021,12,4,51,0
2021-12-27,India,Asia,0.699,0.637,1.953,59.24,3.39,74.8449,6.07,56.2,69.6,20.6,0,No Event,0.4,High,10.0,0.6845,0.0403235323463894,0.675,57.39,0,2021,12,4,52,0
2022-01-03,India,Asia,0.719,0.654,1.5,59.05,2.22,74.9948,3.08,50.1,40.4,23.8,0,No Event,0.62,High,10.0,0.6952499999999999,0.0384182525743733,0.699,59.24,0,2022,1,1,1,0
2022-01-10,India,Asia,0.679,0.643,1.715,60.58,2.96,74.6235,1.71,59.0,54.7,28.6,0,No Event,-0.25,High,10.0,0.6930000000000001,0.0441091040655701,0.719,59.05,0,2022,1,1,2,0
2022-01-17,India,Asia,0.741,0.652,2.141,61.83,2.9,73.9949,0.6,53.2,69.7,24.5,0,No Event,0.52,High,10.0,0.7095,0.0411905769342799,0.679,60.58,0,2022,1,1,3,0
2022-01-24,India,Asia,0.724,0.633,1.615,60.5,2.74,74.6916,1.6,42.8,53.9,24.0,0,No Event,-0.87,High,10.0,0.71575,0.0410764742121068,0.741,61.83,0,2022,1,1,4,0
2022-01-31,India,Asia,0.734,0.664,2.111,59.64,2.29,74.2797,1.12,70.4,75.1,27.4,0,No Event,0.27,High,10.0,0.7195,0.0407616696111611,0.724,60.5,0,2022,1,1,5,0
2022-02-07,India,Asia,0.769,0.705,2.114,65.38,3.45,74.6285,2.63,53.3,52.6,23.9,0,No Event,-0.08,High,10.0,0.742,0.0415440979029867,0.734,59.64,0,2022,2,1,6,0
2022-02-14,India,Asia,0.835,0.743,2.127,70.94,2.72,74.5815,1.66,63.1,38.2,20.1,0,No Event,0.94,High,10.0,0.7655,0.0452074174073122,0.769,65.38,0,2022,2,1,7,0
2022-02-21,India,Asia,0.944,0.828,2.371,77.49,3.16,74.8252,0.43,59.3,54.1,20.5,0,No Event,-0.0,High,10.0,0.8205,0.0524429673450478,0.835,70.94,0,2022,2,1,8,0
2022-02-28,India,Asia,0.868,0.802,2.622,74.64,7.56,74.5558,2.94,59.6,56.8,44.6,1,Russia-Ukraine War,0.08,High,10.0,0.854,0.0616815632735425,0.944,77.49,0,2022,2,1,9,0
2022-03-07,India,Asia,0.928,0.842,2.148,77.88,2.51,73.4011,0.31,62.5,55.8,27.7,0,No Event,-0.38,High,10.0,0.89375,0.0630695699898803,0.868,74.64,0,2022,3,1,10,0
2022-03-14,India,Asia,0.907,0.825,2.57,75.32,2.93,75.0211,1.45,42.3,48.7,22.2,0,No Event,-1.48,High,10.0,0.91175,0.0633254958744058,0.928,77.88,0,2022,3,1,11,0
2022-03-21,India,Asia,0.926,0.863,2.627,80.68,2.28,74.3663,2.36,62.9,52.4,29.0,0,No Event,-0.0,High,10.0,0.90725,0.0632807876983011,0.907,75.32,0,2022,3,1,12,0
2022-03-28,India,Asia,0.987,0.866,2.255,82.27,3.04,74.8303,1.2,71.0,47.5,28.8,0,No Event,-0.18,High,10.0,0.937,0.0643519236101285,0.926,80.68,0,2022,3,1,13,0
2022-04-04,India,Asia,0.994,0.964,2.547,85.96,2.35,74.3015,-0.84,54.8,34.2,25.5,0,No Event,-0.11,High,10.0,0.9535,0.0592301079171542,0.987,82.27,0,2022,4,2,14,0
2022-04-11,India,Asia,0.943,0.895,2.219,81.23,7.86,75.0187,3.85,63.7,53.7,35.9,1,Russia-Ukraine War,-0.17,High,10.0,0.9625,0.0609349464062981,0.994,85.96,0,2022,4,2,15,0
2022-04-18,India,Asia,0.954,0.83,2.103,78.35,2.31,75.1258,0.77,55.2,52.4,29.3,0,No Event,0.07,High,10.0,0.9695,0.0594166995677878,0.943,81.23,0,2022,4,2,16,0
2022-04-25,India,Asia,1.038,0.958,2.715,85.74,3.01,74.4062,4.14,60.6,52.7,25.0,0,No Event,0.22,High,10.0,0.98225,0.061973566096538,0.954,78.35,0,2022,4,2,17,0
2022-05-02,India,Asia,0.953,0.867,2.148,81.74,2.79,72.7984,2.81,54.5,45.7,24.0,0,No Event,0.02,High,10.0,0.972,0.0696236641218282,1.038,85.74,0,2022,5,2,18,0
2022-05-09,India,Asia,0.98,0.924,2.765,85.47,5.94,74.2859,3.22,54.3,61.7,36.7,1,Russia-Ukraine War,-0.4,High,10.0,0.98125,0.0666125936985122,0.953,81.74,0,2022,5,2,19,0
2022-05-16,India,Asia,0.99,0.965,2.258,86.12,1.58,73.2967,-1.28,57.7,51.5,21.5,0,No Event,0.26,High,10.0,0.99025,0.0559080324157238,0.98,85.47,0,2022,5,2,20,0
2022-05-23,India,Asia,1.042,0.944,2.48,90.35,4.58,74.6012,1.28,48.3,52.3,46.0,1,Russia-Ukraine War,-0.55,High,10.0,0.99125,0.0502222430085364,0.99,86.12,0,2022,5,2,21,0
2022-05-30,India,Asia,0.742,0.7,2.073,64.0,7.11,73.3069,2.76,46.9,47.5,33.9,1,Russia-Ukraine War,-0.64,High,10.0,0.9385,0.0986345783902325,1.042,90.35,0,2022,5,2,22,0
2022-06-06,India,Asia,0.779,0.713,1.696,64.11,2.73,74.5394,2.71,55.3,45.1,23.7,0,No Event,-0.44,High,10.0,0.88825,0.1002155378403327,0.742,64.0,0,2022,6,2,23,0
2022-06-13,India,Asia,0.729,0.685,1.841,62.43,2.11,73.9022,1.53,47.4,40.6,24.7,0,No Event,0.23,High,10.0,0.823,0.1010506557930101,0.779,64.11,0,2022,6,2,24,0
2022-06-20,India,Asia,0.693,0.639,2.007,57.87,3.08,74.1744,2.56,62.9,55.5,27.7,0,No Event,-0.01,High,10.0,0.73575,0.0981732350719166,0.729,62.43,0,2022,6,2,25,0
2022-06-27,India,Asia,0.668,0.617,1.922,56.56,1.76,74.2005,1.15,47.1,45.8,21.8,0,No Event,0.23,High,10.0,0.7172499999999999,0.0977237587371951,0.693,57.87,0,2022,6,2,26,0
2022-07-04,India,Asia,0.656,0.606,1.5,57.14,3.54,75.1261,2.41,41.2,41.4,23.1,0,No Event,-0.21,High,10.0,0.6865,0.097459230465309,0.668,56.56,0,2022,7,3,27,0
2022-07-11,India,Asia,0.632,0.584,1.5,53.16,2.19,74.3092,1.23,47.0,42.3,22.3,0,No Event,-0.36,High,10.0,0.66225,0.0968143771213495,0.656,57.14,0,2022,7,3,28,0
2022-07-18,India,Asia,0.704,0.63,1.579,58.19,1.66,73.685,3.99,60.5,34.3,23.1,0,No Event,-1.02,High,10.0,0.665,0.0998913473250519,0.632,53.16,0,2022,7,3,29,0
2022-07-25,India,Asia,0.668,0.588,1.785,55.76,3.16,73.1636,3.17,46.1,42.4,20.7,0,No Event,-0.09,High,10.0,0.665,0.098731597778786,0.704,58.19,0,2022,7,3,30,0
2022-08-01,India,Asia,0.619,0.553,1.832,51.51,7.06,74.5577,2.25,38.4,37.6,47.8,1,Russia-Ukraine War,0.06,High,10.0,0.6557499999999999,0.0981909878323953,0.668,55.76,0,2022,8,3,31,0
2022-08-08,India,Asia,0.588,0.521,1.5,48.03,2.42,74.4643,3.23,38.6,35.9,27.7,0,No Event,0.25,High,10.0,0.6447499999999999,0.0973457044081287,0.619,51.51,0,2022,8,3,32,0
2022-08-15,India,Asia,0.635,0.582,1.814,53.77,2.94,74.3217,3.23,45.6,40.0,20.3,0,No Event,0.06,High,10.0,0.6275,0.0999376174609171,0.588,48.03,0,2022,8,3,33,0
2022-08-22,India,Asia,0.589,0.549,1.57,49.04,2.15,74.9055,3.87,37.3,58.7,26.6,0,No Event,-0.42,High,10.0,0.60775,0.0629135824673628,0.635,53.77,1,2022,8,3,34,0
2022-08-29,India,Asia,0.607,0.556,1.837,52.12,2.92,74.2416,0.9,48.2,47.2,22.8,0,No Event,0.7,High,10.0,0.60475,0.0612654933229005,0.589,49.04,0,2022,8,3,35,0
2022-09-05,India,Asia,0.541,0.484,1.635,45.85,1.79,74.9032,0.85,54.3,52.7,21.2,0,No Event,0.3,High,10.0,0.593,0.0654646127325276,0.607,52.12,0,2022,9,3,36,0
2022-09-12,India,Asia,0.547,0.49,1.5,45.73,3.19,74.0173,1.6,33.0,60.3,27.9,0,No Event,0.27,High,10.0,0.571,0.0655439532812245,0.541,45.85,1,2022,9,3,37,0
2022-09-19,India,Asia,0.572,0.504,1.5,48.09,3.31,73.4113,4.6,29.4,48.7,27.6,0,No Event,-0.19,High,10.0,0.56675,0.0676624063994226,0.547,45.73,1,2022,9,3,38,0
2022-09-26,India,Asia,0.568,0.525,1.5,47.54,2.84,73.5834,3.96,42.1,53.1,23.1,0,No Event,0.23,High,10.0,0.5569999999999999,0.0676302814135667,0.572,48.09,0,2022,9,3,39,0
2022-10-03,India,Asia,0.587,0.531,1.58,48.74,1.79,73.1753,0.62,51.9,52.4,24.3,0,No Event,0.69,High,10.0,0.5685,0.0681327427278456,0.568,47.54,0,2022,10,4,40,0
2022-10-10,India,Asia,0.583,0.52,1.654,49.51,7.08,73.637,-0.07,47.5,53.9,69.5,1,Russia-Ukraine War,0.21,High,10.0,0.5774999999999999,0.0571666662108752,0.587,48.74,0,2022,10,4,41,0
2022-10-17,India,Asia,0.58,0.528,1.5,48.0,3.07,73.7546,0.45,35.8,54.9,26.6,0,No Event,-0.07,High,10.0,0.5794999999999999,0.0559850317269801,0.583,49.51,1,2022,10,4,42,0
2022-10-24,India,Asia,0.579,0.536,1.698,49.76,1.87,73.298,0.0,45.9,45.2,27.0,0,No Event,-0.16,High,10.0,0.5822499999999999,0.0523437438333238,0.58,48.0,0,2022,10,4,43,0
2022-10-31,India,Asia,0.615,0.542,1.5,50.38,4.42,73.4155,-0.18,54.2,52.1,51.4,1,Russia-Ukraine War,0.69,High,10.0,0.5892499999999999,0.0534313455451953,0.579,49.76,0,2022,10,4,44,0
2022-11-07,India,Asia,0.595,0.53,1.5,49.91,3.46,73.3615,1.97,46.1,47.6,28.1,0,No Event,-0.83,High,10.0,0.5922499999999999,0.0487695093889279,0.615,50.38,0,2022,11,4,45,0
2022-11-14,India,Asia,0.634,0.578,1.502,53.36,2.54,73.1136,-0.26,46.8,49.9,20.7,0,No Event,0.66,High,10.0,0.60575,0.047488612091492,0.595,49.91,0,2022,11,4,46,0
2022-11-21,India,Asia,0.6,0.55,1.601,50.72,3.19,74.4552,1.56,55.8,61.0,27.7,0,No Event,-0.23,High,10.0,0.611,0.049884701807914,0.634,53.36,0,2022,11,4,47,0
2022-11-28,India,Asia,0.569,0.518,1.667,48.32,6.23,73.5352,5.25,49.5,62.7,61.4,1,Russia-Ukraine War,0.13,High,10.0,0.5994999999999999,0.0403686842161445,0.6,50.72,0,2022,11,4,48,0
2022-12-05,India,Asia,0.678,0.604,1.839,57.16,2.79,73.5935,3.15,66.8,63.5,28.4,0,No Event,0.28,High,10.0,0.62025,0.0674176764055933,0.569,48.32,0,2022,12,4,49,0
2022-12-12,India,Asia,0.685,0.621,1.713,57.36,3.33,73.8577,0.77,59.1,53.0,28.2,0,No Event,0.21,High,10.0,0.633,0.0669632828423892,0.678,57.16,0,2022,12,4,50,0
2022-12-19,India,Asia,0.642,0.576,1.775,53.84,1.87,74.2252,1.93,47.6,43.4,20.8,0,No Event,0.67,High,10.0,0.6435,0.0706200345065244,0.685,57.36,0,2022,12,4,51,0
2022-12-26,India,Asia,0.702,0.652,1.5,59.88,2.57,74.6254,-0.7,43.1,49.0,23.2,0,No Event,-0.92,High,10.0,0.67675,0.0742761296243812,0.642,53.84,0,2022,12,4,52,0
2023-01-02,India,Asia,0.745,0.626,2.003,60.1,2.3,73.7532,3.32,59.2,65.3,29.6,0,No Event,-0.2,High,10.0,0.6935,0.0748556911747455,0.702,59.88,0,2023,1,1,1,0
2023-01-09,India,Asia,0.768,0.707,2.058,64.3,3.19,73.7292,1.95,44.0,54.2,27.2,0,No Event,0.29,High,10.0,0.71425,0.0743417248401201,0.745,60.1,0,2023,1,1,2,0
2023-01-16,India,Asia,0.762,0.71,1.694,63.39,1.76,73.0641,1.67,55.5,55.8,21.9,0,No Event,0.03,High,10.0,0.7442500000000001,0.0745691114946727,0.768,64.3,0,2023,1,1,3,0
2023-01-23,India,Asia,0.779,0.713,2.041,66.62,2.44,74.2449,2.21,53.0,47.2,22.1,0,No Event,0.52,High,10.0,0.7635000000000001,0.0736724596524681,0.762,63.39,0,2023,1,1,4,0
2023-01-30,India,Asia,0.804,0.727,1.724,68.3,2.6,74.818,-0.06,37.3,50.9,26.3,0,No Event,-0.46,High,10.0,0.77825,0.0716391897248955,0.779,66.62,1,2023,1,1,5,0
2023-02-06,India,Asia,0.8,0.722,1.681,66.14,3.28,74.5523,-0.37,45.9,58.5,20.5,0,No Event,0.29,High,10.0,0.78625,0.0711366760709198,0.804,68.3,0,2023,2,1,6,0
2023-02-13,India,Asia,0.821,0.738,1.909,68.96,4.46,74.0215,2.75,47.7,66.6,39.0,1,Russia-Ukraine War,-0.18,High,10.0,0.8009999999999999,0.0670625076979357,0.8,66.14,0,2023,2,1,7,0
2023-02-20,India,Asia,0.791,0.705,2.287,65.88,2.74,74.2371,1.43,46.8,63.4,24.8,0,No Event,0.82,High,10.0,0.804,0.0655456165654554,0.821,68.96,0,2023,2,1,8,0
2023-02-27,India,Asia,0.82,0.753,2.03,69.77,3.02,73.2985,2.33,52.6,37.1,29.8,0,No Event,-0.54,High,10.0,0.808,0.0416671792285701,0.791,65.88,0,2023,2,1,9,0
2023-03-06,India,Asia,0.778,0.744,1.874,66.78,2.24,73.0497,0.2,74.8,57.1,23.8,0,No Event,0.7,High,10.0,0.8025,0.04608476479728,0.82,69.77,0,2023,3,1,10,0
2023-03-13,India,Asia,0.828,0.745,1.818,69.39,2.39,75.4714,0.06,51.1,52.8,25.0,0,No Event,0.16,High,10.0,0.80425,0.0418344430369059,0.778,66.78,0,2023,3,1,11,0
2023-03-20,India,Asia,0.857,0.765,2.083,70.53,2.69,74.3246,3.31,56.8,62.8,22.3,0,No Event,0.5,High,10.0,0.8207500000000001,0.0357461656203463,0.828,69.39,0,2023,3,1,12,0
2023-03-27,India,Asia,0.787,0.701,2.317,66.33,2.63,75.0017,3.5,54.9,54.8,26.5,0,No Event,0.08,High,10.0,0.8125,0.0428870210388152,0.857,70.53,0,2023,3,1,13,0
2023-04-03,India,Asia,0.78,0.729,1.858,66.2,3.33,75.8361,2.96,58.8,37.1,26.1,0,No Event,-0.09,High,10.0,0.813,0.0422750183377947,0.787,66.33,0,2023,4,2,14,0
2023-04-10,India,Asia,0.753,0.7,1.757,66.3,3.55,75.394,1.4,63.9,36.7,26.1,0,No Event,0.1,High,10.0,0.79425,0.0435369333749807,0.78,66.2,0,2023,4,2,15,0
2023-04-17,India,Asia,0.792,0.741,2.028,66.31,2.76,73.5914,0.71,62.1,43.3,25.4,0,No Event,0.24,High,10.0,0.778,0.0456955640644605,0.753,66.3,0,2023,4,2,16,0
2023-04-24,India,Asia,0.844,0.731,1.867,68.45,2.03,74.7104,3.72,58.0,42.7,29.4,0,No Event,-0.12,High,10.0,0.79225,0.048615714025659,0.792,66.31,0,2023,4,2,17,0
2023-05-01,India,Asia,0.846,0.731,2.111,69.42,3.23,74.2446,0.11,59.1,45.1,20.5,0,No Event,-0.33,High,10.0,0.8087500000000001,0.0485228804931269,0.844,68.45,0,2023,5,2,18,0
2023-05-08,India,Asia,0.801,0.741,1.6,66.49,1.86,74.5356,2.12,61.4,52.2,27.3,0,No Event,-0.09,High,10.0,0.82075,0.0508366956562499,0.846,69.42,0,2023,5,2,19,0
2023-05-15,India,Asia,0.856,0.763,1.78,71.32,2.66,75.6897,-0.14,50.1,47.3,27.4,0,No Event,0.2,High,10.0,0.8367499999999999,0.0531439508700944,0.801,66.49,0,2023,5,2,20,0
2023-05-22,India,Asia,0.77,0.674,1.814,63.44,2.29,75.2902,0.54,55.0,39.5,26.9,0,No Event,0.31,High,10.0,0.8182499999999999,0.0606158101230447,0.856,71.32,0,2023,5,2,21,0
2023-05-29,India,Asia,0.744,0.664,1.691,60.96,3.02,72.8627,0.0,59.2,47.9,24.3,0,No Event,0.28,High,10.0,0.79275,0.0595676877143793,0.77,63.44,0,2023,5,2,22,0
2023-06-05,India,Asia,0.746,0.677,1.814,62.69,3.7,74.9737,3.33,60.7,55.1,28.7,0,No Event,-0.74,High,10.0,0.779,0.0558711138837594,0.744,60.96,0,2023,6,2,23,0
2023-06-12,India,Asia,0.724,0.633,1.958,60.01,2.16,73.9368,1.97,48.9,52.5,27.9,0,No Event,-0.2,High,10.0,0.746,0.0545263320424668,0.746,62.69,0,2023,6,2,24,0
2023-06-19,India,Asia,0.726,0.654,1.672,60.09,2.56,74.0992,1.08,50.9,25.9,26.9,0,No Event,-0.21,High,10.0,0.7350000000000001,0.0500638655937484,0.724,60.01,0,2023,6,2,25,0
2023-06-26,India,Asia,0.647,0.579,1.657,54.09,3.78,74.0518,0.21,43.9,46.5,28.5,0,No Event,0.5,High,10.0,0.71075,0.0583037870794568,0.726,60.09,0,2023,6,2,26,0
2023-07-03,India,Asia,0.669,0.62,1.5,57.53,3.43,73.2892,0.77,38.2,45.3,20.0,0,No Event,-0.2,High,10.0,0.6915,0.0594378372366393,0.647,54.09,1,2023,7,3,27,0
2023-07-10,India,Asia,0.642,0.609,1.5,54.63,3.7,72.6209,-0.58,47.2,53.2,28.7,0,No Event,-0.33,High,10.0,0.6709999999999999,0.0568875387709128,0.669,57.53,0,2023,7,3,28,0
2023-07-17,India,Asia,0.667,0.614,1.5,56.54,2.24,74.5028,-1.75,42.1,39.6,26.1,0,No Event,-0.32,High,10.0,0.65625,0.053850365078005,0.642,54.63,0,2023,7,3,29,0
2023-07-24,India,Asia,0.649,0.583,1.5,54.38,3.04,73.0209,0.82,52.3,42.8,28.4,0,No Event,-0.51,High,10.0,0.6567500000000001,0.053503833503048,0.667,56.54,0,2023,7,3,30,0
2023-07-31,India,Asia,0.583,0.537,1.67,50.44,3.66,73.1139,-0.03,58.1,59.8,25.3,0,No Event,0.05,High,10.0,0.63525,0.0578532248690835,0.649,54.38,0,2023,7,3,31,0
2023-08-07,India,Asia,0.591,0.535,1.5,49.69,1.82,73.2012,0.74,33.6,39.7,27.7,0,No Event,-0.18,High,10.0,0.6225,0.0516474030627553,0.583,50.44,1,2023,8,3,32,0
2023-08-14,India,Asia,0.596,0.553,1.5,49.7,2.51,73.9116,0.5,60.0,56.5,25.6,0,No Event,0.3,High,10.0,0.6047499999999999,0.0473627081655775,0.591,49.69,0,2023,8,3,33,0
2023-08-21,India,Asia,0.617,0.515,1.5,49.64,2.11,73.5186,3.64,37.4,43.5,20.5,0,No Event,0.12,High,10.0,0.5967499999999999,0.0496773850840958,0.596,49.7,1,2023,8,3,34,0
2023-08-28,India,Asia,0.611,0.566,1.5,52.09,2.76,73.3926,2.26,65.4,61.6,21.8,0,No Event,0.94,High,10.0,0.60375,0.0494201854925042,0.617,49.64,0,2023,8,3,35,0
2023-09-04,India,Asia,0.569,0.527,1.5,49.04,2.19,74.0912,-1.42,38.0,54.7,26.4,0,No Event,0.43,High,10.0,0.59825,0.0516893627394252,0.611,52.09,1,2023,9,3,36,0
2023-09-11,India,Asia,0.597,0.57,1.785,49.86,3.67,72.8648,5.88,33.3,56.3,27.5,0,No Event,0.19,High,10.0,0.5985,0.0550632813366806,0.569,49.04,1,2023,9,3,37,0
2023-09-18,India,Asia,0.572,0.542,1.5,50.5,2.42,72.9404,0.14,49.1,42.3,25.4,0,No Event,-0.17,High,10.0,0.5872499999999999,0.0475422599364994,0.597,49.86,0,2023,9,3,38,0
2023-09-25,India,Asia,0.612,0.555,1.5,51.23,3.69,72.5673,1.37,47.2,39.4,23.6,0,No Event,-0.36,High,10.0,0.5874999999999999,0.0514754115571463,0.572,50.5,0,2023,9,3,39,0
2023-10-02,India,Asia,0.638,0.582,1.5,54.01,9.4,74.1372,3.88,47.4,57.1,57.4,1,Middle East Crisis,-0.06,High,10.0,0.60475,0.0520237146338687,0.612,51.23,0,2023,10,4,40,0
2023-10-09,India,Asia,0.634,0.571,1.653,53.81,5.97,78.0434,1.04,37.6,54.4,53.1,1,Middle East Crisis,-0.27,High,10.0,0.614,0.0506244941793597,0.638,54.01,1,2023,10,4,41,0
2023-10-16,India,Asia,0.675,0.59,1.722,55.7,8.61,80.8574,3.6,53.3,60.1,46.5,1,Middle East Crisis,0.21,High,10.0,0.63975,0.0535118702457867,0.634,53.81,0,2023,10,4,42,0
2023-10-23,India,Asia,0.66,0.602,1.984,55.86,3.52,81.2787,3.62,47.8,48.3,55.8,1,Middle East Crisis,-0.54,High,10.0,0.65175,0.0430544224784999,0.675,55.7,0,2023,10,4,43,0
2023-10-30,India,Asia,0.8,0.729,1.968,67.16,8.37,82.7521,2.23,37.5,41.9,49.1,1,Middle East Crisis,0.53,High,10.0,0.69225,0.0722731809518386,0.66,55.86,1,2023,10,4,44,0
2023-11-06,India,Asia,0.718,0.688,2.085,62.94,7.37,85.3595,3.31,34.6,63.3,39.2,1,Middle East Crisis,0.6,High,10.0,0.7132499999999999,0.0814803905763119,0.8,67.16,1,2023,11,4,45,0
2023-11-13,India,Asia,0.772,0.708,1.648,64.3,6.8,86.1557,1.25,48.1,55.7,37.7,1,Middle East Crisis,-0.3,High,10.0,0.7375,0.0830280212746076,0.718,62.94,0,2023,11,4,46,0
2023-11-20,India,Asia,0.814,0.761,1.967,70.43,6.81,90.313,1.58,49.1,71.7,48.1,1,Middle East Crisis,-0.08,High,10.0,0.776,0.0828741299490661,0.772,64.3,0,2023,11,4,47,0
2023-11-27,India,Asia,0.838,0.772,2.394,69.96,8.24,92.3586,0.79,47.0,82.2,40.0,1,Middle East Crisis,-0.09,High,10.0,0.7855,0.0771926872423021,0.814,70.43,0,2023,11,4,48,0
2023-12-04,India,Asia,0.9,0.822,2.639,73.85,5.29,98.2652,0.46,45.5,43.9,43.2,1,Middle East Crisis,0.3,High,10.0,0.831,0.0779239015226326,0.838,69.96,0,2023,12,4,49,0
2023-12-11,India,Asia,0.889,0.82,1.849,75.36,6.56,98.451,-1.05,51.5,53.6,37.1,1,Middle East Crisis,-0.59,High,10.0,0.86025,0.0756155440537599,0.9,73.85,0,2023,12,4,50,0
2023-12-18,India,Asia,0.976,0.892,2.381,82.85,8.25,101.5478,3.9,53.6,62.3,42.3,1,Middle East Crisis,0.82,High,10.0,0.90075,0.0770397800587918,0.889,75.36,0,2023,12,4,51,0
2023-12-25,India,Asia,0.994,0.837,2.823,79.68,4.24,104.3409,2.88,64.0,63.4,53.8,1,Middle East Crisis,-0.19,High,10.0,0.93975,0.0773451518960162,0.976,82.85,0,2023,12,4,52,0
2024-01-01,India,Asia,1.039,0.957,2.978,87.83,7.24,105.0611,2.73,44.1,55.7,46.1,1,Middle East Crisis,0.38,High,10.0,0.9745,0.0759455998971178,0.994,79.68,0,2024,1,1,1,0
2024-01-08,India,Asia,0.694,0.637,1.645,60.01,6.42,109.5283,-0.98,68.8,55.6,36.5,1,Middle East Crisis,-0.35,High,10.0,0.92575,0.1320282896852762,1.039,87.83,0,2024,1,1,2,0
2024-01-15,India,Asia,0.699,0.623,2.037,58.78,8.22,114.1984,0.21,50.9,58.9,46.8,1,Middle East Crisis,0.81,High,10.0,0.8564999999999999,0.1316180112255664,0.694,60.01,0,2024,1,1,3,0
2024-01-22,India,Asia,0.713,0.648,1.657,61.41,6.92,116.804,2.42,56.9,60.2,41.7,1,Middle East Crisis,-0.34,High,10.0,0.7862499999999999,0.1160879329746278,0.699,58.78,0,2024,1,1,4,0
2024-01-29,India,Asia,0.84,0.781,2.03,69.84,8.88,121.6876,2.58,63.6,55.4,52.6,1,Middle East Crisis,0.21,High,10.0,0.7364999999999999,0.1221260422590273,0.713,61.41,0,2024,1,1,5,0
2024-02-05,India,Asia,0.817,0.758,1.859,68.62,6.12,124.3086,1.41,51.7,36.4,54.6,1,Middle East Crisis,0.05,High,10.0,0.76725,0.121599752018617,0.84,69.84,0,2024,2,1,6,0
2024-02-12,India,Asia,0.766,0.701,2.26,65.57,6.34,128.0967,2.3,61.1,60.0,38.3,1,Middle East Crisis,0.53,High,10.0,0.784,0.1226350988517541,0.817,68.62,0,2024,2,1,7,0
2024-02-19,India,Asia,0.844,0.776,2.346,70.0,5.26,132.32,1.25,54.4,43.7,49.5,1,Middle East Crisis,-0.43,High,10.0,0.81675,0.1257914976307932,0.766,65.57,0,2024,2,1,8,0
2024-02-26,India,Asia,0.858,0.761,2.002,69.43,6.01,137.2928,4.21,44.0,52.5,42.7,1,Middle East Crisis,0.08,High,10.0,0.82125,0.1241790441630416,0.844,70.0,0,2024,2,1,9,0
2024-03-04,India,Asia,0.834,0.78,2.208,70.54,7.93,142.1614,0.09,44.5,57.9,56.7,1,Middle East Crisis,0.78,High,10.0,0.8254999999999999,0.1244521617194671,0.858,69.43,0,2024,3,1,10,0
2024-03-11,India,Asia,0.86,0.765,2.103,72.04,6.48,146.9231,2.2,52.3,45.1,36.5,1,Middle East Crisis,0.25,High,10.0,0.849,0.1212775527558877,0.834,70.54,0,2024,3,1,11,0
2024-03-18,India,Asia,0.858,0.763,2.21,70.56,6.71,148.9028,0.52,62.1,55.4,47.7,1,Middle East Crisis,-0.21,High,10.0,0.8525,0.1210980608082272,0.86,72.04,0,2024,3,1,12,0
2024-03-25,India,Asia,0.792,0.727,2.259,67.66,6.9,150.0822,3.11,51.5,35.3,45.4,1,Middle East Crisis,-0.3,High,10.0,0.836,0.1216843029489288,0.858,70.56,0,2024,3,1,13,0
2024-04-01,India,Asia,0.782,0.703,2.157,65.71,4.22,155.0681,2.96,49.1,37.5,42.7,1,Middle East Crisis,-0.11,High,10.0,0.823,0.0697707832955774,0.792,67.66,0,2024,4,2,14,0
2024-04-08,India,Asia,0.826,0.741,2.269,69.55,8.09,158.9185,0.5,59.0,54.6,51.5,1,Middle East Crisis,0.03,High,10.0,0.8145,0.0708858938878504,0.782,65.71,0,2024,4,2,15,0
2024-04-15,India,Asia,0.848,0.747,2.414,69.41,8.01,159.4397,1.44,46.4,52.3,59.2,1,Middle East Crisis,0.6,High,10.0,0.812,0.0709439866038535,0.826,69.55,0,2024,4,2,16,0
2024-04-22,India,Asia,0.772,0.71,1.956,67.8,5.43,166.1673,0.13,58.5,63.5,48.6,1,Middle East Crisis,-0.27,High,10.0,0.8069999999999999,0.0561350224658007,0.848,69.41,0,2024,4,2,17,0
2024-04-29,India,Asia,0.786,0.7,2.144,65.5,7.86,168.6055,1.01,55.0,47.4,48.5,1,Middle East Crisis,0.73,High,10.0,0.808,0.0560646331690142,0.772,67.8,0,2024,4,2,18,0
2024-05-06,India,Asia,0.754,0.706,1.679,63.9,6.37,173.2654,-1.77,52.7,41.4,42.1,1,Middle East Crisis,-0.42,High,10.0,0.79,0.0542503974152038,0.786,65.5,0,2024,5,2,19,0
2024-05-13,India,Asia,0.862,0.749,2.346,72.53,8.76,183.3011,3.47,46.4,56.8,54.7,1,Middle East Crisis,0.02,High,10.0,0.7935,0.0620673467428935,0.754,63.9,0,2024,5,2,20,0
2024-05-20,India,Asia,0.8,0.707,1.952,65.86,7.75,190.408,3.26,45.3,42.6,58.0,1,Middle East Crisis,-0.67,High,10.0,0.8005000000000001,0.0655318080471699,0.862,72.53,0,2024,5,2,21,0
2024-05-27,India,Asia,0.757,0.682,1.834,63.16,7.38,196.356,3.73,70.9,54.2,34.7,1,Middle East Crisis,-0.73,High,10.0,0.79325,0.0668032224335507,0.8,65.86,0,2024,5,2,22,0
2024-06-03,India,Asia,0.768,0.727,2.266,66.0,5.46,205.0593,-1.45,50.5,44.9,52.7,1,Middle East Crisis,0.65,High,10.0,0.79675,0.0661297690043709,0.757,63.16,0,2024,6,2,23,0
2024-06-10,India,Asia,0.735,0.672,1.535,61.21,7.87,210.9393,1.77,40.5,56.1,49.3,1,Middle East Crisis,-0.0,High,10.0,0.765,0.0668814551873302,0.768,66.0,0,2024,6,2,24,0
2024-06-17,India,Asia,0.725,0.625,1.762,60.07,6.82,212.2466,4.85,58.7,50.0,34.6,1,Middle East Crisis,0.46,High,10.0,0.74625,0.0636090850987414,0.735,61.21,0,2024,6,2,25,0
2024-06-24,India,Asia,0.743,0.667,1.557,61.61,4.75,216.5318,-0.06,42.3,31.1,35.1,1,Middle East Crisis,-0.11,High,10.0,0.7427499999999999,0.0641460735388512,0.725,60.07,0,2024,6,2,26,0
2024-07-01,India,Asia,0.668,0.649,1.806,60.14,7.0,221.5857,4.09,42.2,56.5,55.1,1,Middle East Crisis,-0.74,High,10.0,0.71775,0.0670597822877435,0.743,61.61,0,2024,7,3,27,0
2024-07-08,India,Asia,0.666,0.603,1.83,55.64,6.97,229.0694,3.62,54.4,39.8,49.7,1,Middle East Crisis,-0.84,High,10.0,0.7005,0.0659023324750061,0.668,60.14,0,2024,7,3,28,0
2024-07-15,India,Asia,0.681,0.645,1.74,56.8,7.76,237.7614,2.1,67.6,40.9,38.1,1,Middle East Crisis,-0.87,High,10.0,0.6895,0.0626930669073198,0.666,55.64,0,2024,7,3,29,0
2024-07-22,India,Asia,0.637,0.559,1.5,53.21,6.69,244.9234,2.43,55.9,47.5,37.1,1,Middle East Crisis,-0.46,High,10.0,0.663,0.0640173064169139,0.681,56.8,0,2024,7,3,30,0
2024-07-29,India,Asia,0.589,0.571,1.615,50.58,6.32,253.3246,3.21,53.4,46.9,43.5,1,Middle East Crisis,-0.61,High,10.0,0.64325,0.0660060927874273,0.637,53.21,0,2024,7,3,31,0
2024-08-05,India,Asia,0.637,0.586,1.542,53.42,8.86,255.7918,1.02,37.2,43.5,42.0,1,Middle East Crisis,-0.07,High,10.0,0.636,0.0534767403043774,0.589,50.58,1,2024,8,3,32,0
2024-08-12,India,Asia,0.668,0.597,1.812,56.63,8.7,257.2059,2.77,37.2,47.6,39.9,1,Middle East Crisis,0.15,High,10.0,0.63275,0.0548749995212585,0.637,53.42,1,2024,8,3,33,0
2024-08-19,India,Asia,0.582,0.554,1.759,50.83,7.14,266.863,1.64,45.8,51.0,44.5,1,Middle East Crisis,0.55,High,10.0,0.619,0.0634706410491095,0.668,56.63,0,2024,8,3,34,0
2024-08-26,India,Asia,0.638,0.579,1.5,52.83,4.76,275.2307,3.24,51.5,47.3,56.3,1,Middle East Crisis,0.12,High,10.0,0.6312500000000001,0.0713721922392448,0.582,50.83,0,2024,8,3,35,0
2024-09-02,India,Asia,0.583,0.532,1.529,48.94,4.76,280.3125,2.93,51.2,49.8,43.5,1,Middle East Crisis,0.32,High,10.0,0.61775,0.0740656418664775,0.638,52.83,0,2024,9,3,36,0
2024-09-09,India,Asia,0.574,0.534,1.5,49.12,4.82,289.1617,2.73,38.9,49.9,55.9,1,Middle East Crisis,-0.8,High,10.0,0.59425,0.0740608852011471,0.583,48.94,1,2024,9,3,37,0
2024-09-16,India,Asia,0.572,0.495,1.5,48.78,5.63,294.6261,2.02,53.5,56.7,55.4,1,Middle East Crisis,-0.34,High,10.0,0.59175,0.0730614538075104,0.574,49.12,0,2024,9,3,38,0
2024-09-23,India,Asia,0.568,0.524,1.5,48.52,5.16,310.7142,1.8,25.7,62.9,39.7,1,Middle East Crisis,0.18,High,10.0,0.5742499999999999,0.0683742814956755,0.572,48.78,1,2024,9,3,39,0
2024-09-30,India,Asia,0.583,0.51,1.767,49.18,8.72,329.9815,1.32,35.7,38.2,47.4,1,Middle East Crisis,0.83,High,10.0,0.5742499999999999,0.0692183830126174,0.568,48.52,1,2024,9,3,40,0
2024-10-07,India,Asia,0.588,0.548,1.5,50.49,3.06,327.5856,0.46,55.5,45.4,24.6,0,No Event,-0.52,High,10.0,0.57775,0.0687603544880493,0.583,49.18,0,2024,10,4,41,0
2024-10-14,India,Asia,0.608,0.543,1.5,50.41,3.98,330.6112,3.46,42.9,56.7,22.9,0,No Event,-0.21,High,10.0,0.58675,0.0675165446072199,0.588,50.49,0,2024,10,4,42,0
2024-10-21,India,Asia,0.621,0.582,1.562,52.79,2.51,318.5094,5.37,53.8,39.2,22.7,0,No Event,0.02,High,10.0,0.6,0.0635885683212302,0.608,50.41,0,2024,10,4,43,0
2024-10-28,India,Asia,0.612,0.567,1.5,51.79,3.69,335.2518,4.79,40.5,59.4,27.1,0,No Event,-0.36,High,10.0,0.6072500000000001,0.0591559540840603,0.621,52.79,0,2024,10,4,44,0
2024-11-04,India,Asia,0.613,0.541,1.519,50.77,3.29,321.526,1.65,38.2,56.1,27.8,0,No Event,0.14,High,10.0,0.6134999999999999,0.0570376301163836,0.612,51.79,1,2024,11,4,45,0
2024-11-11,India,Asia,0.634,0.575,1.662,53.04,2.49,324.1656,2.8,34.4,48.7,27.1,0,No Event,-0.08,High,10.0,0.62,0.0426343679434589,0.613,50.77,1,2024,11,4,46,0
2024-11-18,India,Asia,0.643,0.589,1.703,55.13,2.61,322.8051,2.15,50.5,40.2,20.2,0,No Event,-0.01,High,10.0,0.6255,0.0325965245566066,0.634,53.04,0,2024,11,4,47,0
2024-11-25,India,Asia,0.643,0.596,1.863,55.65,3.71,326.3185,1.51,48.4,61.1,21.9,0,No Event,-0.14,High,10.0,0.63325,0.0176786980309632,0.643,55.13,0,2024,11,4,48,0
2024-12-02,India,Asia,0.646,0.588,1.537,53.3,3.26,329.7876,2.35,48.5,54.8,21.0,0,No Event,0.46,High,10.0,0.6415,0.0161031521853654,0.643,55.65,0,2024,12,4,49,0
2024-12-09,India,Asia,0.693,0.602,2.005,56.8,3.7,328.1956,1.29,59.7,60.8,25.9,0,No Event,0.79,High,10.0,0.65625,0.0235919831039778,0.646,53.3,0,2024,12,4,50,0
2024-12-16,India,Asia,0.738,0.677,2.092,62.34,3.01,329.1282,2.92,62.0,50.2,20.2,0,No Event,-0.52,High,10.0,0.6799999999999999,0.0261193853068174,0.693,56.8,0,2024,12,4,51,0
2024-12-23,India,Asia,0.724,0.612,2.034,58.72,3.34,326.6723,2.34,55.2,56.1,28.5,0,No Event,-0.95,High,10.0,0.70025,0.0286431310934034,0.738,62.34,0,2024,12,4,52,0
2024-12-30,India,Asia,0.754,0.659,1.734,61.89,2.97,332.4138,0.96,42.1,54.2,23.2,0,No Event,0.53,High,10.0,0.7272500000000001,0.0291658650101509,0.724,58.72,0,2024,12,4,1,0
2025-01-06,India,Asia,0.736,0.656,1.603,61.55,3.7,328.8857,-0.82,38.2,68.6,24.1,0,No Event,0.53,High,10.0,0.738,0.0315636026670983,0.754,61.89,1,2025,1,1,2,0
2025-01-13,India,Asia,0.73,0.663,2.057,62.88,2.87,330.1801,2.31,50.4,60.4,29.9,0,No Event,0.66,High,10.0,0.736,0.0322908925491001,0.736,61.55,0,2025,1,1,3,0
2025-01-20,India,Asia,0.759,0.666,2.0,62.67,2.98,334.9347,2.52,45.5,44.8,29.5,0,No Event,0.76,High,10.0,0.74475,0.0317249463362338,0.73,62.88,0,2025,1,1,4,0
2025-01-27,India,Asia,0.738,0.679,1.926,61.52,3.0,331.096,2.89,53.3,58.6,26.9,0,No Event,0.63,High,10.0,0.74075,0.0341782063255711,0.759,62.67,0,2025,1,1,5,0
2025-02-03,India,Asia,0.734,0.674,2.157,64.32,3.5,327.111,1.24,51.6,50.5,29.1,0,No Event,-0.08,High,10.0,0.7402500000000001,0.0341821095799708,0.738,61.52,0,2025,2,1,6,0
2025-02-10,India,Asia,0.79,0.752,2.34,68.4,3.37,336.9808,1.44,62.2,57.8,20.2,0,No Event,-0.06,High,10.0,0.75525,0.0388007526988295,0.734,64.32,0,2025,2,1,7,0
2025-02-17,India,Asia,0.791,0.723,2.095,67.13,2.64,329.1127,2.54,53.6,50.8,22.8,0,No Event,-0.04,High,10.0,0.76325,0.0387491216034119,0.79,68.4,0,2025,2,1,8,0
2025-02-24,India,Asia,0.818,0.735,1.671,66.61,2.8,334.7217,2.82,59.5,40.6,29.3,0,No Event,-0.03,High,10.0,0.78325,0.0387552742511711,0.791,67.13,0,2025,2,1,9,0
2025-03-03,India,Asia,0.823,0.752,1.722,70.15,2.91,327.5601,1.52,51.6,65.3,23.2,0,No Event,0.05,High,10.0,0.8055000000000001,0.0352047301730335,0.818,66.61,0,2025,3,1,10,0
2025-03-10,India,Asia,0.794,0.737,1.85,65.54,3.63,331.2592,3.62,59.9,44.6,21.6,0,No Event,-0.28,High,10.0,0.8065,0.0341442826730991,0.823,70.15,0,2025,3,1,11,0
2025-03-17,India,Asia,0.849,0.759,1.785,70.7,3.03,327.6494,1.26,65.3,43.5,29.7,0,No Event,0.52,High,10.0,0.821,0.0374679606772389,0.794,65.54,0,2025,3,1,12,0
2025-03-24,India,Asia,0.816,0.748,1.981,67.74,3.27,326.8702,0.69,47.9,58.6,28.4,0,No Event,-0.01,High,10.0,0.8205,0.0392495760922778,0.849,70.7,0,2025,3,1,13,0
2025-03-31,India,Asia,0.827,0.728,1.734,68.38,3.18,329.4683,1.0,56.8,52.4,24.4,0,No Event,0.03,High,10.0,0.8214999999999999,0.0380144917122852,0.816,67.74,0,2025,3,1,14,0
2025-04-07,India,Asia,0.888,0.803,1.744,72.21,2.35,327.5011,0.89,55.6,51.4,26.7,0,No Event,-0.92,High,10.0,0.845,0.0415664829663571,0.827,68.38,0,2025,4,2,15,0
2025-04-14,India,Asia,0.838,0.761,1.706,70.57,2.86,330.2029,2.33,38.7,48.0,29.2,0,No Event,0.34,High,10.0,0.8422499999999999,0.0458653360422842,0.888,72.21,1,2025,4,2,16,0
2025-04-21,India,Asia,0.835,0.754,2.184,70.07,2.46,324.0865,1.43,60.4,46.7,28.3,0,No Event,-1.04,High,10.0,0.847,0.0446134646060952,0.838,70.57,0,2025,4,2,17,0
2025-04-28,India,Asia,0.826,0.76,2.526,71.45,2.89,327.0475,2.36,49.6,43.8,22.9,0,No Event,0.6,High,10.0,0.84675,0.0448217247842084,0.835,70.07,0,2025,4,2,18,0
2025-05-05,India,Asia,0.785,0.721,2.05,66.58,3.73,328.689,5.11,71.3,41.6,24.9,0,No Event,0.46,High,10.0,0.821,0.0427883598440165,0.826,71.45,0,2025,5,2,19,0
2025-05-12,India,Asia,0.838,0.76,1.968,69.83,2.2,332.5995,2.79,49.1,46.5,29.1,0,No Event,0.98,High,10.0,0.821,0.0469916875840289,0.785,66.58,0,2025,5,2,20,0
2025-05-19,India,Asia,0.737,0.67,1.912,62.2,2.63,327.5006,4.9,53.6,41.6,24.2,0,No Event,0.14,High,10.0,0.7965,0.0583556187186577,0.838,69.83,0,2025,5,2,21,0
2025-05-26,India,Asia,0.825,0.728,2.107,67.08,3.05,333.195,4.24,49.4,49.6,24.5,0,No Event,0.48,High,10.0,0.79625,0.068894099476684,0.737,62.2,0,2025,5,2,22,0
2025-06-02,India,Asia,0.777,0.734,2.036,66.06,3.57,333.4268,0.96,44.6,45.6,28.9,0,No Event,-0.06,High,10.0,0.7942499999999999,0.0703361743072972,0.825,67.08,0,2025,6,2,23,0
2025-06-09,India,Asia,0.68,0.598,1.648,56.64,2.76,329.4351,2.61,35.1,41.5,24.0,0,No Event,-0.11,High,10.0,0.7547499999999999,0.0752240606678015,0.777,66.06,1,2025,6,2,24,0
2025-06-16,India,Asia,0.754,0.69,2.262,63.4,2.73,326.4359,2.83,50.4,41.1,25.1,0,No Event,0.24,High,10.0,0.759,0.0827925368344892,0.68,56.64,0,2025,6,2,25,0
2025-06-23,India,Asia,0.732,0.706,1.877,62.37,2.76,329.0347,-0.12,48.1,34.0,20.4,0,No Event,-0.03,High,10.0,0.73575,0.0829173138383646,0.754,63.4,0,2025,6,2,26,0
2025-06-30,India,Asia,0.696,0.635,1.5,58.43,3.03,325.2949,4.16,40.5,46.7,22.6,0,No Event,-0.11,High,10.0,0.7155,0.0795642965232837,0.732,62.37,0,2025,6,2,27,0
2025-07-07,India,Asia,0.68,0.627,1.615,58.7,2.65,334.5647,3.7,37.7,45.7,26.1,0,No Event,-0.04,High,10.0,0.7155,0.0786518784761388,0.696,58.43,1,2025,7,3,28,0
2025-07-14,India,Asia,0.687,0.637,1.702,57.93,3.15,322.2764,1.51,63.4,44.0,20.8,0,No Event,0.47,High,10.0,0.69875,0.0789273437766486,0.68,58.7,0,2025,7,3,29,0
2025-07-21,India,Asia,0.706,0.606,1.78,57.28,2.69,326.7577,1.51,45.4,52.2,20.4,0,No Event,0.55,High,10.0,0.69225,0.0798126481304811,0.687,57.93,0,2025,7,3,30,0
2025-07-28,India,Asia,0.649,0.609,1.924,55.14,2.93,323.8412,3.4,41.5,36.9,21.9,0,No Event,0.43,High,10.0,0.6805000000000001,0.081696942657327,0.706,57.28,0,2025,7,3,31,0
2025-08-04,India,Asia,0.69,0.635,1.511,58.28,3.25,323.4921,3.19,48.0,52.5,27.2,0,No Event,0.4,High,10.0,0.683,0.0813183119242878,0.649,55.14,0,2025,8,3,32,0
2025-08-11,India,Asia,0.598,0.55,1.867,52.42,4.48,328.5575,1.72,43.6,46.2,25.7,0,No Event,-0.22,High,10.0,0.66075,0.0829257909643359,0.69,58.28,0,2025,8,3,33,0
2025-08-18,India,Asia,0.661,0.588,1.537,54.91,3.35,331.0244,0.78,47.0,46.6,29.7,0,No Event,-0.3,High,10.0,0.6495,0.0809449320002064,0.598,52.42,0,2025,8,3,34,0
2025-08-25,India,Asia,0.616,0.556,1.5,51.71,2.92,329.9973,-2.5,50.1,55.2,25.7,0,No Event,0.15,High,10.0,0.64125,0.0814707083627932,0.661,54.91,0,2025,8,3,35,0
2025-09-01,India,Asia,0.602,0.529,1.5,50.68,2.47,324.0729,2.49,58.0,54.1,26.7,0,No Event,-0.32,High,10.0,0.61925,0.0740762808546352,0.616,51.71,0,2025,9,3,36,0
2025-09-08,India,Asia,0.612,0.543,1.625,51.26,2.6,326.0674,2.42,52.4,52.9,22.0,0,No Event,-0.37,High,10.0,0.62275,0.0651485465221448,0.602,50.68,0,2025,9,3,37,0
2025-09-15,India,Asia,0.61,0.525,1.81,51.31,3.95,328.0165,3.91,34.9,47.5,23.1,0,No Event,0.55,High,10.0,0.61,0.0650747072493951,0.612,51.26,1,2025,9,3,38,0
2025-09-22,India,Asia,0.572,0.54,1.711,48.78,2.51,322.4829,1.77,45.2,59.6,25.6,0,No Event,-0.22,High,10.0,0.599,0.0658413175717955,0.61,51.31,0,2025,9,3,39,0
2025-09-29,India,Asia,0.621,0.56,1.605,52.51,3.59,331.5936,0.71,25.9,52.7,21.8,0,No Event,-0.82,High,10.0,0.60375,0.0717296998961884,0.572,48.78,1,2025,9,3,40,0
2025-10-06,India,Asia,0.688,0.617,1.703,55.75,3.35,332.3872,1.78,47.1,31.8,23.7,0,No Event,0.3,High,10.0,0.6227499999999999,0.0788212565815531,0.621,52.51,0,2025,10,4,41,0
2025-10-13,India,Asia,0.649,0.603,1.535,54.54,3.75,325.9784,1.27,45.8,47.0,29.1,0,No Event,0.56,High,10.0,0.6325000000000001,0.0801708933782626,0.688,55.75,0,2025,10,4,42,0
2025-10-20,India,Asia,0.629,0.567,1.866,52.23,2.62,330.2844,2.8,35.4,36.1,29.5,0,No Event,-0.13,High,10.0,0.6467499999999999,0.0770641226675968,0.649,54.54,1,2025,10,4,43,0
2025-10-27,India,Asia,0.63,0.581,1.645,54.04,3.24,327.5852,2.56,57.8,55.4,29.6,0,No Event,0.2,High,10.0,0.649,0.0744912638483885,0.629,52.23,0,2025,10,4,44,0
2025-11-03,India,Asia,0.591,0.56,1.786,51.3,3.45,328.7463,2.6,40.1,62.5,20.2,0,No Event,0.49,High,10.0,0.62475,0.0656319871300414,0.63,54.04,0,2025,11,4,45,0
2025-11-10,India,Asia,0.632,0.574,1.833,51.58,2.9,326.2989,3.72,40.2,60.7,24.4,0,No Event,-0.14,High,10.0,0.6205,0.0610938826702277,0.591,51.3,0,2025,11,4,46,0
2025-11-17,India,Asia,0.615,0.574,1.791,51.77,3.75,324.178,3.73,31.1,62.0,20.7,0,No Event,0.45,High,10.0,0.617,0.0581328931239717,0.632,51.58,1,2025,11,4,47,0
2025-11-24,India,Asia,0.609,0.57,1.764,52.24,3.42,327.1404,1.53,48.9,71.1,21.7,0,No Event,0.19,High,10.0,0.61175,0.0577633530805405,0.615,51.77,0,2025,11,4,48,0
2025-12-01,India,Asia,0.634,0.61,1.634,55.87,3.7,331.9034,2.18,34.6,69.6,26.1,0,No Event,1.17,High,10.0,0.6224999999999999,0.0587304640915736,0.609,52.24,1,2025,12,4,49,0
2025-12-08,India,Asia,0.684,0.619,1.5,56.99,2.55,327.5476,1.27,39.3,47.9,22.5,0,No Event,0.42,High,10.0,0.6355,0.0624137791887318,0.634,55.87,1,2025,12,4,50,0
2025-12-15,India,Asia,0.748,0.676,1.849,62.61,2.94,326.4975,1.08,42.3,47.0,28.0,0,No Event,-0.45,High,10.0,0.66875,0.0619127997681863,0.684,56.99,0,2025,12,4,51,0
2025-12-22,India,Asia,0.749,0.682,1.838,61.79,1.77,328.7726,1.91,62.2,53.6,29.2,0,No Event,0.83,High,10.0,0.70375,0.0590369944985288,0.748,62.61,0,2025,12,4,52,0
2025-12-29,India,Asia,0.717,0.692,1.987,61.51,3.3,332.6382,-1.15,43.6,55.8,20.8,0,No Event,-0.36,High,10.0,0.7245,0.0538053165468687,0.749,61.79,0,2025,12,4,1,0
2026-01-05,India,Asia,0.805,0.722,1.604,65.51,3.3,330.7652,1.66,55.7,57.3,25.2,0,No Event,0.49,High,10.0,0.75475,0.059778638627861,0.717,61.51,0,2026,1,1,2,0
2026-01-12,India,Asia,0.708,0.654,1.768,61.38,3.86,325.5363,2.04,56.7,49.3,26.5,0,No Event,-0.19,High,10.0,0.7447499999999999,0.0711858136794342,0.805,65.51,0,2026,1,1,3,0
2026-01-19,India,Asia,0.792,0.692,1.609,65.0,3.61,334.1238,2.63,61.0,69.4,26.5,0,No Event,0.11,High,10.0,0.7555000000000001,0.0773486842455989,0.708,61.38,0,2026,1,1,4,0
2026-01-26,India,Asia,0.835,0.753,2.08,70.63,3.41,330.8026,2.52,55.6,49.5,22.6,0,No Event,-0.35,High,10.0,0.785,0.0730458905582138,0.792,65.0,0,2026,1,1,5,0
2026-02-02,India,Asia,0.788,0.728,2.051,66.83,2.37,330.668,1.4,62.9,56.4,28.3,0,No Event,0.12,High,10.0,0.7807499999999999,0.0760924497495276,0.835,70.63,0,2026,2,1,6,0
2026-02-09,India,Asia,0.837,0.752,2.342,70.84,2.5,330.5918,1.12,56.2,55.2,22.4,0,No Event,-0.37,High,10.0,0.8130000000000001,0.075315430489844,0.788,66.83,0,2026,2,1,7,0
2026-02-16,India,Asia,0.838,0.725,2.013,69.07,3.08,331.8087,0.63,38.5,45.7,20.9,0,No Event,-0.17,High,10.0,0.8245,0.0748732494539013,0.837,70.84,1,2026,2,1,8,0
2026-02-23,India,Asia,0.798,0.73,2.412,68.01,2.17,332.564,3.79,55.1,51.0,21.0,0,No Event,1.26,High,10.0,0.81525,0.0779545015704532,0.838,69.07,0,2026,2,1,9,0
2026-03-02,India,Asia,0.827,0.749,2.211,70.76,3.76,331.7198,1.16,68.3,54.6,20.9,0,No Event,0.17,High,10.0,0.825,0.0760852002248153,0.798,68.01,0,2026,3,1,10,0
2026-03-09,India,Asia,0.957,0.868,2.142,78.85,2.91,328.5469,1.08,68.3,50.9,27.9,0,No Event,1.19,High,10.0,0.855,0.0836285754591851,0.827,70.76,0,2026,3,1,11,0
2026-03-16,India,Asia,0.862,0.767,1.714,71.32,3.68,329.8417,2.89,57.9,27.4,28.1,0,No Event,-0.86,High,10.0,0.861,0.0908280361593684,0.957,78.85,0,2026,3,1,12,0
2026-03-23,India,Asia,0.882,0.818,2.047,72.38,2.49,334.1001,-0.35,66.4,47.8,23.1,0,No Event,0.23,High,10.0,0.8819999999999999,0.0889603498858769,0.862,71.32,0,2026,3,1,13,0
2015-01-05,Japan,Asia,0.82,0.747,1.8,51.92,2.8,111.279,1.68,43.5,51.5,29.3,0,No Event,-0.47,Low,30.0,0.82,0.0265404577762429,0.82,51.92,0,2015,1,1,2,0
2015-01-12,Japan,Asia,0.828,0.749,1.576,52.76,1.06,110.7404,2.4,58.6,41.3,25.0,0,No Event,0.56,Low,30.0,0.824,0.0265404577762429,0.82,51.92,0,2015,1,1,3,0
2015-01-19,Japan,Asia,0.805,0.742,1.562,52.8,2.17,111.7144,2.23,49.9,64.1,27.6,0,No Event,0.35,Low,30.0,0.8176666666666667,0.0265404577762429,0.828,52.76,0,2015,1,1,4,0
2015-01-26,Japan,Asia,0.877,0.795,1.99,55.72,2.42,110.9933,5.0,36.4,59.6,22.3,0,No Event,-0.14,Low,30.0,0.8325,0.0598591609424009,0.805,52.8,1,2015,1,1,5,0
2015-02-02,Japan,Asia,0.883,0.779,1.613,54.87,1.86,109.9225,4.19,73.9,51.7,23.5,0,No Event,-0.34,Low,30.0,0.8482500000000001,0.0496054264647869,0.877,55.72,0,2015,2,1,6,0
2015-02-09,Japan,Asia,0.838,0.759,1.538,55.18,2.14,110.2335,2.68,55.6,54.9,26.3,0,No Event,0.54,Low,30.0,0.8507500000000001,0.0532950163778229,0.883,54.87,0,2015,2,1,7,0
2015-02-16,Japan,Asia,0.968,0.868,1.907,61.48,2.36,111.3431,2.51,50.8,46.7,26.2,0,No Event,0.03,Low,30.0,0.8915,0.0774976536479412,0.838,55.18,0,2015,2,1,8,0
2015-02-23,Japan,Asia,0.968,0.879,1.943,62.05,2.17,111.0218,3.17,46.3,48.9,21.8,0,No Event,-0.17,Low,30.0,0.91425,0.0716726640317488,0.968,61.48,0,2015,2,1,9,0
2015-03-02,Japan,Asia,0.929,0.827,1.977,58.45,1.82,111.7499,3.68,40.2,56.3,20.7,0,No Event,-0.05,Low,30.0,0.92575,0.0703805241876864,0.968,62.05,0,2015,3,1,10,0
2015-03-09,Japan,Asia,0.926,0.845,1.874,58.3,1.76,111.8081,2.67,57.5,58.4,22.9,0,No Event,-0.2,Low,30.0,0.94775,0.0662059362696001,0.929,58.45,0,2015,3,1,11,0
2015-03-16,Japan,Asia,0.983,0.852,1.5,58.91,1.69,112.6032,3.69,53.7,63.9,20.7,0,No Event,-0.6,Low,30.0,0.9515,0.0641007894188675,0.926,58.3,0,2015,3,1,12,0
2015-03-23,Japan,Asia,0.929,0.838,1.668,58.84,0.92,110.6,5.06,38.9,49.7,28.3,0,No Event,-0.29,Low,30.0,0.94175,0.0648777119858757,0.983,58.91,1,2015,3,1,13,0
2015-03-30,Japan,Asia,0.936,0.844,1.674,59.13,1.22,110.1048,0.22,54.3,47.7,23.8,0,No Event,0.17,Low,30.0,0.9435,0.0618803152573736,0.929,58.84,0,2015,3,1,14,0
2015-04-06,Japan,Asia,0.88,0.774,1.957,55.64,2.14,110.1102,3.19,54.0,55.2,26.5,0,No Event,-0.11,Low,30.0,0.932,0.0653500604848188,0.936,59.13,0,2015,4,2,15,0
2015-04-13,Japan,Asia,0.873,0.786,1.5,55.22,2.23,111.2742,3.95,42.4,67.6,26.6,0,No Event,-0.38,Low,30.0,0.9045,0.0646388877671799,0.88,55.64,0,2015,4,2,16,0
2015-04-20,Japan,Asia,0.975,0.847,2.103,59.78,1.74,110.4441,2.6,61.7,50.2,20.1,0,No Event,0.43,Low,30.0,0.916,0.0681424415631017,0.873,55.22,0,2015,4,2,17,0
2015-04-27,Japan,Asia,0.914,0.835,1.782,57.44,2.3,112.7939,1.23,56.8,54.6,23.3,0,No Event,0.68,Low,30.0,0.9105,0.0713858050067375,0.975,59.78,0,2015,4,2,18,0
2015-05-04,Japan,Asia,0.936,0.82,2.03,58.36,1.99,110.015,1.47,44.9,59.5,26.0,0,No Event,-0.24,Low,30.0,0.9245,0.0692831713785141,0.914,57.44,0,2015,5,2,19,0
2015-05-11,Japan,Asia,0.915,0.796,1.726,57.17,1.43,111.1381,4.08,60.5,48.7,20.2,0,No Event,0.63,Low,30.0,0.935,0.0527830049236782,0.936,58.36,0,2015,5,2,20,0
2015-05-18,Japan,Asia,0.925,0.821,1.5,57.5,2.55,111.3459,3.16,52.8,42.5,27.1,0,No Event,-0.63,Low,30.0,0.9225,0.0529417382436898,0.915,57.17,0,2015,5,2,21,0
2015-05-25,Japan,Asia,0.882,0.813,1.5,56.95,2.64,110.6749,1.2,50.4,38.3,22.5,0,No Event,0.33,Low,30.0,0.9145,0.053372079986391,0.925,57.5,0,2015,5,2,22,0
2015-06-01,Japan,Asia,0.969,0.843,1.5,58.84,1.79,111.8007,3.37,51.8,40.2,25.5,0,No Event,0.73,Low,30.0,0.92275,0.0609088071853225,0.882,56.95,0,2015,6,2,23,0
2015-06-08,Japan,Asia,0.846,0.765,1.51,54.01,2.76,108.772,0.76,42.2,50.0,26.0,0,No Event,-0.25,Low,30.0,0.9055,0.0689036514552752,0.969,58.84,0,2015,6,2,24,0
2015-06-15,Japan,Asia,0.823,0.756,1.5,52.32,1.5,110.85,3.68,56.6,35.1,23.3,0,No Event,0.67,Low,30.0,0.88,0.06772368936361,0.846,54.01,0,2015,6,2,25,0
2015-06-22,Japan,Asia,0.825,0.757,1.5,51.92,2.31,110.5392,1.22,34.9,34.9,25.0,0,No Event,0.66,Low,30.0,0.86575,0.067633562818837,0.823,52.32,0,2015,6,2,26,0
2015-06-29,Japan,Asia,0.837,0.71,1.622,50.99,2.0,112.1178,2.9,46.6,61.2,29.1,0,No Event,-0.63,Low,30.0,0.83275,0.0658745096511332,0.825,51.92,0,2015,6,2,27,0
2015-07-06,Japan,Asia,0.772,0.701,1.5,48.59,2.43,108.4419,-0.02,61.5,53.2,28.3,0,No Event,0.63,Low,30.0,0.8142499999999999,0.0694087258648026,0.837,50.99,0,2015,7,3,28,0
2015-07-13,Japan,Asia,0.807,0.712,1.571,50.02,2.09,110.1842,1.96,58.6,56.3,28.1,0,No Event,-0.04,Low,30.0,0.81025,0.0601737057742461,0.772,48.59,0,2015,7,3,29,0
2015-07-20,Japan,Asia,0.772,0.69,1.5,48.85,2.48,109.5666,3.47,62.6,46.0,26.2,0,No Event,0.58,Low,30.0,0.797,0.059007618728836,0.807,50.02,0,2015,7,3,30,0
2015-07-27,Japan,Asia,0.695,0.638,1.5,44.77,2.58,110.8634,1.34,43.1,45.7,28.0,0,No Event,0.08,Low,30.0,0.7615000000000001,0.0627663954917151,0.772,48.85,0,2015,7,3,31,0
2015-08-03,Japan,Asia,0.708,0.647,1.5,44.41,1.98,106.7221,3.6,26.9,48.0,21.4,0,No Event,-0.04,Low,30.0,0.7454999999999999,0.0638932931959244,0.695,44.77,1,2015,8,3,32,0
2015-08-10,Japan,Asia,0.769,0.695,1.5,48.81,1.22,108.3948,0.6,47.7,53.6,25.4,0,No Event,0.27,Low,30.0,0.736,0.0704735756004795,0.708,44.41,0,2015,8,3,33,0
2015-08-17,Japan,Asia,0.728,0.656,1.539,45.36,1.64,111.6991,1.54,56.0,53.2,26.0,0,No Event,-0.57,Low,30.0,0.725,0.0707957489468405,0.769,48.81,0,2015,8,3,34,0
2015-08-24,Japan,Asia,0.65,0.551,1.5,40.32,1.31,110.1271,1.56,62.8,36.5,22.3,0,No Event,-0.1,Low,30.0,0.7137500000000001,0.0659089065064591,0.728,45.36,0,2015,8,3,35,0
2015-08-31,Japan,Asia,0.69,0.599,1.5,42.9,2.44,104.9906,1.49,48.7,45.5,24.7,0,No Event,-0.43,Low,30.0,0.7092499999999999,0.0632910466364957,0.65,40.32,0,2015,8,3,36,0
2015-09-07,Japan,Asia,0.627,0.563,1.5,38.68,2.25,109.8587,2.7,37.5,35.3,23.9,0,No Event,-0.9,Low,30.0,0.67375,0.0670127274927194,0.69,42.9,0,2015,9,3,37,0
2015-09-14,Japan,Asia,0.672,0.597,1.5,42.02,2.97,109.3821,0.65,66.8,45.9,21.6,0,No Event,0.16,Low,30.0,0.6597500000000001,0.0719595260346362,0.627,38.68,0,2015,9,3,38,0
2015-09-21,Japan,Asia,0.603,0.544,1.5,38.38,2.55,106.7113,1.86,52.8,47.7,20.9,0,No Event,0.18,Low,30.0,0.648,0.0755207704838401,0.672,42.02,0,2015,9,3,39,0
2015-09-28,Japan,Asia,0.61,0.533,1.5,38.11,2.36,107.9439,1.23,41.5,50.8,29.5,0,No Event,-0.53,Low,30.0,0.628,0.074172437007742,0.603,38.38,0,2015,9,3,40,0
2015-10-05,Japan,Asia,0.681,0.585,1.5,41.14,1.95,109.4841,0.94,40.8,45.8,24.4,0,No Event,0.25,Low,30.0,0.6415,0.0820120341552034,0.61,38.11,0,2015,10,4,41,0
2015-10-12,Japan,Asia,0.643,0.596,1.5,40.44,2.16,109.7089,3.74,49.8,43.4,28.8,0,No Event,1.35,Low,30.0,0.63425,0.082535578553708,0.681,41.14,0,2015,10,4,42,0
2015-10-19,Japan,Asia,0.681,0.612,1.5,42.07,2.64,109.7746,3.57,40.5,53.3,25.6,0,No Event,0.24,Low,30.0,0.65375,0.0798761815146497,0.643,40.44,0,2015,10,4,43,0
2015-10-26,Japan,Asia,0.646,0.557,1.5,40.43,1.73,108.2764,6.07,47.3,57.5,29.3,0,No Event,0.73,Low,30.0,0.66275,0.0810386640787624,0.681,42.07,0,2015,10,4,44,0
2015-11-02,Japan,Asia,0.659,0.583,1.5,41.07,1.6,108.6091,2.82,33.2,60.5,22.3,0,No Event,0.02,Low,30.0,0.65725,0.0764271411488951,0.646,40.43,1,2015,11,4,45,0
2015-11-09,Japan,Asia,0.639,0.562,1.5,40.1,2.5,109.9814,0.68,44.6,50.7,24.9,0,No Event,-0.24,Low,30.0,0.65625,0.075528600526279,0.659,41.07,0,2015,11,4,46,0
2015-11-16,Japan,Asia,0.679,0.61,1.5,43.25,1.17,110.7269,0.61,38.2,51.1,23.7,0,No Event,0.07,Low,30.0,0.65575,0.071072616801425,0.639,40.1,1,2015,11,4,47,0
2015-11-23,Japan,Asia,0.698,0.606,1.5,42.7,2.1,108.6117,3.49,48.6,58.2,27.2,0,No Event,0.81,Low,30.0,0.6687500000000001,0.0693260636096875,0.679,43.25,0,2015,11,4,48,0
2015-11-30,Japan,Asia,0.761,0.694,1.706,48.72,2.13,108.6055,3.54,49.1,59.7,28.3,0,No Event,0.28,Low,30.0,0.69425,0.06659152605582,0.698,42.7,0,2015,11,4,49,0
2015-12-07,Japan,Asia,0.722,0.659,1.5,47.2,1.45,110.0257,3.48,38.9,45.3,26.9,0,No Event,-0.32,Low,30.0,0.7150000000000001,0.0670791259421871,0.761,48.72,1,2015,12,4,50,0
2015-12-14,Japan,Asia,0.707,0.6,1.5,43.26,2.26,108.8795,1.22,44.6,64.9,21.8,0,No Event,-0.31,Low,30.0,0.722,0.0583928080473712,0.722,47.2,0,2015,12,4,51,0
2015-12-21,Japan,Asia,0.759,0.686,1.711,49.07,2.83,108.0904,1.69,54.9,51.9,29.7,0,No Event,0.39,Low,30.0,0.73725,0.0607673414492763,0.707,43.26,0,2015,12,4,52,0
2015-12-28,Japan,Asia,0.758,0.657,1.5,47.01,0.82,111.6106,3.95,57.7,47.7,21.2,0,No Event,-0.35,Low,30.0,0.7364999999999999,0.0527739523631438,0.759,49.07,0,2015,12,4,53,0
2016-01-04,Japan,Asia,0.831,0.723,1.604,50.87,2.36,109.8491,1.66,57.4,61.5,25.5,0,No Event,0.09,Low,30.0,0.76375,0.0537316214118237,0.758,47.01,0,2016,1,1,1,0
2016-01-11,Japan,Asia,0.866,0.771,1.611,53.97,1.61,108.6296,1.29,56.4,70.2,25.2,0,No Event,-0.24,Low,30.0,0.8035,0.0529090587531899,0.831,50.87,0,2016,1,1,2,0
2016-01-18,Japan,Asia,0.882,0.785,1.5,55.52,3.15,110.4342,1.26,47.5,71.1,23.2,0,No Event,-0.18,Low,30.0,0.8342499999999999,0.0477526115779871,0.866,53.97,0,2016,1,1,3,0
2016-01-25,Japan,Asia,0.904,0.786,1.5,56.02,2.03,110.3047,1.03,62.0,59.3,27.2,0,No Event,-0.37,Low,30.0,0.87075,0.0477069222099054,0.882,55.52,0,2016,1,1,4,0
2016-02-01,Japan,Asia,0.858,0.776,1.726,54.73,1.91,110.1645,0.97,55.9,49.1,21.2,0,No Event,0.07,Low,30.0,0.8775,0.0502780451309759,0.904,56.02,0,2016,2,1,5,0
2016-02-08,Japan,Asia,0.924,0.764,2.021,57.33,2.65,110.3319,1.52,66.9,48.8,28.2,0,No Event,-0.64,Low,30.0,0.892,0.0513838916587569,0.858,54.73,0,2016,2,1,6,0
2016-02-15,Japan,Asia,0.969,0.848,1.571,60.01,3.02,112.0121,4.56,58.6,63.6,26.7,0,No Event,-1.15,Low,30.0,0.91375,0.0517595048441839,0.924,57.33,0,2016,2,1,7,0
2016-02-22,Japan,Asia,0.923,0.827,2.01,60.1,1.86,109.7005,3.87,36.3,52.6,27.6,0,No Event,-0.94,Low,30.0,0.9185,0.0521904532188123,0.969,60.01,1,2016,2,1,8,0
2016-02-29,Japan,Asia,0.943,0.808,1.781,57.48,2.0,109.9104,2.99,67.5,45.0,21.6,0,No Event,-0.29,Low,30.0,0.93975,0.0474997742989153,0.923,60.1,0,2016,2,1,9,0
2016-03-07,Japan,Asia,0.943,0.864,2.069,60.29,2.5,110.8629,1.91,54.8,53.0,22.3,0,No Event,-0.07,Low,30.0,0.9445,0.0460963870581551,0.943,57.48,0,2016,3,1,10,0
2016-03-14,Japan,Asia,0.985,0.89,1.724,59.54,2.19,110.5118,-1.28,66.3,53.4,24.0,0,No Event,-0.18,Low,30.0,0.9485,0.0440482264228989,0.943,60.29,0,2016,3,1,11,0
2016-03-21,Japan,Asia,0.908,0.843,1.984,58.65,2.32,111.7243,1.51,53.3,50.3,23.2,0,No Event,-0.14,Low,30.0,0.94475,0.052630290893308,0.985,59.54,0,2016,3,1,12,0
2016-03-28,Japan,Asia,0.992,0.911,1.941,62.2,2.36,110.8164,1.18,61.0,52.2,28.3,0,No Event,0.0,Low,30.0,0.957,0.052115560007846,0.908,58.65,0,2016,3,1,13,0
2016-04-04,Japan,Asia,0.986,0.86,1.846,62.23,2.07,112.703,1.52,52.2,64.5,28.4,0,No Event,0.07,Low,30.0,0.96775,0.0517843784633659,0.992,62.2,0,2016,4,2,14,0
2016-04-11,Japan,Asia,0.993,0.89,1.709,62.96,2.45,110.8417,3.41,41.5,53.9,29.8,0,No Event,-0.29,Low,30.0,0.96975,0.0517611480755953,0.986,62.23,0,2016,4,2,15,0
2016-04-18,Japan,Asia,0.997,0.876,2.064,61.6,1.13,111.9114,2.49,62.1,41.1,27.4,0,No Event,0.26,Low,30.0,0.992,0.0516063940811005,0.993,62.96,0,2016,4,2,16,0
2016-04-25,Japan,Asia,0.991,0.878,2.163,61.46,2.86,109.3255,2.22,45.6,46.4,28.2,0,No Event,-0.67,Low,30.0,0.99175,0.0483645379079918,0.997,61.6,0,2016,4,2,17,0
2016-05-02,Japan,Asia,0.943,0.863,1.591,59.06,1.7,111.216,-0.3,42.0,54.9,29.8,0,No Event,1.25,Low,30.0,0.981,0.0468516179158937,0.991,61.46,0,2016,5,2,18,0
2016-05-09,Japan,Asia,1.006,0.91,1.845,61.73,2.23,111.639,-1.16,44.8,41.8,24.3,0,No Event,0.8,Low,30.0,0.98425,0.0487220466733035,0.943,59.06,0,2016,5,2,19,0
2016-05-16,Japan,Asia,0.971,0.856,2.043,59.22,2.78,111.0796,1.01,57.2,42.9,23.9,0,No Event,-0.13,Low,30.0,0.97775,0.0476244318305272,1.006,61.73,0,2016,5,2,20,0
2016-05-23,Japan,Asia,0.912,0.865,1.86,58.57,2.27,113.4119,2.9,51.0,47.8,25.3,0,No Event,-0.18,Low,30.0,0.958,0.0508771491191064,0.971,59.22,0,2016,5,2,21,0
2016-05-30,Japan,Asia,0.954,0.838,1.893,60.4,1.93,109.6425,1.81,63.0,42.3,29.8,0,No Event,0.23,Low,30.0,0.96075,0.0527128870970726,0.912,58.57,0,2016,5,2,22,0
2016-06-06,Japan,Asia,0.79,0.697,1.5,50.19,2.98,111.804,3.11,48.9,50.1,20.9,0,No Event,0.51,Low,30.0,0.90675,0.0708370525770966,0.954,60.4,0,2016,6,2,23,0
2016-06-13,Japan,Asia,0.915,0.82,1.927,57.54,2.04,110.5491,1.73,47.3,58.6,23.9,0,No Event,-0.07,Low,30.0,0.8927499999999999,0.0836314815786912,0.79,50.19,0,2016,6,2,24,0
2016-06-20,Japan,Asia,0.861,0.765,1.552,54.32,2.61,111.1894,-0.94,45.1,42.2,28.7,0,No Event,-0.12,Low,30.0,0.88,0.0804129882944233,0.915,57.54,0,2016,6,2,25,0
2016-06-27,Japan,Asia,0.835,0.753,1.533,51.58,2.96,108.089,-0.86,48.2,48.8,20.3,0,No Event,0.28,Low,30.0,0.85025,0.0806416216433996,0.861,54.32,0,2016,6,2,26,0
2016-07-04,Japan,Asia,0.81,0.726,1.641,51.02,2.17,108.8742,2.32,45.4,58.7,21.4,0,No Event,-0.25,Low,30.0,0.85525,0.0806054665853109,0.835,51.58,0,2016,7,3,27,0
2016-07-11,Japan,Asia,0.708,0.638,1.5,45.0,1.87,109.2646,2.73,50.1,29.9,26.9,0,No Event,-0.66,Low,30.0,0.8035000000000001,0.0865022659361028,0.81,51.02,0,2016,7,3,28,0
2016-07-18,Japan,Asia,0.786,0.716,1.613,48.77,2.15,109.7884,0.89,49.0,44.8,23.2,0,No Event,-0.54,Low,30.0,0.7847500000000001,0.0948756635613377,0.708,45.0,0,2016,7,3,29,0
2016-07-25,Japan,Asia,0.781,0.703,1.559,47.89,2.35,109.6253,2.54,50.1,58.5,28.0,0,No Event,0.09,Low,30.0,0.77125,0.0943024528344861,0.786,48.77,0,2016,7,3,30,0
2016-08-01,Japan,Asia,0.764,0.708,1.5,49.78,2.19,109.5017,2.63,43.6,48.2,22.2,0,No Event,-0.35,Low,30.0,0.75975,0.091028064485799,0.781,47.89,0,2016,8,3,31,0
2016-08-08,Japan,Asia,0.708,0.649,1.5,45.66,1.54,110.1517,1.42,42.5,52.7,20.1,0,No Event,-0.09,Low,30.0,0.75975,0.0923107453909404,0.764,49.78,0,2016,8,3,32,0
2016-08-15,Japan,Asia,0.707,0.631,1.5,43.31,2.44,107.9869,0.56,41.8,51.8,25.2,0,No Event,0.03,Low,30.0,0.74,0.0916361444363077,0.708,45.66,0,2016,8,3,33,0
2016-08-22,Japan,Asia,0.654,0.601,1.5,41.85,2.41,109.2709,1.29,47.3,40.6,27.1,0,No Event,0.32,Low,30.0,0.70825,0.0907068586546592,0.707,43.31,0,2016,8,3,34,0
2016-08-29,Japan,Asia,0.707,0.637,1.5,44.65,2.15,108.9809,5.4,42.3,29.5,21.4,0,No Event,0.35,Low,30.0,0.694,0.0830927556516154,0.654,41.85,0,2016,8,3,35,0
2016-09-05,Japan,Asia,0.7,0.602,1.5,43.91,1.38,108.5779,1.49,37.5,47.7,28.5,0,No Event,-0.14,Low,30.0,0.692,0.065085087008338,0.707,44.65,1,2016,9,3,36,0
2016-09-12,Japan,Asia,0.678,0.613,1.5,42.49,1.93,110.5375,3.27,42.2,59.7,25.0,0,No Event,-0.54,Low,30.0,0.6847500000000001,0.0640659511466471,0.7,43.91,0,2016,9,3,37,0
2016-09-19,Japan,Asia,0.679,0.609,1.5,42.94,2.13,107.4885,3.35,35.8,49.6,25.1,0,No Event,0.56,Low,30.0,0.691,0.0641625664520559,0.678,42.49,1,2016,9,3,38,0
2016-09-26,Japan,Asia,0.682,0.601,1.5,42.25,2.03,110.1701,-1.82,38.7,39.7,29.1,0,No Event,-0.59,Low,30.0,0.68475,0.064211248662521,0.679,42.94,1,2016,9,3,39,0
2016-10-03,Japan,Asia,0.714,0.614,1.543,44.75,3.14,107.7281,1.89,42.0,60.3,20.1,0,No Event,0.65,Low,30.0,0.68825,0.0551615782404914,0.682,42.25,0,2016,10,4,40,0
2016-10-10,Japan,Asia,0.622,0.577,1.5,40.01,1.63,109.3568,1.37,51.5,67.3,26.3,0,No Event,0.38,Low,30.0,0.67425,0.0557321627559885,0.714,44.75,0,2016,10,4,41,0
2016-10-17,Japan,Asia,0.681,0.573,1.5,41.35,1.05,109.5738,-0.56,52.2,41.7,27.6,0,No Event,0.71,Low,30.0,0.6747500000000001,0.0645842748080994,0.622,40.01,0,2016,10,4,42,0
2016-10-24,Japan,Asia,0.675,0.585,1.5,41.05,2.24,108.8925,0.23,50.6,39.7,25.1,0,No Event,-0.18,Low,30.0,0.673,0.0644671007706577,0.681,41.35,0,2016,10,4,43,0
2016-10-31,Japan,Asia,0.609,0.569,1.5,38.96,2.02,111.2265,1.43,34.4,52.3,28.6,0,No Event,0.53,Low,30.0,0.64675,0.0670455457407764,0.675,41.05,1,2016,10,4,44,0
2016-11-07,Japan,Asia,0.703,0.616,1.5,43.96,2.27,109.4743,2.49,34.6,48.5,21.9,0,No Event,-0.31,Low,30.0,0.667,0.0822839469072886,0.609,38.96,1,2016,11,4,45,0
2016-11-14,Japan,Asia,0.684,0.629,1.5,44.2,1.72,107.0755,3.43,48.8,56.7,23.7,0,No Event,-0.54,Low,30.0,0.6677500000000001,0.0792843580014595,0.703,43.96,0,2016,11,4,46,0
2016-11-21,Japan,Asia,0.74,0.639,1.5,45.87,2.02,108.8681,1.69,57.5,46.5,27.5,0,No Event,-0.18,Low,30.0,0.6839999999999999,0.0793556639266156,0.684,44.2,0,2016,11,4,47,0
2016-11-28,Japan,Asia,0.731,0.615,1.5,44.51,2.61,108.7016,2.1,51.2,50.2,20.6,0,No Event,-0.55,Low,30.0,0.7144999999999999,0.0794012725212965,0.74,45.87,0,2016,11,4,48,0
2016-12-05,Japan,Asia,0.716,0.621,1.5,44.07,2.21,108.4994,3.81,49.1,53.1,29.7,0,No Event,0.32,Low,30.0,0.71775,0.0789891029427459,0.731,44.51,0,2016,12,4,49,0
2016-12-12,Japan,Asia,0.759,0.676,1.5,47.77,1.47,110.2703,-0.4,47.7,45.5,26.0,0,No Event,-0.37,Low,30.0,0.7364999999999999,0.0803877952550778,0.716,44.07,0,2016,12,4,50,0
2016-12-19,Japan,Asia,0.801,0.748,1.813,50.79,2.43,111.4787,3.77,43.3,55.8,28.2,0,No Event,0.98,Low,30.0,0.75175,0.0812741920027692,0.759,47.77,0,2016,12,4,51,0
2016-12-26,Japan,Asia,0.757,0.691,1.5,47.7,1.51,109.3132,1.84,51.1,60.3,27.6,0,No Event,0.21,Low,30.0,0.75825,0.0831083971420453,0.801,50.79,0,2016,12,4,52,0
2017-01-02,Japan,Asia,0.833,0.735,1.59,51.09,2.58,109.591,3.06,62.6,53.8,23.2,0,No Event,0.84,Low,30.0,0.7875,0.0747063098641219,0.757,47.7,0,2017,1,1,1,0
2017-01-09,Japan,Asia,0.886,0.764,1.5,55.27,2.28,110.3012,2.99,40.3,48.4,28.2,0,No Event,0.08,Low,30.0,0.81925,0.0726483991325563,0.833,51.09,0,2017,1,1,2,0
2017-01-16,Japan,Asia,0.919,0.813,1.658,57.68,1.43,110.9284,1.44,58.6,53.1,20.0,0,No Event,0.04,Low,30.0,0.84875,0.0719397852942266,0.886,55.27,0,2017,1,1,3,0
2017-01-23,Japan,Asia,0.854,0.783,1.839,55.55,1.72,111.3201,-0.33,34.8,60.0,21.9,0,No Event,-0.14,Low,30.0,0.873,0.067940442900796,0.919,57.68,1,2017,1,1,4,0
2017-01-30,Japan,Asia,0.939,0.844,1.549,59.64,2.13,111.5893,-0.54,43.2,55.3,26.3,0,No Event,0.97,Low,30.0,0.8995,0.0602755239949703,0.854,55.55,0,2017,1,1,5,0
2017-02-06,Japan,Asia,0.944,0.823,2.098,58.54,2.1,112.1336,4.05,60.3,59.0,24.7,0,No Event,0.59,Low,30.0,0.914,0.0583789864944065,0.939,59.64,0,2017,2,1,6,0
2017-02-13,Japan,Asia,0.888,0.782,1.736,55.28,2.32,111.0789,3.86,43.6,46.1,25.3,0,No Event,-0.13,Low,30.0,0.90625,0.060875233452973,0.944,58.54,0,2017,2,1,7,0
2017-02-20,Japan,Asia,0.89,0.804,1.988,55.38,2.83,110.2367,4.02,45.3,56.8,27.9,0,No Event,0.18,Low,30.0,0.91525,0.0603880185952364,0.888,55.28,0,2017,2,1,8,0
2017-02-27,Japan,Asia,0.949,0.882,1.932,61.95,2.72,112.4981,4.48,63.3,38.0,25.4,0,No Event,0.71,Low,30.0,0.91775,0.0605290162351603,0.89,55.38,0,2017,2,1,9,0
2017-03-06,Japan,Asia,1.067,0.946,1.804,65.37,3.17,109.3358,3.89,53.0,34.2,24.9,0,No Event,0.22,Low,30.0,0.9485,0.0664299966554465,0.949,61.95,0,2017,3,1,10,0
2017-03-13,Japan,Asia,1.004,0.887,1.965,61.85,1.9,110.2092,1.83,55.2,58.0,23.7,0,No Event,0.44,Low,30.0,0.9775,0.0706576824313447,1.067,65.37,0,2017,3,1,11,0
2017-03-20,Japan,Asia,0.959,0.861,1.998,60.11,1.64,112.1141,3.15,46.6,53.2,27.8,0,No Event,-0.45,Low,30.0,0.99475,0.0697207688339322,1.004,61.85,0,2017,3,1,12,0
2017-03-27,Japan,Asia,0.996,0.869,2.097,62.48,3.11,110.6602,2.52,51.9,42.5,21.6,0,No Event,0.04,Low,30.0,1.0065,0.0655693064542375,0.959,60.11,0,2017,3,1,13,0
2017-04-03,Japan,Asia,0.93,0.837,1.501,59.34,2.16,111.773,3.11,60.4,47.4,23.3,0,No Event,0.17,Low,30.0,0.97225,0.0678435743312875,0.996,62.48,0,2017,4,2,14,0
2017-04-10,Japan,Asia,1.022,0.944,2.006,65.7,2.42,111.5132,4.92,57.9,44.7,27.4,0,No Event,-0.78,Low,30.0,0.97675,0.0725870285624165,0.93,59.34,0,2017,4,2,15,0
2017-04-17,Japan,Asia,1.0,0.923,2.269,63.79,1.67,112.5299,1.14,52.6,37.7,22.7,0,No Event,-0.01,Low,30.0,0.987,0.0688272368663283,1.022,65.7,0,2017,4,2,16,0
2017-04-24,Japan,Asia,0.977,0.877,1.52,62.57,0.37,110.7654,2.1,60.1,49.6,27.0,0,No Event,-0.31,Low,30.0,0.98225,0.064133047797694,1.0,63.79,0,2017,4,2,17,0
2017-05-01,Japan,Asia,0.918,0.842,1.935,58.35,2.4,110.4973,0.4,43.6,51.5,21.1,0,No Event,0.42,Low,30.0,0.97925,0.0668637160300358,0.977,62.57,0,2017,5,2,18,0
2017-05-08,Japan,Asia,1.04,0.903,1.831,64.95,2.77,110.0889,1.79,43.8,49.6,21.7,0,No Event,0.38,Low,30.0,0.98375,0.0740818337135822,0.918,58.35,0,2017,5,2,19,0
2017-05-15,Japan,Asia,0.919,0.803,1.665,57.47,1.9,111.3366,2.24,39.8,56.7,22.5,0,No Event,0.18,Low,30.0,0.9635,0.0833663569530242,1.04,64.95,1,2017,5,2,20,0
2017-05-22,Japan,Asia,0.973,0.857,1.597,60.86,2.28,108.676,1.87,42.3,45.0,25.2,0,No Event,0.03,Low,30.0,0.9625,0.0828965327638669,0.919,57.47,0,2017,5,2,21,0
2017-05-29,Japan,Asia,0.983,0.909,2.084,63.5,2.16,108.5939,2.58,47.4,45.3,23.0,0,No Event,-0.08,Low,30.0,0.97875,0.0740587208079892,0.973,60.86,0,2017,5,2,22,0
2017-06-05,Japan,Asia,0.88,0.772,1.843,54.62,1.49,110.4294,2.17,58.6,44.9,21.1,0,No Event,-0.3,Low,30.0,0.93875,0.0781921984649057,0.983,63.5,0,2017,6,2,23,0
2017-06-12,Japan,Asia,0.869,0.798,1.5,54.85,2.27,111.0215,2.64,63.1,52.0,20.3,0,No Event,0.1,Low,30.0,0.92625,0.0773661546984947,0.88,54.62,0,2017,6,2,24,0
2017-06-19,Japan,Asia,0.863,0.78,1.624,54.48,2.35,110.9247,2.17,51.4,48.5,24.2,0,No Event,-0.4,Low,30.0,0.89875,0.0761170674298701,0.869,54.85,0,2017,6,2,25,0
2017-06-26,Japan,Asia,0.858,0.787,1.939,54.78,2.91,108.0787,2.62,45.1,39.5,29.7,0,No Event,-0.68,Low,30.0,0.8674999999999999,0.0739698359179217,0.863,54.48,0,2017,6,2,26,0
2017-07-03,Japan,Asia,0.812,0.734,1.771,50.8,2.84,108.518,2.08,57.4,50.5,22.8,0,No Event,-0.04,Low,30.0,0.8505,0.0674572773442776,0.858,54.78,0,2017,7,3,27,0
2017-07-10,Japan,Asia,0.829,0.741,1.798,51.48,2.15,110.7549,1.81,46.0,30.8,27.4,0,No Event,-0.56,Low,30.0,0.8405,0.0683015200840727,0.812,50.8,0,2017,7,3,28,0
2017-07-17,Japan,Asia,0.751,0.687,1.5,47.7,3.0,110.888,0.59,39.9,39.3,29.7,0,No Event,-0.53,Low,30.0,0.8125,0.0721851118237894,0.829,51.48,0,2017,7,3,29,0
2017-07-24,Japan,Asia,0.783,0.709,1.818,50.79,1.77,109.2295,2.37,45.9,50.8,24.9,0,No Event,-0.5,Low,30.0,0.7937500000000001,0.0729739299008103,0.751,47.7,0,2017,7,3,30,0
2017-07-31,Japan,Asia,0.751,0.646,1.625,46.1,2.55,109.1051,1.76,45.8,39.4,24.1,0,No Event,-1.41,Low,30.0,0.7785,0.0574824157272863,0.783,50.79,0,2017,7,3,31,0
2017-08-07,Japan,Asia,0.814,0.715,1.5,50.64,1.27,111.1675,3.44,41.5,33.6,27.6,0,No Event,-1.38,Low,30.0,0.77475,0.0576786404508757,0.751,46.1,0,2017,8,3,32,0
2017-08-14,Japan,Asia,0.675,0.627,1.5,43.1,2.49,109.6619,0.82,46.7,49.3,21.6,0,No Event,-0.11,Low,30.0,0.7557499999999999,0.0700694823100535,0.814,50.64,0,2017,8,3,33,0
2017-08-21,Japan,Asia,0.72,0.643,1.591,44.89,1.98,109.1451,2.51,53.3,49.2,27.7,0,No Event,-1.01,Low,30.0,0.74,0.0745881672403545,0.675,43.1,0,2017,8,3,34,0
2017-08-28,Japan,Asia,0.716,0.63,1.601,45.75,2.08,110.1492,2.05,44.5,53.2,26.4,0,No Event,-0.08,Low,30.0,0.73125,0.0700518967889426,0.72,44.89,0,2017,8,3,35,0
2017-09-04,Japan,Asia,0.664,0.586,1.5,42.43,2.97,109.5543,1.87,41.1,53.4,22.0,0,No Event,-0.12,Low,30.0,0.69375,0.0720059287923928,0.716,45.75,0,2017,9,3,36,0
2017-09-11,Japan,Asia,0.692,0.642,1.5,44.11,2.4,111.47,0.82,44.5,46.7,28.4,0,No Event,0.14,Low,30.0,0.698,0.0741585260497529,0.664,42.43,0,2017,9,3,37,0
2017-09-18,Japan,Asia,0.729,0.631,1.5,43.97,2.46,109.3443,0.28,47.2,57.3,21.9,0,No Event,-0.96,Low,30.0,0.70025,0.076796275888648,0.692,44.11,0,2017,9,3,38,0
2017-09-25,Japan,Asia,0.647,0.558,1.5,40.08,1.88,111.1232,5.77,40.7,55.7,26.1,0,No Event,-0.55,Low,30.0,0.6829999999999999,0.0815251679722235,0.729,43.97,0,2017,9,3,39,0
2017-10-02,Japan,Asia,0.658,0.597,1.5,41.73,3.43,109.7893,1.58,40.4,51.4,26.2,0,No Event,-0.31,Low,30.0,0.6815,0.0813728460519097,0.647,40.08,0,2017,10,4,40,0
2017-10-09,Japan,Asia,0.684,0.604,1.5,42.98,2.74,111.0399,-0.04,56.8,60.0,27.1,0,No Event,-1.27,Low,30.0,0.6795,0.0787987579185005,0.658,41.73,0,2017,10,4,41,0
2017-10-16,Japan,Asia,0.714,0.632,1.5,44.88,2.78,108.5655,3.58,43.7,50.6,24.3,0,No Event,0.29,Low,30.0,0.6757500000000001,0.0788678377498073,0.684,42.98,0,2017,10,4,42,0
2017-10-23,Japan,Asia,0.654,0.604,1.5,41.92,2.46,109.0611,0.6,45.8,51.1,23.9,0,No Event,-0.08,Low,30.0,0.6775,0.0816070000025771,0.714,44.88,0,2017,10,4,43,0
2017-10-30,Japan,Asia,0.671,0.604,1.5,42.19,2.14,110.5564,4.12,35.0,50.0,22.3,0,No Event,0.28,Low,30.0,0.68075,0.0772608650872357,0.654,41.92,1,2017,10,4,44,0
2017-11-06,Japan,Asia,0.686,0.641,1.5,45.91,2.11,108.7702,1.69,42.5,54.2,26.7,0,No Event,0.29,Low,30.0,0.6812499999999999,0.0594981812662619,0.671,42.19,0,2017,11,4,45,0
2017-11-13,Japan,Asia,0.76,0.671,1.55,46.48,3.32,110.4818,1.58,42.0,67.3,27.1,0,No Event,-0.66,Low,30.0,0.6927500000000001,0.0644848489481274,0.686,45.91,0,2017,11,4,46,0
2017-11-20,Japan,Asia,0.777,0.663,1.683,47.9,2.65,109.162,2.07,55.2,60.0,24.6,0,No Event,-0.03,Low,30.0,0.7235,0.0645156159545422,0.76,46.48,0,2017,11,4,47,0
2017-11-27,Japan,Asia,0.75,0.653,1.5,47.54,2.62,110.1043,5.11,48.1,59.9,24.8,0,No Event,-0.47,Low,30.0,0.7432500000000001,0.0610012122014321,0.777,47.9,0,2017,11,4,48,0
2017-12-04,Japan,Asia,0.699,0.646,1.5,45.98,2.11,109.9579,2.15,47.3,55.7,29.0,0,No Event,0.62,Low,30.0,0.7464999999999999,0.0642430321180167,0.75,47.54,0,2017,12,4,49,0
2017-12-11,Japan,Asia,0.782,0.69,1.652,48.63,2.35,110.0799,1.04,49.2,58.0,26.8,0,No Event,-0.14,Low,30.0,0.752,0.0713019019503941,0.699,45.98,0,2017,12,4,50,0
2017-12-18,Japan,Asia,0.779,0.73,1.5,50.3,1.32,109.4229,2.91,41.9,45.7,29.6,0,No Event,0.93,Low,30.0,0.7525,0.0606927537378436,0.782,48.63,0,2017,12,4,51,0
2017-12-25,Japan,Asia,0.785,0.719,1.5,50.2,2.34,110.4023,0.55,54.3,44.2,22.0,0,No Event,0.02,Low,30.0,0.76125,0.0607556501694187,0.779,50.3,0,2017,12,4,52,0
2018-01-01,Japan,Asia,0.911,0.788,1.5,57.14,1.83,108.4214,3.69,33.4,66.3,26.6,0,No Event,-0.3,Low,30.0,0.81425,0.0736065526184432,0.785,50.2,1,2018,1,1,1,0
2018-01-08,Japan,Asia,0.938,0.809,1.951,57.69,3.06,110.3189,-1.49,58.8,57.8,28.1,0,No Event,0.12,Low,30.0,0.8532500000000001,0.0734170264355371,0.911,57.14,0,2018,1,1,2,0
2018-01-15,Japan,Asia,0.83,0.761,1.5,53.27,2.16,110.2102,5.05,46.4,42.1,28.8,0,No Event,0.7,Low,30.0,0.866,0.0780350553744276,0.938,57.69,0,2018,1,1,3,0
2018-01-22,Japan,Asia,0.941,0.798,1.925,57.2,2.11,109.8062,4.27,44.3,62.4,21.1,0,No Event,0.24,Low,30.0,0.905,0.0843778200695193,0.83,53.27,0,2018,1,1,4,0
2018-01-29,Japan,Asia,0.931,0.86,1.5,57.33,2.88,111.2997,3.27,44.7,54.9,27.3,0,No Event,0.61,Low,30.0,0.91,0.0852449676836904,0.941,57.2,0,2018,1,1,5,0
2018-02-05,Japan,Asia,0.94,0.867,1.764,60.11,2.1,111.1356,2.79,53.2,57.7,21.4,0,No Event,0.77,Low,30.0,0.9105,0.0816236369892842,0.931,57.33,0,2018,2,1,6,0
2018-02-12,Japan,Asia,0.985,0.899,2.06,62.61,1.67,109.4107,-0.72,48.2,53.9,28.5,0,No Event,0.35,Low,30.0,0.94925,0.0819983946608832,0.94,60.11,0,2018,2,1,7,0
2018-02-19,Japan,Asia,0.966,0.804,2.006,57.91,2.18,110.4981,2.92,64.6,54.4,26.2,0,No Event,-0.37,Low,30.0,0.9555,0.0811260953724896,0.985,62.61,0,2018,2,1,8,0
2018-02-26,Japan,Asia,1.029,0.88,1.902,63.96,2.22,112.2544,2.4,44.3,55.0,24.0,0,No Event,-0.54,Low,30.0,0.98,0.0763281320391842,0.966,57.91,0,2018,2,1,9,0
2018-03-05,Japan,Asia,1.017,0.894,2.13,63.43,2.74,111.8072,-1.83,57.6,39.8,20.2,0,No Event,-0.32,Low,30.0,0.99925,0.0725663279718832,1.029,63.96,0,2018,3,1,10,0
2018-03-12,Japan,Asia,1.041,0.948,1.897,65.25,2.75,111.92,3.37,49.4,62.6,28.2,0,No Event,0.53,Low,30.0,1.0132499999999998,0.07202316646813,1.017,63.43,0,2018,3,1,11,0
2018-03-19,Japan,Asia,1.055,0.971,1.672,68.62,2.68,111.7485,2.37,54.1,46.6,20.1,0,No Event,0.9,Low,30.0,1.0355,0.0719038775380166,1.041,65.25,0,2018,3,1,12,0
2018-03-26,Japan,Asia,1.055,0.915,1.987,64.74,2.78,110.5415,2.69,55.6,53.6,25.8,0,No Event,0.15,Low,30.0,1.0419999999999998,0.0585495469050711,1.055,68.62,0,2018,3,1,13,0
2018-04-02,Japan,Asia,0.955,0.897,2.166,61.68,2.32,109.685,3.52,58.9,40.5,20.5,0,No Event,0.11,Low,30.0,1.0265,0.066041655768672,1.055,64.74,0,2018,4,2,14,0
2018-04-09,Japan,Asia,0.957,0.85,2.137,60.49,2.02,112.0796,3.08,37.1,43.2,21.0,0,No Event,0.25,Low,30.0,1.0055,0.0545705316714703,0.955,61.68,1,2018,4,2,15,0
2018-04-16,Japan,Asia,0.943,0.857,1.546,60.04,2.25,111.4869,1.62,49.1,52.7,28.7,0,No Event,0.47,Low,30.0,0.9775,0.0395317010224849,0.957,60.49,0,2018,4,2,16,0
2018-04-23,Japan,Asia,0.986,0.895,1.577,63.22,2.27,110.0898,3.85,52.4,56.7,20.6,0,No Event,-0.14,Low,30.0,0.96025,0.0413312827241531,0.943,60.04,0,2018,4,2,17,0
2018-04-30,Japan,Asia,1.027,0.965,1.897,64.59,3.15,111.4765,1.47,53.8,58.3,27.9,0,No Event,0.59,Low,30.0,0.97825,0.042623815689677,0.986,63.22,0,2018,4,2,18,0
2018-05-07,Japan,Asia,1.001,0.915,1.62,64.67,2.18,111.0828,2.84,63.3,52.8,21.6,0,No Event,-0.23,Low,30.0,0.98925,0.0416649388628796,1.027,64.59,0,2018,5,2,19,0
2018-05-14,Japan,Asia,1.013,0.915,2.039,63.91,2.82,109.5801,2.38,60.3,52.7,27.7,0,No Event,0.41,Low,30.0,1.0067499999999998,0.0411769572118421,1.001,64.67,0,2018,5,2,20,0
2018-05-21,Japan,Asia,0.899,0.843,1.539,59.33,1.77,110.6155,1.02,53.3,42.2,21.9,0,No Event,0.17,Low,30.0,0.985,0.048731011536397,1.013,63.91,0,2018,5,2,21,0
2018-05-28,Japan,Asia,1.018,0.916,2.193,64.33,2.74,111.3411,1.06,60.3,48.5,21.0,0,No Event,-1.03,Low,30.0,0.98275,0.0637282729952661,0.899,59.33,0,2018,5,2,22,0
2018-06-04,Japan,Asia,0.967,0.835,1.529,59.4,1.73,112.0616,2.19,51.2,42.7,21.0,0,No Event,-0.22,Low,30.0,0.97425,0.0649909772919875,1.018,64.33,0,2018,6,2,23,0
2018-06-11,Japan,Asia,0.994,0.927,2.231,62.27,1.76,111.0867,1.96,53.0,51.9,23.1,0,No Event,-0.45,Low,30.0,0.9695,0.0654805174047995,0.967,59.4,0,2018,6,2,24,0
2018-06-18,Japan,Asia,0.931,0.817,1.573,57.94,3.25,111.1362,3.22,50.0,41.9,23.3,0,No Event,0.72,Low,30.0,0.9775,0.0677352306199592,0.994,62.27,0,2018,6,2,25,0
2018-06-25,Japan,Asia,0.842,0.719,1.5,51.18,2.06,109.466,1.2,44.8,43.3,25.2,0,No Event,0.23,Low,30.0,0.9335,0.0678295569850467,0.931,57.94,0,2018,6,2,26,0
2018-07-02,Japan,Asia,0.813,0.725,1.5,51.41,2.88,111.7199,1.65,53.9,52.0,22.2,0,No Event,0.64,Low,30.0,0.895,0.0681382264010583,0.842,51.18,0,2018,7,3,27,0
2018-07-09,Japan,Asia,0.833,0.75,1.552,52.39,1.43,111.7746,1.43,32.5,42.8,25.1,0,No Event,0.24,Low,30.0,0.8547499999999999,0.0689048330942516,0.813,51.41,1,2018,7,3,28,0
2018-07-16,Japan,Asia,0.82,0.715,1.665,51.51,1.98,109.8568,4.31,41.8,40.1,27.1,0,No Event,-1.34,Low,30.0,0.827,0.0668009848775827,0.833,52.39,0,2018,7,3,29,0
2018-07-23,Japan,Asia,0.825,0.725,1.83,51.2,2.23,109.5408,3.36,41.7,32.8,29.1,0,No Event,-0.66,Low,30.0,0.82275,0.0649137813894291,0.82,51.51,0,2018,7,3,30,0
2018-07-30,Japan,Asia,0.768,0.692,1.5,49.33,2.98,107.9089,3.31,54.0,45.4,20.3,0,No Event,-0.66,Low,30.0,0.8115,0.0666806261797541,0.825,51.2,0,2018,7,3,31,0
2018-08-06,Japan,Asia,0.804,0.683,1.621,48.24,2.35,107.367,3.75,57.9,35.7,29.8,0,No Event,0.21,Low,30.0,0.80425,0.0689163063125193,0.768,49.33,0,2018,8,3,32,0
2018-08-13,Japan,Asia,0.698,0.618,1.551,44.8,1.9,109.2662,2.93,46.8,44.9,21.4,0,No Event,-0.61,Low,30.0,0.7737499999999999,0.0715272637302931,0.804,48.24,0,2018,8,3,33,0
2018-08-20,Japan,Asia,0.667,0.607,1.5,42.89,2.5,109.8145,4.8,49.3,48.7,29.5,0,No Event,-0.61,Low,30.0,0.7342500000000001,0.0535788436580327,0.698,44.8,0,2018,8,3,34,0
2018-08-27,Japan,Asia,0.723,0.643,1.5,45.02,3.42,107.983,0.85,41.9,44.4,29.8,0,No Event,-0.13,Low,30.0,0.723,0.0629092252658482,0.667,42.89,0,2018,8,3,35,0
2018-09-03,Japan,Asia,0.766,0.69,1.5,47.58,2.07,106.2154,0.9,48.6,53.7,27.3,0,No Event,0.2,Low,30.0,0.7135,0.0657827442152357,0.723,45.02,0,2018,9,3,36,0
2018-09-10,Japan,Asia,0.707,0.646,1.5,45.4,1.83,107.4141,1.25,51.7,58.3,22.2,0,No Event,-0.65,Low,30.0,0.71575,0.0667222692639132,0.766,47.58,0,2018,9,3,37,0
2018-09-17,Japan,Asia,0.671,0.591,1.5,41.59,1.65,109.9817,0.94,43.8,40.5,25.2,0,No Event,-0.16,Low,30.0,0.71675,0.0633156197289089,0.707,45.4,0,2018,9,3,38,0
2018-09-24,Japan,Asia,0.692,0.615,1.5,43.46,2.31,108.0111,1.89,36.6,57.8,24.8,0,No Event,0.75,Low,30.0,0.709,0.0644892252917891,0.671,41.59,1,2018,9,3,39,0
2018-10-01,Japan,Asia,0.723,0.649,1.5,45.61,1.8,109.2818,3.64,34.6,51.4,28.9,0,No Event,-0.39,Low,30.0,0.69825,0.0657646825588706,0.692,43.46,1,2018,10,4,40,0
2018-10-08,Japan,Asia,0.705,0.628,1.5,43.76,1.98,108.8773,1.92,39.0,54.6,27.0,0,No Event,0.22,Low,30.0,0.69775,0.065895087381403,0.723,45.61,1,2018,10,4,41,0
2018-10-15,Japan,Asia,0.698,0.648,1.5,44.83,1.9,109.9838,3.75,39.7,47.4,22.1,0,No Event,0.32,Low,30.0,0.7044999999999999,0.0656907866639092,0.705,43.76,1,2018,10,4,42,0
2018-10-22,Japan,Asia,0.7,0.625,1.5,44.09,2.22,108.5381,2.87,47.6,47.0,22.4,0,No Event,0.39,Low,30.0,0.7065,0.0632245290732792,0.698,44.83,0,2018,10,4,43,0
2018-10-29,Japan,Asia,0.697,0.617,1.5,43.96,1.99,107.4676,0.98,52.1,51.3,21.3,0,No Event,0.77,Low,30.0,0.7,0.0610357218865333,0.7,44.09,0,2018,10,4,44,0
2018-11-05,Japan,Asia,0.756,0.667,1.5,47.49,2.62,111.2101,3.54,41.0,51.0,28.2,0,No Event,-0.19,Low,30.0,0.71275,0.0532741641002093,0.697,43.96,0,2018,11,4,45,0
2018-11-12,Japan,Asia,0.756,0.688,1.508,47.22,2.86,110.2793,2.07,57.0,54.6,25.1,0,No Event,0.01,Low,30.0,0.72725,0.0507894055887568,0.756,47.49,0,2018,11,4,46,0
2018-11-19,Japan,Asia,0.785,0.713,1.785,50.37,2.29,108.9669,2.58,40.5,63.2,27.7,0,No Event,-0.58,Low,30.0,0.7484999999999999,0.0464056376048216,0.756,47.22,0,2018,11,4,47,0
2018-11-26,Japan,Asia,0.796,0.704,1.7,50.42,2.77,110.1675,0.54,46.5,75.6,29.3,0,No Event,0.25,Low,30.0,0.77325,0.0435789893464862,0.785,50.37,0,2018,11,4,48,0
2018-12-03,Japan,Asia,0.743,0.672,1.502,46.07,1.16,109.6327,2.27,49.3,71.1,27.2,0,No Event,-0.08,Low,30.0,0.77,0.0418838823445367,0.796,50.42,0,2018,12,4,49,0
2018-12-10,Japan,Asia,0.784,0.701,1.5,49.3,3.02,109.4646,2.44,54.8,47.3,27.5,0,No Event,-0.8,Low,30.0,0.7769999999999999,0.0401827084538422,0.743,46.07,0,2018,12,4,50,0
2018-12-17,Japan,Asia,0.88,0.812,1.5,54.61,2.72,107.1333,0.41,53.4,57.1,26.9,0,No Event,0.51,Low,30.0,0.8007500000000001,0.0509627536649027,0.784,49.3,0,2018,12,4,51,0
2018-12-24,Japan,Asia,0.841,0.755,1.706,53.72,1.63,110.4519,2.01,38.2,57.7,27.3,0,No Event,0.54,Low,30.0,0.8119999999999999,0.0536624016354959,0.88,54.61,1,2018,12,4,52,0
2018-12-31,Japan,Asia,0.868,0.785,1.5,55.01,1.7,109.985,1.79,53.8,42.1,26.4,0,No Event,0.74,Low,30.0,0.84325,0.0524187600690983,0.841,53.72,0,2018,12,4,1,0
2019-01-07,Japan,Asia,0.967,0.903,1.859,63.18,2.28,110.7957,2.13,53.1,54.6,29.1,0,No Event,-0.26,Low,30.0,0.889,0.058164971733206,0.868,55.01,0,2019,1,1,2,0
2019-01-14,Japan,Asia,0.866,0.794,1.896,55.62,2.54,110.5199,3.24,51.9,52.9,27.7,0,No Event,-0.84,Low,30.0,0.8855,0.0696673428055784,0.967,63.18,0,2019,1,1,3,0
2019-01-21,Japan,Asia,0.995,0.88,1.735,60.91,2.57,110.3629,0.08,53.3,45.2,26.3,0,No Event,-0.21,Low,30.0,0.924,0.078301789387481,0.866,55.62,0,2019,1,1,4,0
2019-01-28,Japan,Asia,0.925,0.822,1.566,59.23,2.39,110.1917,1.98,64.4,67.8,23.5,0,No Event,-0.72,Low,30.0,0.93825,0.0816946098794712,0.995,60.91,0,2019,1,1,5,0
2019-02-04,Japan,Asia,0.983,0.879,2.062,61.14,1.62,111.286,2.07,49.7,50.4,29.2,0,No Event,1.33,Low,30.0,0.94225,0.0823054199671471,0.925,59.23,0,2019,2,1,6,0
2019-02-11,Japan,Asia,0.985,0.868,1.854,61.2,2.41,112.6259,2.32,44.0,55.5,26.3,0,No Event,-0.07,Low,30.0,0.972,0.0824443873650529,0.983,61.14,0,2019,2,1,7,0
2019-02-18,Japan,Asia,1.037,0.924,1.981,65.8,1.98,110.9107,2.57,54.7,46.3,23.7,0,No Event,-0.42,Low,30.0,0.9825,0.0828554199529319,0.985,61.2,0,2019,2,1,8,0
2019-02-25,Japan,Asia,0.933,0.808,1.599,58.56,2.69,112.7615,2.21,55.0,47.2,27.6,0,No Event,-0.45,Low,30.0,0.9845,0.0867369387291,1.037,65.8,0,2019,2,1,9,0
2019-03-04,Japan,Asia,0.974,0.808,1.547,60.64,1.92,109.6085,4.55,54.7,46.8,21.8,0,No Event,-0.19,Low,30.0,0.98225,0.0864129303496781,0.933,58.56,0,2019,3,1,10,0
2019-03-11,Japan,Asia,1.069,0.959,1.608,65.76,1.73,109.4592,0.63,51.4,47.1,24.9,0,No Event,0.84,Low,30.0,1.00325,0.0840373199503102,0.974,60.64,0,2019,3,1,11,0
2019-03-18,Japan,Asia,0.998,0.905,1.914,63.56,2.44,112.3417,3.69,50.8,56.5,23.8,0,No Event,0.67,Low,30.0,0.9935,0.085788301401911,1.069,65.76,0,2019,3,1,12,0
2019-03-25,Japan,Asia,1.107,0.998,2.071,70.04,3.14,111.5311,-0.28,48.3,52.1,24.4,0,No Event,0.48,Low,30.0,1.037,0.0897601110450702,0.998,63.56,0,2019,3,1,13,0
2019-04-01,Japan,Asia,0.94,0.858,2.149,59.75,2.65,112.9315,2.05,52.0,55.5,27.1,0,No Event,-0.39,Low,30.0,1.0285,0.0978494151003622,1.107,70.04,0,2019,4,2,14,0
2019-04-08,Japan,Asia,1.055,0.95,2.371,66.8,2.02,109.5077,0.34,55.0,56.4,20.1,0,No Event,0.23,Low,30.0,1.025,0.0973061081948197,0.94,59.75,0,2019,4,2,15,0
2019-04-15,Japan,Asia,1.006,0.87,1.946,60.93,2.69,110.7898,1.45,60.9,42.9,29.9,0,No Event,0.62,Low,30.0,1.027,0.0900169804742701,1.055,66.8,0,2019,4,2,16,0
2019-04-22,Japan,Asia,1.029,0.89,2.082,63.79,2.68,111.2181,4.49,58.8,52.9,26.3,0,No Event,0.13,Low,30.0,1.0074999999999998,0.0869219481179381,1.006,60.93,0,2019,4,2,17,0
2019-04-29,Japan,Asia,0.991,0.954,1.693,63.55,2.48,113.8447,3.52,59.3,53.8,22.9,0,No Event,0.16,Low,30.0,1.02025,0.0864427147094364,1.029,63.79,0,2019,4,2,18,0
2019-05-06,Japan,Asia,1.037,0.925,1.733,65.54,2.35,112.5463,2.02,47.5,35.6,25.3,0,No Event,-0.09,Low,30.0,1.0157500000000002,0.0872893754758616,0.991,63.55,0,2019,5,2,19,0
2019-05-13,Japan,Asia,0.973,0.854,1.863,61.55,2.31,110.4515,1.36,64.9,38.9,25.9,0,No Event,0.63,Low,30.0,1.0075,0.0881838474269378,1.037,65.54,0,2019,5,2,20,0
2019-05-20,Japan,Asia,0.99,0.908,2.195,63.48,2.81,109.8287,1.86,52.2,54.9,24.8,0,No Event,-0.22,Low,30.0,0.99775,0.0825894081499476,0.973,61.55,0,2019,5,2,21,0
2019-05-27,Japan,Asia,1.014,0.92,1.937,64.73,2.37,110.9426,2.99,31.5,50.2,21.2,0,No Event,-0.28,Low,30.0,1.0034999999999998,0.0820062480809751,0.99,63.48,1,2019,5,2,22,0
2019-06-03,Japan,Asia,1.002,0.904,2.073,62.85,3.32,111.4075,0.23,38.8,40.7,23.8,0,No Event,-0.14,Low,30.0,0.99475,0.0768836249184913,1.014,64.73,1,2019,6,2,23,0
2019-06-10,Japan,Asia,1.087,0.928,2.439,67.83,2.42,111.4683,1.48,57.0,41.1,28.1,0,No Event,0.97,Low,30.0,1.02325,0.0778684148530756,1.002,62.85,0,2019,6,2,24,0
2019-06-17,Japan,Asia,1.032,0.929,2.213,64.75,2.14,110.6908,2.67,53.1,47.1,29.0,0,No Event,-0.38,Low,30.0,1.03375,0.0728554750807574,1.087,67.83,0,2019,6,2,25,0
2019-06-24,Japan,Asia,1.039,0.915,1.958,64.67,2.42,110.9305,4.67,40.4,51.0,27.2,0,No Event,-0.45,Low,30.0,1.04,0.0561334971583953,1.032,64.75,0,2019,6,2,26,0
2019-07-01,Japan,Asia,1.174,1.007,2.015,72.21,2.82,109.4937,2.25,40.1,21.8,24.7,0,No Event,0.04,Low,30.0,1.083,0.0575425401427465,1.039,64.67,0,2019,7,3,27,0
2019-07-08,Japan,Asia,1.044,0.955,1.951,69.56,2.24,110.7744,-0.44,53.9,43.7,29.9,0,No Event,-0.01,Low,30.0,1.07225,0.0657282220394951,1.174,72.21,0,2019,7,3,28,0
2019-07-15,Japan,Asia,1.04,0.95,1.901,65.31,2.24,109.2887,1.32,54.6,30.9,22.2,0,No Event,-0.43,Low,30.0,1.07425,0.065522356724313,1.044,69.56,0,2019,7,3,29,0
2019-07-22,Japan,Asia,1.127,0.96,1.935,69.7,3.29,109.8862,5.13,55.1,36.7,27.0,0,No Event,-1.12,Low,30.0,1.09625,0.0680664571893825,1.04,65.31,0,2019,7,3,30,0
2019-07-29,Japan,Asia,1.07,0.978,1.795,67.32,2.56,108.5712,-0.67,37.4,44.3,24.8,0,No Event,-0.23,Low,30.0,1.07025,0.0694670653139241,1.127,69.7,1,2019,7,3,31,0
2019-08-05,Japan,Asia,1.124,0.994,1.881,70.43,3.01,109.472,2.88,35.3,46.7,24.8,0,No Event,-0.06,Low,30.0,1.0902500000000002,0.0672135263180771,1.07,67.32,1,2019,8,3,32,0
2019-08-12,Japan,Asia,1.055,0.965,1.661,67.38,2.83,107.8241,3.48,51.0,40.2,22.0,0,No Event,0.58,Low,30.0,1.094,0.0706277377639038,1.124,70.43,0,2019,8,3,33,0
2019-08-19,Japan,Asia,1.116,1.004,2.172,70.83,2.51,110.0318,0.2,61.9,44.4,20.7,0,No Event,0.81,Low,30.0,1.09125,0.0719997301074518,1.055,67.38,0,2019,8,3,34,0
2019-08-26,Japan,Asia,1.084,1.012,2.375,71.38,3.0,107.7529,1.55,36.8,44.7,20.8,0,No Event,0.35,Low,30.0,1.09475,0.0726333084608489,1.116,70.83,1,2019,8,3,35,0
2019-09-02,Japan,Asia,0.736,0.654,1.54,47.34,3.02,106.2325,2.52,36.4,49.3,25.7,0,No Event,0.72,Low,30.0,0.99775,0.1157799426040839,1.084,71.38,1,2019,9,3,36,0
2019-09-09,Japan,Asia,0.68,0.575,1.5,42.7,2.44,107.532,1.29,49.1,48.9,26.9,0,No Event,-0.2,Low,30.0,0.904,0.1165266924582481,0.736,47.34,0,2019,9,3,37,0
2019-09-16,Japan,Asia,0.711,0.664,1.5,45.44,2.42,109.5743,2.82,51.7,52.3,24.9,0,No Event,-0.32,Low,30.0,0.8027500000000001,0.1180767421338325,0.68,42.7,0,2019,9,3,38,0
2019-09-23,Japan,Asia,0.687,0.615,1.5,43.41,2.99,110.2234,3.2,47.4,50.7,20.9,0,No Event,0.78,Low,30.0,0.7035,0.1077100620805176,0.711,45.44,0,2019,9,3,39,0
2019-09-30,Japan,Asia,0.695,0.621,1.5,43.78,2.11,108.4341,3.62,43.2,46.4,21.3,0,No Event,-0.96,Low,30.0,0.69325,0.1059118933954119,0.687,43.41,0,2019,9,3,40,0
2019-10-07,Japan,Asia,0.77,0.684,1.681,47.64,2.95,108.5002,2.04,46.4,53.9,28.4,0,No Event,-0.54,Low,30.0,0.71575,0.1128375311663707,0.695,43.78,0,2019,10,4,41,0
2019-10-14,Japan,Asia,0.698,0.673,1.5,44.89,2.75,109.9712,4.32,40.6,59.2,24.2,0,No Event,0.46,Low,30.0,0.7125,0.1098983445167139,0.77,47.64,0,2019,10,4,42,0
2019-10-21,Japan,Asia,0.731,0.655,1.575,43.83,2.83,110.2243,-0.86,49.4,68.1,23.1,0,No Event,0.74,Low,30.0,0.7235,0.1120550880032731,0.698,44.89,0,2019,10,4,43,0
2019-10-28,Japan,Asia,0.766,0.675,1.5,47.8,3.4,108.797,1.43,44.3,48.5,29.3,0,No Event,0.45,Low,30.0,0.74125,0.1119001349863888,0.731,43.83,0,2019,10,4,44,0
2019-11-04,Japan,Asia,0.805,0.72,1.577,51.18,2.22,109.499,3.99,39.3,62.4,20.6,0,No Event,-0.75,Low,30.0,0.75,0.1132402964812304,0.766,47.8,1,2019,11,4,45,0
2019-11-11,Japan,Asia,0.795,0.72,1.572,49.79,3.39,109.1827,2.67,35.5,34.0,28.9,0,No Event,-0.12,Low,30.0,0.7742500000000001,0.1109064787794585,0.805,51.18,0,2019,11,4,46,0
2019-11-18,Japan,Asia,0.727,0.657,1.5,46.03,3.13,109.3935,1.92,50.9,68.1,23.9,0,No Event,-0.36,Low,30.0,0.7732500000000001,0.112459162989715,0.795,49.79,0,2019,11,4,47,0
2019-11-25,Japan,Asia,0.739,0.681,1.5,46.91,2.38,111.6605,3.86,37.6,63.0,23.9,0,No Event,-0.33,Low,30.0,0.7665,0.0634865845819621,0.727,46.03,1,2019,11,4,48,0
2019-12-02,Japan,Asia,0.785,0.719,1.715,51.26,2.09,109.1244,0.52,47.3,73.5,21.4,0,No Event,-0.06,Low,30.0,0.7615000000000001,0.0604660800327096,0.739,46.91,0,2019,12,4,49,0
2019-12-09,Japan,Asia,0.827,0.723,1.505,51.34,2.01,109.8115,2.69,64.8,45.1,24.7,0,No Event,0.66,Low,30.0,0.7695000000000001,0.0608869029238792,0.785,51.26,0,2019,12,4,50,0
2019-12-16,Japan,Asia,0.825,0.75,1.649,53.25,2.7,109.291,1.85,51.9,55.9,20.5,0,No Event,-0.12,Low,30.0,0.7939999999999999,0.0592852534176483,0.827,51.34,0,2019,12,4,51,0
2019-12-23,Japan,Asia,0.89,0.782,1.603,54.59,2.86,108.8492,2.21,47.3,43.1,22.9,0,No Event,-0.58,Low,30.0,0.83175,0.06184694752904,0.825,53.25,0,2019,12,4,52,0
2019-12-30,Japan,Asia,0.848,0.778,1.5,54.85,2.29,110.2347,0.81,52.4,47.2,29.4,0,No Event,-0.11,Low,30.0,0.8474999999999999,0.0585131629816359,0.89,54.59,0,2019,12,4,1,0
2020-01-06,Japan,Asia,0.889,0.794,1.89,56.19,3.19,112.5051,1.7,46.9,49.1,25.7,0,No Event,-0.84,Low,30.0,0.863,0.0493921299162374,0.848,54.85,0,2020,1,1,2,0
2020-01-13,Japan,Asia,0.803,0.75,1.779,51.08,2.89,110.2736,2.79,48.9,50.1,23.8,0,No Event,-0.17,Low,30.0,0.8575,0.0590995085567398,0.889,56.19,0,2020,1,1,3,0
2020-01-20,Japan,Asia,0.887,0.81,1.5,56.91,3.07,112.4207,5.25,61.6,59.4,21.7,0,No Event,-0.36,Low,30.0,0.85675,0.0644738841328049,0.803,51.08,0,2020,1,1,4,0
2020-01-27,Japan,Asia,0.966,0.832,2.07,59.61,2.72,110.4031,4.14,30.4,73.1,21.6,0,No Event,-0.38,Low,30.0,0.88625,0.0673254161925348,0.887,56.91,1,2020,1,1,5,0
2020-02-03,Japan,Asia,0.904,0.795,1.697,56.18,3.38,112.3311,3.4,32.4,51.7,32.5,1,COVID-19 Pandemic,0.44,Low,30.0,0.89,0.0709689500791236,0.966,59.61,1,2020,2,1,6,0
2020-02-10,Japan,Asia,1.053,0.975,2.108,67.59,1.96,112.502,4.29,54.2,58.5,50.2,1,COVID-19 Pandemic,-0.19,Low,30.0,0.9525,0.0759657102146878,0.904,56.18,0,2020,2,1,7,0
2020-02-17,Japan,Asia,1.013,0.943,2.078,64.78,2.21,111.4073,2.94,55.3,55.9,22.0,0,No Event,-0.65,Low,30.0,0.984,0.0786831658200695,1.053,67.59,0,2020,2,1,8,0
2020-02-24,Japan,Asia,1.074,0.939,2.102,66.74,2.75,111.2606,1.57,53.1,53.5,30.5,1,COVID-19 Pandemic,0.85,Low,30.0,1.011,0.0786083188475564,1.013,64.78,0,2020,2,1,9,0
2020-03-02,Japan,Asia,1.122,1.04,2.14,72.38,2.42,112.0311,3.93,62.8,46.5,35.4,1,COVID-19 Pandemic,-0.57,Low,30.0,1.0655,0.0784019350014158,1.074,66.74,0,2020,3,1,10,0
2020-03-09,Japan,Asia,1.222,1.075,2.657,76.89,2.78,111.1306,-0.17,54.7,40.8,23.7,0,No Event,1.06,Low,30.0,1.10775,0.0795649345045148,1.122,72.38,0,2020,3,1,11,0
2020-03-16,Japan,Asia,1.102,1.005,1.713,70.57,6.32,111.6569,3.6,59.2,57.2,50.6,1,COVID-19 Pandemic,-1.39,Low,30.0,1.13,0.0869958528503726,1.222,76.89,0,2020,3,1,12,0
2020-03-23,Japan,Asia,1.203,1.073,2.587,75.8,5.0,112.5658,3.76,56.1,44.4,43.6,1,COVID-19 Pandemic,0.38,Low,30.0,1.1622500000000002,0.0862766153008099,1.102,70.57,0,2020,3,1,13,0
2020-03-30,Japan,Asia,1.212,1.096,2.112,75.99,4.62,110.7938,1.14,65.1,52.0,40.0,1,COVID-19 Pandemic,0.13,Low,30.0,1.18475,0.0864200707129336,1.203,75.8,0,2020,3,1,14,0
2020-04-06,Japan,Asia,1.225,1.103,2.559,76.19,2.71,109.3961,1.06,58.8,51.1,25.8,0,No Event,-0.15,Low,30.0,1.1855,0.0772226999306581,1.212,75.99,0,2020,4,2,15,0
2020-04-13,Japan,Asia,1.285,1.175,2.554,81.96,3.77,113.8651,1.68,63.4,54.0,47.0,1,COVID-19 Pandemic,-0.45,Low,30.0,1.23125,0.0745158423641622,1.225,76.19,0,2020,4,2,16,0
2020-04-20,Japan,Asia,1.379,1.194,2.13,82.94,4.13,110.2587,3.43,57.2,44.8,39.7,1,COVID-19 Pandemic,-0.13,Low,30.0,1.27525,0.0735799777147953,1.285,81.96,0,2020,4,2,17,0
2020-04-27,Japan,Asia,1.358,1.22,2.413,85.77,1.76,111.0857,1.91,52.9,46.5,36.7,1,COVID-19 Pandemic,-0.13,Low,30.0,1.31175,0.068940731127643,1.379,82.94,0,2020,4,2,18,0
2020-05-04,Japan,Asia,1.358,1.217,2.044,85.1,2.42,110.7883,1.05,53.9,63.5,31.7,1,COVID-19 Pandemic,0.51,Low,30.0,1.345,0.0563447641269212,1.358,85.77,0,2020,5,2,19,0
2020-05-11,Japan,Asia,1.341,1.168,2.494,83.25,2.4,112.1888,0.81,53.2,46.5,26.9,0,No Event,-0.2,Low,30.0,1.3590000000000002,0.0542855039239422,1.358,85.1,0,2020,5,2,20,0
2020-05-18,Japan,Asia,1.351,1.206,2.331,85.85,3.17,111.7725,0.78,45.1,57.3,38.8,1,COVID-19 Pandemic,-0.28,Low,30.0,1.352,0.0533021534049375,1.341,83.25,0,2020,5,2,21,0
2020-05-25,Japan,Asia,1.39,1.238,2.859,87.18,1.97,110.9678,2.76,47.4,57.8,45.0,1,COVID-19 Pandemic,-0.16,Low,30.0,1.36,0.052845963030114,1.351,85.85,0,2020,5,2,22,0
2020-06-01,Japan,Asia,1.013,0.888,1.612,63.49,2.75,111.1863,5.42,46.4,47.8,45.3,1,COVID-19 Pandemic,0.89,Low,30.0,1.27375,0.0950694656688429,1.39,87.18,0,2020,6,2,23,0
2020-06-08,Japan,Asia,0.864,0.791,1.931,55.87,2.92,109.1635,4.49,52.4,47.1,42.0,1,COVID-19 Pandemic,-0.82,Low,30.0,1.1545,0.1000739797584217,1.013,63.49,0,2020,6,2,24,0
2020-06-15,Japan,Asia,1.004,0.895,2.277,64.36,2.57,110.9706,2.55,38.9,43.6,40.2,1,COVID-19 Pandemic,0.39,Low,30.0,1.0677499999999998,0.1085822079938986,0.864,55.87,1,2020,6,2,25,0
2020-06-22,Japan,Asia,0.845,0.748,1.5,52.6,4.42,110.8144,2.22,58.7,49.6,32.7,1,COVID-19 Pandemic,-0.58,Low,30.0,0.9315,0.1165626721257277,1.004,64.36,0,2020,6,2,26,0
2020-06-29,Japan,Asia,0.889,0.808,1.979,55.59,4.22,108.5924,0.46,45.6,41.6,36.1,1,COVID-19 Pandemic,0.24,Low,30.0,0.9005,0.1182416327417065,0.845,52.6,0,2020,6,2,27,0
2020-07-06,Japan,Asia,0.881,0.805,1.533,55.69,2.42,111.5553,1.33,61.2,47.0,42.0,1,COVID-19 Pandemic,0.29,Low,30.0,0.90475,0.1163666976169746,0.889,55.59,0,2020,7,3,28,0
2020-07-13,Japan,Asia,0.866,0.806,1.688,55.51,4.32,109.6639,3.33,47.2,64.6,43.1,1,COVID-19 Pandemic,0.32,Low,30.0,0.87025,0.1123542119506865,0.881,55.69,0,2020,7,3,29,0
2020-07-20,Japan,Asia,0.769,0.682,1.5,48.19,4.97,109.8483,2.58,62.2,49.1,28.6,1,COVID-19 Pandemic,0.02,Low,30.0,0.8512500000000001,0.1145195737378694,0.866,55.51,0,2020,7,3,30,0
2020-07-27,Japan,Asia,0.765,0.711,1.5,48.78,2.43,111.0456,-0.87,43.5,46.5,23.1,0,No Event,0.43,Low,30.0,0.82025,0.1143652496535816,0.769,48.19,0,2020,7,3,31,0
2020-08-03,Japan,Asia,0.782,0.715,1.754,48.99,2.74,109.4515,0.51,44.6,51.1,43.8,1,COVID-19 Pandemic,0.44,Low,30.0,0.7955000000000001,0.115562214178297,0.765,48.78,0,2020,8,3,32,0
2020-08-10,Japan,Asia,0.738,0.675,1.5,47.92,1.44,109.2236,3.5,42.7,49.5,45.8,1,COVID-19 Pandemic,-0.1,Low,30.0,0.7635000000000001,0.1147814644038261,0.782,48.99,0,2020,8,3,33,0
2020-08-17,Japan,Asia,0.783,0.716,1.569,50.59,4.5,108.8596,2.3,37.3,47.0,41.7,1,COVID-19 Pandemic,1.14,Low,30.0,0.767,0.1169521472598328,0.738,47.92,1,2020,8,3,34,0
2020-08-24,Japan,Asia,0.8,0.698,1.703,48.56,2.69,109.681,2.62,46.5,58.3,28.1,0,No Event,-0.54,Low,30.0,0.7757499999999999,0.092241861725649,0.783,50.59,0,2020,8,3,35,0
2020-08-31,Japan,Asia,0.756,0.649,1.5,46.57,2.02,109.5864,2.31,45.2,48.9,20.5,0,No Event,-0.66,Low,30.0,0.76925,0.0837373809258472,0.8,48.56,0,2020,8,3,36,0
2020-09-07,Japan,Asia,0.769,0.703,1.544,47.8,2.6,107.4166,2.96,49.8,40.3,28.2,0,No Event,-0.28,Low,30.0,0.777,0.0654753928843576,0.756,46.57,0,2020,9,3,37,0
2020-09-14,Japan,Asia,0.742,0.672,1.542,45.67,2.54,110.3633,0.06,35.8,55.9,25.1,0,No Event,-0.46,Low,30.0,0.76675,0.0494951437109019,0.769,47.8,1,2020,9,3,38,0
2020-09-21,Japan,Asia,0.742,0.67,1.507,46.33,2.93,110.5935,0.69,38.3,50.3,22.5,0,No Event,0.96,Low,30.0,0.7522500000000001,0.045734717957387,0.742,45.67,1,2020,9,3,39,0
2020-09-28,Japan,Asia,0.732,0.69,1.5,47.27,2.55,109.7729,5.15,39.1,68.7,28.5,0,No Event,0.17,Low,30.0,0.74625,0.0457088288578852,0.742,46.33,1,2020,9,3,40,0
2020-10-05,Japan,Asia,0.717,0.64,1.5,45.9,1.99,109.7373,1.88,49.6,50.9,26.5,0,No Event,-0.65,Low,30.0,0.73325,0.0457383373535893,0.732,47.27,0,2020,10,4,41,0
2020-10-12,Japan,Asia,0.731,0.657,1.5,45.45,2.46,110.701,1.41,54.2,38.5,24.3,0,No Event,-0.08,Low,30.0,0.7304999999999999,0.0347087626548271,0.717,45.9,0,2020,10,4,42,0
2020-10-19,Japan,Asia,0.762,0.688,1.5,47.53,1.96,108.4101,1.93,52.4,52.4,23.3,0,No Event,1.29,Low,30.0,0.7354999999999999,0.0371515527478255,0.731,45.45,0,2020,10,4,43,0
2020-10-26,Japan,Asia,0.786,0.706,1.5,49.56,1.89,111.8339,1.47,46.7,37.1,29.7,0,No Event,0.23,Low,30.0,0.749,0.0377406416133195,0.762,47.53,0,2020,10,4,44,0
2020-11-02,Japan,Asia,0.784,0.671,1.5,49.25,2.78,110.5578,1.82,45.6,58.5,22.7,0,No Event,0.49,Low,30.0,0.76575,0.0332373429111146,0.786,49.56,0,2020,11,4,45,0
2020-11-09,Japan,Asia,0.776,0.714,1.659,49.64,3.18,110.0201,1.06,44.7,41.6,27.8,0,No Event,-0.58,Low,30.0,0.777,0.0284556413976588,0.784,49.25,0,2020,11,4,46,0
2020-11-16,Japan,Asia,0.854,0.772,1.541,53.41,2.39,109.621,-0.02,47.2,40.4,28.3,0,No Event,-0.58,Low,30.0,0.8,0.040542252393023,0.776,49.64,0,2020,11,4,47,0
2020-11-23,Japan,Asia,0.774,0.704,1.631,49.46,2.43,108.8556,1.15,57.1,51.2,29.2,0,No Event,0.49,Low,30.0,0.797,0.0468897489043202,0.854,53.41,0,2020,11,4,48,0
2020-11-30,Japan,Asia,0.834,0.77,1.657,53.8,2.45,109.635,1.75,40.8,69.8,27.8,0,No Event,-0.44,Low,30.0,0.8095,0.0515550614483367,0.774,49.46,0,2020,11,4,49,0
2020-12-07,Japan,Asia,0.828,0.771,1.5,52.74,3.05,110.0239,3.86,48.5,60.4,22.1,0,No Event,-0.87,Low,30.0,0.8225,0.0500406744164725,0.834,53.8,0,2020,12,4,50,0
2020-12-14,Japan,Asia,0.824,0.758,1.638,51.6,2.12,110.0055,0.91,70.9,65.9,24.0,0,No Event,0.14,Low,30.0,0.815,0.0501505841396083,0.828,52.74,0,2020,12,4,51,0
2020-12-21,Japan,Asia,0.88,0.784,1.5,56.21,1.68,110.3159,2.7,46.7,41.8,29.4,0,No Event,0.62,Low,30.0,0.8414999999999999,0.0521662519457378,0.824,51.6,0,2020,12,4,52,0
2020-12-28,Japan,Asia,0.957,0.814,1.551,58.49,3.19,109.2187,1.53,48.5,35.5,20.0,0,No Event,0.42,Low,30.0,0.87225,0.0544314056314776,0.88,56.21,0,2020,12,4,53,0
2021-01-04,Japan,Asia,0.948,0.87,1.556,59.68,2.82,110.5338,1.43,45.9,50.5,23.6,0,No Event,-0.46,Low,30.0,0.90225,0.0553627455430341,0.957,58.49,0,2021,1,1,1,0
2021-01-11,Japan,Asia,0.98,0.907,1.571,62.6,2.29,109.4495,3.55,53.4,56.6,25.1,0,No Event,-0.15,Low,30.0,0.94125,0.0551471265881138,0.948,59.68,0,2021,1,1,2,0
2021-01-18,Japan,Asia,0.951,0.854,2.066,58.47,2.14,110.3027,3.79,45.3,52.4,28.3,0,No Event,-0.62,Low,30.0,0.959,0.0570358734418394,0.98,62.6,0,2021,1,1,3,0
2021-01-25,Japan,Asia,1.026,0.937,2.257,63.61,2.1,111.0978,2.51,57.6,57.5,28.2,0,No Event,1.58,Low,30.0,0.97625,0.0592361754482506,0.951,58.47,0,2021,1,1,4,0
2021-02-01,Japan,Asia,1.016,0.866,1.949,61.84,2.57,110.8421,2.37,46.4,68.7,23.5,0,No Event,-0.28,Low,30.0,0.99325,0.0592121147703103,1.026,63.61,0,2021,2,1,5,0
2021-02-08,Japan,Asia,1.048,0.867,2.156,63.34,2.84,112.5439,0.79,57.6,50.1,26.1,0,No Event,-0.22,Low,30.0,1.01025,0.0542834715139751,1.016,61.84,0,2021,2,1,6,0
2021-02-15,Japan,Asia,1.003,0.924,1.961,63.43,2.71,111.5129,2.7,50.8,42.0,25.6,0,No Event,0.58,Low,30.0,1.02325,0.0461073017125075,1.048,63.34,0,2021,2,1,7,0
2021-02-22,Japan,Asia,1.049,0.941,1.598,65.52,3.2,112.5562,3.3,41.5,58.1,29.2,0,No Event,-1.01,Low,30.0,1.029,0.0435240321941369,1.003,63.43,0,2021,2,1,8,0
2021-03-01,Japan,Asia,1.028,0.974,1.921,65.61,2.52,109.6184,2.85,37.6,62.0,27.2,0,No Event,0.16,Low,30.0,1.032,0.0444049038868376,1.049,65.52,1,2021,3,1,9,0
2021-03-08,Japan,Asia,1.058,0.932,1.75,66.17,2.06,110.0003,2.77,49.5,63.1,24.9,0,No Event,-0.04,Low,30.0,1.0345,0.043821925213625,1.028,65.61,0,2021,3,1,10,0
2021-03-15,Japan,Asia,1.105,0.986,2.053,68.55,2.27,110.897,2.57,50.9,67.6,24.4,0,No Event,-0.36,Low,30.0,1.06,0.0420648354102695,1.058,66.17,0,2021,3,1,11,0
2021-03-22,Japan,Asia,1.005,0.903,2.148,62.86,3.5,109.7138,-0.46,62.3,61.5,27.1,0,No Event,-0.44,Low,30.0,1.049,0.0471543905242741,1.105,68.55,0,2021,3,1,12,0
2021-03-29,Japan,Asia,1.087,0.944,2.415,67.19,2.65,110.474,2.03,58.1,45.5,20.6,0,No Event,1.19,Low,30.0,1.06375,0.051704324342387,1.005,62.86,0,2021,3,1,13,0
2021-04-05,Japan,Asia,1.055,1.031,2.489,69.81,2.84,111.3016,2.5,68.2,60.6,26.7,0,No Event,-0.41,Low,30.0,1.063,0.0525755620285384,1.087,67.19,0,2021,4,2,14,0
2021-04-12,Japan,Asia,1.09,0.964,1.838,66.16,2.45,113.7318,3.32,57.6,47.7,20.4,0,No Event,0.58,Low,30.0,1.05925,0.0516717689544437,1.055,69.81,0,2021,4,2,15,0
2021-04-19,Japan,Asia,1.032,0.911,2.256,65.11,2.91,109.4992,0.27,41.2,47.5,26.8,0,No Event,-0.53,Low,30.0,1.066,0.0503377528562044,1.09,66.16,0,2021,4,2,16,0
2021-04-26,Japan,Asia,1.059,0.937,1.562,64.71,2.42,112.9485,1.06,67.5,48.2,20.8,0,No Event,-0.58,Low,30.0,1.0590000000000002,0.0506645309816106,1.032,65.11,0,2021,4,2,17,0
2021-05-03,Japan,Asia,1.034,0.937,1.808,64.65,3.97,111.3515,2.02,69.6,36.1,29.3,0,No Event,-0.34,Low,30.0,1.05375,0.0505069489662146,1.059,64.71,0,2021,5,2,18,0
2021-05-10,Japan,Asia,0.991,0.9,2.11,62.3,3.1,110.0992,3.75,49.7,37.2,23.4,0,No Event,-0.12,Low,30.0,1.029,0.0504036554282507,1.034,64.65,0,2021,5,2,19,0
2021-05-17,Japan,Asia,0.982,0.876,1.814,62.17,2.64,109.7679,1.82,56.5,42.9,27.9,0,No Event,-0.77,Low,30.0,1.0165,0.0483284509120708,0.991,62.3,0,2021,5,2,20,0
2021-05-24,Japan,Asia,0.973,0.845,1.569,60.15,2.62,111.6936,1.73,41.2,42.0,23.8,0,No Event,-0.59,Low,30.0,0.995,0.0481108125236343,0.982,62.17,0,2021,5,2,21,0
2021-05-31,Japan,Asia,1.02,0.918,2.23,64.37,2.52,111.5681,4.71,44.4,31.4,21.4,0,No Event,0.79,Low,30.0,0.9915,0.0495858785463593,0.973,60.15,0,2021,5,2,22,0
2021-06-07,Japan,Asia,0.958,0.832,1.505,59.12,3.14,107.3653,3.01,52.2,49.1,24.5,0,No Event,-0.11,Low,30.0,0.98325,0.0499483286395334,1.02,64.37,0,2021,6,2,23,0
2021-06-14,Japan,Asia,0.863,0.807,1.769,57.34,2.86,110.8305,0.32,63.6,59.4,24.7,0,No Event,-0.26,Low,30.0,0.9535,0.0512530926027418,0.958,59.12,0,2021,6,2,24,0
2021-06-21,Japan,Asia,0.932,0.834,2.006,57.43,2.59,111.2963,0.75,39.9,44.8,22.9,0,No Event,0.97,Low,30.0,0.94325,0.0509843286709283,0.863,57.34,1,2021,6,2,25,0
2021-06-28,Japan,Asia,0.897,0.793,1.864,56.49,2.39,110.3724,3.46,55.2,39.2,29.8,0,No Event,-0.55,Low,30.0,0.9125,0.0512962199529173,0.932,57.43,0,2021,6,2,26,0
2021-07-05,Japan,Asia,0.861,0.783,1.84,53.63,2.04,108.671,2.54,44.9,47.7,25.3,0,No Event,0.4,Low,30.0,0.8882500000000001,0.0497410715105485,0.897,56.49,0,2021,7,3,27,0
2021-07-12,Japan,Asia,0.844,0.716,1.5,52.28,2.99,108.7408,2.09,46.6,51.6,23.0,0,No Event,0.21,Low,30.0,0.8835000000000001,0.0485305707040331,0.861,53.63,0,2021,7,3,28,0
2021-07-19,Japan,Asia,0.828,0.729,1.5,52.7,3.08,108.5092,3.6,48.9,28.2,21.8,0,No Event,-0.53,Low,30.0,0.8574999999999999,0.0467205237163982,0.844,52.28,0,2021,7,3,29,0
2021-07-26,Japan,Asia,0.852,0.757,1.842,52.42,3.15,111.3956,3.06,61.1,51.0,25.8,0,No Event,-0.24,Low,30.0,0.84625,0.0487037648931586,0.828,52.7,0,2021,7,3,30,0
2021-08-02,Japan,Asia,0.765,0.682,1.711,47.92,2.35,108.0653,2.5,36.6,33.2,28.7,0,No Event,0.16,Low,30.0,0.8222499999999999,0.0545060036741102,0.852,52.42,0,2021,8,3,31,0
2021-08-09,Japan,Asia,0.83,0.707,1.5,50.11,3.35,107.3457,3.02,43.2,59.7,20.5,0,No Event,-0.21,Low,30.0,0.81875,0.0624013592780767,0.765,47.92,0,2021,8,3,32,0
2021-08-16,Japan,Asia,0.815,0.72,1.5,51.23,2.45,109.9276,5.12,46.7,51.6,20.7,0,No Event,-0.04,Low,30.0,0.8155,0.062416025893676,0.83,50.11,0,2021,8,3,33,0
2021-08-23,Japan,Asia,0.721,0.642,1.593,45.16,2.55,109.8745,3.54,36.8,52.9,29.1,0,No Event,-0.18,Low,30.0,0.7827500000000001,0.0656315977069166,0.815,51.23,1,2021,8,3,34,0
2021-08-30,Japan,Asia,0.75,0.648,1.5,45.53,2.73,110.1259,1.68,52.3,52.7,27.6,0,No Event,-0.21,Low,30.0,0.779,0.0672904266817317,0.721,45.16,0,2021,8,3,35,0
2021-09-06,Japan,Asia,0.751,0.672,1.5,46.14,3.07,108.5719,2.73,39.4,47.0,29.2,0,No Event,0.08,Low,30.0,0.75925,0.0623540277574472,0.75,45.53,1,2021,9,3,36,0
2021-09-13,Japan,Asia,0.739,0.673,1.715,47.79,2.51,109.67,1.32,41.4,52.0,29.8,0,No Event,-0.61,Low,30.0,0.74025,0.055597744832044,0.751,46.14,0,2021,9,3,37,0
2021-09-20,Japan,Asia,0.793,0.7,1.707,48.67,2.52,108.3503,-1.92,42.7,56.2,22.0,0,No Event,0.99,Low,30.0,0.75825,0.0609227387874571,0.739,47.79,0,2021,9,3,38,0
2021-09-27,Japan,Asia,0.75,0.681,1.731,48.11,2.95,109.4547,1.05,39.1,42.4,28.9,0,No Event,-1.28,Low,30.0,0.75825,0.061718891341342,0.793,48.67,1,2021,9,3,39,0
2021-10-04,Japan,Asia,0.781,0.698,1.749,49.11,2.49,109.1677,0.06,31.8,56.6,22.9,0,No Event,0.06,Low,30.0,0.76575,0.0633090889133366,0.75,48.11,1,2021,10,4,40,0
2021-10-11,Japan,Asia,0.752,0.634,1.5,46.48,2.19,107.2921,-0.18,50.6,50.4,20.4,0,No Event,0.24,Low,30.0,0.769,0.0638993634716453,0.781,49.11,0,2021,10,4,41,0
2021-10-18,Japan,Asia,0.782,0.671,1.659,47.47,2.71,107.5282,-0.79,50.0,59.7,25.8,0,No Event,-0.63,Low,30.0,0.76625,0.0645181121347259,0.752,46.48,0,2021,10,4,42,0
2021-10-25,Japan,Asia,0.733,0.622,1.5,45.14,2.72,108.2303,4.2,39.9,57.8,26.7,0,No Event,0.0,Low,30.0,0.762,0.0599741756794193,0.782,47.47,1,2021,10,4,43,0
2021-11-01,Japan,Asia,0.795,0.675,1.718,49.01,2.91,108.3768,2.43,49.6,56.0,22.5,0,No Event,-0.35,Low,30.0,0.7655,0.0599237809540821,0.733,45.14,0,2021,11,4,44,0
2021-11-08,Japan,Asia,0.765,0.694,1.5,48.62,3.71,110.6996,0.82,42.4,52.1,22.6,0,No Event,0.28,Low,30.0,0.76875,0.0606700105751706,0.795,49.01,0,2021,11,4,45,0
2021-11-15,Japan,Asia,0.791,0.698,1.5,49.76,3.25,109.0773,3.14,56.4,48.2,29.2,0,No Event,0.16,Low,30.0,0.771,0.0500404865973016,0.765,48.62,0,2021,11,4,46,0
2021-11-22,Japan,Asia,0.788,0.702,1.507,49.72,1.75,109.0304,2.76,49.4,67.3,21.3,0,No Event,-0.17,Low,30.0,0.7847500000000001,0.0491402232885848,0.791,49.76,0,2021,11,4,47,0
2021-11-29,Japan,Asia,0.867,0.768,1.5,54.22,3.06,109.2605,0.58,39.6,55.1,26.2,0,No Event,0.3,Low,30.0,0.8027500000000001,0.0562159852151043,0.788,49.72,1,2021,11,4,48,0
2021-12-06,Japan,Asia,0.888,0.804,1.5,55.91,2.28,111.0184,3.11,56.1,61.4,27.1,0,No Event,0.25,Low,30.0,0.8335,0.0554949405592551,0.867,54.22,0,2021,12,4,49,0
2021-12-13,Japan,Asia,0.846,0.749,1.5,53.05,2.02,108.9049,1.52,53.1,54.0,28.2,0,No Event,-0.32,Low,30.0,0.8472500000000001,0.0552804022095026,0.888,55.91,0,2021,12,4,50,0
2021-12-20,Japan,Asia,0.972,0.859,1.93,59.43,3.02,112.5292,3.47,42.0,46.4,21.2,0,No Event,-0.24,Low,30.0,0.89325,0.0651292827267094,0.846,53.05,0,2021,12,4,51,0
2021-12-27,Japan,Asia,0.911,0.838,2.016,58.45,2.79,110.6805,1.46,57.4,56.7,28.9,0,No Event,-0.13,Low,30.0,0.90425,0.0693635962142381,0.972,59.43,0,2021,12,4,52,0
2022-01-03,Japan,Asia,0.931,0.848,1.721,58.79,3.37,109.4722,2.48,53.3,62.4,23.5,0,No Event,0.24,Low,30.0,0.915,0.0673924425231311,0.911,58.45,0,2022,1,1,1,0
2022-01-10,Japan,Asia,0.919,0.838,1.779,59.72,2.51,109.9547,0.15,51.5,54.2,21.5,0,No Event,-0.33,Low,30.0,0.93325,0.0676953768661787,0.931,58.79,0,2022,1,1,2,0
2022-01-17,Japan,Asia,1.007,0.873,1.501,61.35,2.37,111.2437,0.03,40.6,59.1,29.0,0,No Event,-0.57,Low,30.0,0.942,0.0664891506190481,0.919,59.72,0,2022,1,1,3,0
2022-01-24,Japan,Asia,0.974,0.855,2.039,61.44,2.22,111.3706,2.23,43.9,59.7,29.4,0,No Event,-0.05,Low,30.0,0.95775,0.0661629319848446,1.007,61.35,0,2022,1,1,4,0
2022-01-31,Japan,Asia,1.009,0.843,2.161,62.21,3.07,111.6358,0.72,43.1,59.9,29.0,0,No Event,-0.05,Low,30.0,0.97725,0.0637965943233488,0.974,61.44,0,2022,1,1,5,0
2022-02-07,Japan,Asia,1.024,0.88,1.754,64.35,2.86,107.5185,3.9,57.4,51.0,26.5,0,No Event,-0.04,Low,30.0,1.0034999999999998,0.0637939979079857,1.009,62.21,0,2022,2,1,6,0
2022-02-14,Japan,Asia,1.129,0.987,1.75,69.23,2.03,110.7286,0.85,62.3,56.0,24.2,0,No Event,0.6,Low,30.0,1.034,0.0669593790833514,1.024,64.35,0,2022,2,1,7,0
2022-02-21,Japan,Asia,1.14,1.041,1.878,72.15,6.32,111.0897,3.22,48.0,57.4,62.0,1,Russia-Ukraine War,0.0,Low,30.0,1.0755,0.0636359325426738,1.129,69.23,0,2022,2,1,8,0
2022-02-28,Japan,Asia,1.201,1.036,2.005,73.67,8.64,109.5468,-1.37,76.1,62.7,57.9,1,Russia-Ukraine War,-0.29,Low,30.0,1.1235,0.0641689010708235,1.14,72.15,0,2022,2,1,9,0
2022-03-07,Japan,Asia,1.279,1.137,2.675,79.7,6.28,109.8024,3.41,36.6,44.6,44.1,1,Russia-Ukraine War,-0.8,Low,30.0,1.18725,0.0603761985490032,1.201,73.67,1,2022,3,1,10,0
2022-03-14,Japan,Asia,1.198,1.033,1.91,74.32,3.12,110.2612,2.24,59.1,53.4,21.8,0,No Event,-0.3,Low,30.0,1.2045,0.0553748758573884,1.279,79.7,0,2022,3,1,11,0
2022-03-21,Japan,Asia,1.247,1.142,2.012,80.56,2.98,112.8382,0.1,56.6,55.6,23.5,0,No Event,-0.07,Low,30.0,1.23125,0.0492108629662828,1.198,74.32,0,2022,3,1,12,0
2022-03-28,Japan,Asia,1.292,1.194,2.008,82.37,2.23,109.401,1.18,52.8,32.8,23.6,0,No Event,-0.33,Low,30.0,1.254,0.0492326546882821,1.247,80.56,0,2022,3,1,13,0
2022-04-04,Japan,Asia,1.297,1.189,2.312,82.56,2.14,108.785,1.31,52.3,46.6,23.0,0,No Event,-0.48,Low,30.0,1.2585,0.0481695463421116,1.292,82.37,0,2022,4,2,14,0
2022-04-11,Japan,Asia,1.244,1.185,2.433,82.3,10.03,112.9765,0.5,45.6,53.7,58.3,1,Russia-Ukraine War,-0.48,Low,30.0,1.27,0.0473981054067075,1.297,82.56,0,2022,4,2,15,0
2022-04-18,Japan,Asia,1.306,1.16,1.947,78.96,2.37,110.1448,-0.56,53.0,47.7,21.7,0,No Event,0.0,Low,30.0,1.28475,0.0451763462430711,1.244,82.3,0,2022,4,2,16,0
2022-04-25,Japan,Asia,1.331,1.138,2.122,82.11,1.88,111.0872,1.67,52.7,63.9,25.9,0,No Event,-0.09,Low,30.0,1.2945,0.0450894891369447,1.306,78.96,0,2022,4,2,17,0
2022-05-02,Japan,Asia,1.32,1.139,2.228,81.86,9.28,110.4767,1.01,49.7,35.5,62.0,1,Russia-Ukraine War,-0.41,Low,30.0,1.30025,0.046013031193929,1.331,82.11,0,2022,5,2,18,0
2022-05-09,Japan,Asia,1.405,1.21,2.89,86.43,1.73,109.4329,0.5,43.8,44.0,20.9,0,No Event,-0.35,Low,30.0,1.3405,0.0410153187439324,1.32,81.86,0,2022,5,2,19,0
2022-05-16,Japan,Asia,1.347,1.22,2.317,86.32,4.59,110.8599,3.07,49.9,37.5,44.8,1,Russia-Ukraine War,-0.57,Low,30.0,1.35075,0.0445714605585077,1.405,86.43,0,2022,5,2,20,0
2022-05-23,Japan,Asia,1.458,1.239,2.784,91.85,2.93,110.6896,1.23,52.3,47.2,24.2,0,No Event,-0.2,Low,30.0,1.3825,0.047528748342609,1.347,86.32,0,2022,5,2,21,0
2022-05-30,Japan,Asia,1.029,0.935,2.225,64.65,3.07,109.4805,4.27,51.3,44.8,20.3,0,No Event,0.19,Low,30.0,1.30975,0.0994980867238223,1.458,91.85,0,2022,5,2,22,0
2022-06-06,Japan,Asia,0.981,0.912,1.986,64.22,2.66,109.7975,2.08,49.7,52.7,26.0,0,No Event,-0.27,Low,30.0,1.20375,0.0988393380242863,1.029,64.65,0,2022,6,2,23,0
2022-06-13,Japan,Asia,0.998,0.901,1.675,63.15,2.49,109.5674,0.22,47.0,44.4,27.9,0,No Event,0.78,Low,30.0,1.1165,0.0979394079428495,0.981,64.22,0,2022,6,2,24,0
2022-06-20,Japan,Asia,0.95,0.806,1.942,57.87,2.52,111.595,2.82,50.6,42.2,27.4,0,No Event,-0.42,Low,30.0,0.9895,0.09710061592744,0.998,63.15,0,2022,6,2,25,0
2022-06-27,Japan,Asia,0.878,0.782,1.694,53.87,3.15,109.8759,0.18,68.0,53.5,23.9,0,No Event,0.3,Low,30.0,0.95175,0.0980239778493804,0.95,57.87,0,2022,6,2,26,0
2022-07-04,Japan,Asia,0.924,0.85,1.582,58.59,2.54,110.5853,1.99,52.9,44.1,23.2,0,No Event,0.38,Low,30.0,0.9375,0.1004769810170174,0.878,53.87,0,2022,7,3,27,0
2022-07-11,Japan,Asia,0.868,0.732,1.622,52.42,2.66,110.8274,1.05,47.7,42.2,24.9,0,No Event,-0.0,Low,30.0,0.905,0.0986327285664417,0.924,58.59,0,2022,7,3,28,0
2022-07-18,Japan,Asia,0.931,0.813,1.737,57.35,7.19,110.2287,1.7,54.7,42.1,53.5,1,Russia-Ukraine War,-0.36,Low,30.0,0.90025,0.102112991684367,0.868,52.42,0,2022,7,3,29,0
2022-07-25,Japan,Asia,0.92,0.833,1.879,56.9,2.81,111.4177,1.39,37.6,47.7,26.0,0,No Event,-0.78,Low,30.0,0.91075,0.1020689574526975,0.931,57.35,1,2022,7,3,30,0
2022-08-01,Japan,Asia,0.806,0.712,1.609,50.44,3.27,108.5526,1.99,48.6,40.6,20.6,0,No Event,-0.27,Low,30.0,0.88125,0.1016991410616192,0.92,56.9,0,2022,8,3,31,0
2022-08-08,Japan,Asia,0.763,0.649,1.5,46.91,3.67,108.6818,-0.97,45.8,45.6,21.7,0,No Event,-0.4,Low,30.0,0.855,0.1017746953467218,0.806,50.44,0,2022,8,3,32,0
2022-08-15,Japan,Asia,0.815,0.748,1.783,51.87,5.92,107.4497,-0.2,37.8,43.1,53.0,1,Russia-Ukraine War,0.19,Low,30.0,0.8260000000000001,0.1002781040468835,0.763,46.91,1,2022,8,3,33,0
2022-08-22,Japan,Asia,0.793,0.695,1.605,48.38,3.19,110.3634,2.12,47.0,55.6,22.6,0,No Event,0.11,Low,30.0,0.79425,0.0612461158145393,0.815,51.87,0,2022,8,3,34,0
2022-08-29,Japan,Asia,0.822,0.763,1.512,52.2,2.62,110.2134,2.74,49.2,49.8,27.0,0,No Event,-0.47,Low,30.0,0.79825,0.0626171447118781,0.793,48.38,0,2022,8,3,35,0
2022-09-05,Japan,Asia,0.719,0.652,1.5,45.44,6.06,107.1432,-0.35,31.5,43.5,50.7,1,Russia-Ukraine War,-0.21,Low,30.0,0.7872499999999999,0.0695344595966801,0.822,52.2,1,2022,9,3,36,0
2022-09-12,Japan,Asia,0.757,0.67,1.582,46.62,2.75,108.3623,0.95,37.9,50.8,23.2,0,No Event,0.24,Low,30.0,0.7727499999999999,0.0724877709362732,0.719,45.44,1,2022,9,3,37,0
2022-09-19,Japan,Asia,0.737,0.665,1.593,47.04,8.33,109.019,0.07,44.5,58.1,58.9,1,Russia-Ukraine War,-0.07,Low,30.0,0.75875,0.0701663455565022,0.757,46.62,0,2022,9,3,38,0
2022-09-26,Japan,Asia,0.799,0.681,1.615,49.19,10.99,108.8857,3.62,46.8,39.4,57.4,1,Russia-Ukraine War,0.56,Low,30.0,0.753,0.073346041525298,0.737,47.04,0,2022,9,3,39,0
2022-10-03,Japan,Asia,0.737,0.656,1.517,47.18,3.12,108.8739,1.14,51.5,52.7,20.1,0,No Event,-0.46,Low,30.0,0.7575000000000001,0.0745757842579576,0.799,49.19,0,2022,10,4,40,0
2022-10-10,Japan,Asia,0.795,0.693,1.5,49.49,10.38,107.786,1.43,51.5,51.6,52.4,1,Russia-Ukraine War,-0.39,Low,30.0,0.767,0.0752166001170983,0.737,47.18,0,2022,10,4,41,0
2022-10-17,Japan,Asia,0.773,0.706,1.686,48.62,2.15,108.8715,0.2,52.3,69.4,21.4,0,No Event,-0.18,Low,30.0,0.776,0.0753825275193057,0.795,49.49,0,2022,10,4,42,0
2022-10-24,Japan,Asia,0.824,0.718,1.533,50.45,3.0,107.6313,2.25,36.0,55.8,25.7,0,No Event,-1.28,Low,30.0,0.78225,0.0693864390837799,0.773,48.62,1,2022,10,4,43,0
2022-10-31,Japan,Asia,0.795,0.73,1.626,50.67,2.45,110.3197,0.83,49.5,62.7,20.0,0,No Event,-0.29,Low,30.0,0.79675,0.0682081263768287,0.824,50.45,0,2022,10,4,44,0
2022-11-07,Japan,Asia,0.798,0.726,1.5,51.01,7.08,108.7483,2.26,41.9,51.4,48.6,1,Russia-Ukraine War,0.08,Low,30.0,0.7975,0.0653110897842508,0.795,50.67,0,2022,11,4,45,0
2022-11-14,Japan,Asia,0.834,0.741,1.712,53.88,1.85,109.1059,1.11,63.9,64.9,22.2,0,No Event,0.04,Low,30.0,0.81275,0.0658927147559922,0.798,51.01,0,2022,11,4,46,0
2022-11-21,Japan,Asia,0.794,0.709,1.5,50.88,3.02,110.923,2.98,49.5,58.7,21.3,0,No Event,0.15,Low,30.0,0.80525,0.0668671195829715,0.834,53.88,0,2022,11,4,47,0
2022-11-28,Japan,Asia,0.783,0.72,1.693,50.2,3.22,108.4884,2.02,54.9,60.5,25.6,0,No Event,0.03,Low,30.0,0.80225,0.0546206810316745,0.794,50.88,0,2022,11,4,48,0
2022-12-05,Japan,Asia,0.923,0.829,1.707,57.55,3.56,110.9317,2.09,49.9,54.8,25.5,0,No Event,0.85,Low,30.0,0.8335,0.0729470586764401,0.783,50.2,0,2022,12,4,49,0
2022-12-12,Japan,Asia,0.865,0.764,1.599,55.12,5.2,108.1614,0.34,50.7,70.2,47.9,1,Russia-Ukraine War,-0.4,Low,30.0,0.84125,0.0757128216259569,0.923,57.55,0,2022,12,4,50,0
2022-12-19,Japan,Asia,0.898,0.795,1.7,55.95,2.61,108.1254,2.26,46.1,43.4,22.7,0,No Event,0.22,Low,30.0,0.8672500000000001,0.0730662190794829,0.865,55.12,0,2022,12,4,51,0
2022-12-26,Japan,Asia,0.988,0.851,1.972,61.63,10.39,111.2404,0.27,48.5,58.5,40.8,1,Russia-Ukraine War,-0.24,Low,30.0,0.9185,0.0712261309226582,0.898,55.95,0,2022,12,4,52,0
2023-01-02,Japan,Asia,0.941,0.873,2.069,59.48,2.76,109.1564,0.23,52.4,54.9,27.7,0,No Event,0.05,Low,30.0,0.923,0.0722040916163958,0.988,61.63,0,2023,1,1,1,0
2023-01-09,Japan,Asia,0.984,0.957,1.792,64.69,2.85,108.5222,-0.7,59.8,49.1,24.6,0,No Event,-0.69,Low,30.0,0.95275,0.0712315267029772,0.941,59.48,0,2023,1,1,2,0
2023-01-16,Japan,Asia,0.954,0.876,2.097,60.53,8.68,110.9526,-0.58,55.2,51.3,61.8,1,Russia-Ukraine War,1.23,Low,30.0,0.96675,0.0713253055301897,0.984,64.69,0,2023,1,1,3,0
2023-01-23,Japan,Asia,1.076,0.981,2.151,67.97,3.86,108.9935,1.25,50.7,47.2,24.8,0,No Event,0.05,Low,30.0,0.98875,0.0763570298336222,0.954,60.53,0,2023,1,1,4,0
2023-01-30,Japan,Asia,1.042,0.913,2.069,66.92,2.63,111.0462,0.61,48.5,51.6,29.7,0,No Event,0.97,Low,30.0,1.014,0.0780446294342614,1.076,67.97,0,2023,1,1,5,0
2023-02-06,Japan,Asia,1.04,0.916,1.563,65.02,2.97,109.2262,1.22,49.2,54.1,25.2,0,No Event,1.04,Low,30.0,1.028,0.078130759204861,1.042,66.92,0,2023,2,1,6,0
2023-02-13,Japan,Asia,1.089,0.961,2.112,66.39,3.38,112.792,0.55,51.1,52.6,20.3,0,No Event,-0.2,Low,30.0,1.06175,0.0752460413374569,1.04,65.02,0,2023,2,1,7,0
2023-02-20,Japan,Asia,1.079,0.931,2.062,67.48,7.31,110.3844,2.26,47.6,45.7,61.1,1,Russia-Ukraine War,-0.7,Low,30.0,1.0625,0.0750151719966468,1.089,66.39,0,2023,2,1,8,0
2023-02-27,Japan,Asia,1.093,0.986,1.882,68.32,2.69,111.9908,0.58,57.2,42.6,22.3,0,No Event,0.22,Low,30.0,1.07525,0.0584642239800558,1.079,67.48,0,2023,2,1,9,0
2023-03-06,Japan,Asia,1.051,0.958,2.239,66.42,3.67,110.1715,1.52,50.5,54.3,26.6,0,No Event,0.25,Low,30.0,1.078,0.0558490109910908,1.093,68.32,0,2023,3,1,10,0
2023-03-13,Japan,Asia,1.118,0.984,2.321,70.9,3.17,110.6474,3.1,60.9,41.7,25.8,0,No Event,-0.15,Low,30.0,1.0852499999999998,0.0571727499912787,1.051,66.42,0,2023,3,1,11,0
2023-03-20,Japan,Asia,1.122,1.051,1.838,70.92,3.03,111.0337,1.4,64.9,56.7,22.1,0,No Event,0.49,Low,30.0,1.096,0.0513337741356447,1.118,70.9,0,2023,3,1,12,0
2023-03-27,Japan,Asia,1.07,0.995,1.737,67.49,2.15,111.3933,-0.12,49.3,55.2,21.7,0,No Event,-0.62,Low,30.0,1.0902500000000002,0.051205991824649,1.122,70.92,0,2023,3,1,13,0
2023-04-03,Japan,Asia,1.082,0.983,1.962,68.49,1.94,112.3225,3.47,47.5,44.5,26.2,0,No Event,-0.28,Low,30.0,1.098,0.0500936909090972,1.07,67.49,0,2023,4,2,14,0
2023-04-10,Japan,Asia,0.995,0.899,2.005,63.21,3.16,112.2368,2.88,62.7,32.8,29.2,0,No Event,0.85,Low,30.0,1.06725,0.0554603631815937,1.082,68.49,0,2023,4,2,15,0
2023-04-17,Japan,Asia,1.046,0.972,2.183,66.28,2.69,109.2937,1.88,57.6,46.9,28.4,0,No Event,-0.25,Low,30.0,1.04825,0.0430297469219428,0.995,63.21,0,2023,4,2,16,0
2023-04-24,Japan,Asia,1.143,0.999,2.494,70.05,3.08,110.5465,3.08,51.1,56.5,29.3,0,No Event,0.38,Low,30.0,1.0665,0.0495918964583396,1.046,66.28,0,2023,4,2,17,0
2023-05-01,Japan,Asia,1.119,1.013,2.237,69.75,2.86,110.1916,2.45,61.6,56.5,24.0,0,No Event,-0.07,Low,30.0,1.0757500000000002,0.0502701098950148,1.143,70.05,0,2023,5,2,18,0
2023-05-08,Japan,Asia,1.032,0.953,2.315,64.54,1.48,110.6181,2.24,68.2,53.2,26.5,0,No Event,-1.07,Low,30.0,1.085,0.054053490580598,1.119,69.75,0,2023,5,2,19,0
2023-05-15,Japan,Asia,1.107,0.953,2.006,67.47,2.62,109.5154,-1.67,45.6,35.4,27.7,0,No Event,-0.13,Low,30.0,1.10025,0.0582248099273619,1.032,64.54,0,2023,5,2,20,0
2023-05-22,Japan,Asia,0.954,0.855,1.584,60.95,2.77,111.9166,2.84,37.5,37.5,29.6,0,No Event,0.27,Low,30.0,1.053,0.0709903045333733,1.107,67.47,0,2023,5,2,21,0
2023-05-29,Japan,Asia,0.906,0.799,1.593,58.76,3.74,110.5423,2.6,50.2,44.0,23.5,0,No Event,-0.66,Low,30.0,0.99975,0.0715206113763622,0.954,60.95,0,2023,5,2,22,0
2023-06-05,Japan,Asia,0.963,0.841,1.762,60.92,2.42,109.6849,2.58,42.6,44.4,28.9,0,No Event,-1.02,Low,30.0,0.9825,0.0714428148134629,0.906,58.76,0,2023,6,2,23,0
2023-06-12,Japan,Asia,0.976,0.883,1.785,62.16,3.01,110.8391,0.74,52.6,44.8,21.2,0,No Event,-0.74,Low,30.0,0.94975,0.0716709168375686,0.963,60.92,0,2023,6,2,24,0
2023-06-19,Japan,Asia,0.959,0.854,1.715,61.53,2.28,109.9401,0.93,58.9,48.8,24.8,0,No Event,-0.39,Low,30.0,0.951,0.0707869308189385,0.976,62.16,0,2023,6,2,25,0
2023-06-26,Japan,Asia,0.897,0.787,1.608,54.12,2.72,108.2709,-0.23,39.8,39.9,21.2,0,No Event,-0.37,Low,30.0,0.94875,0.0724074939646299,0.959,61.53,1,2023,6,2,26,0
2023-07-03,Japan,Asia,0.888,0.79,1.5,56.01,1.91,109.5053,0.91,54.3,35.0,28.9,0,No Event,0.16,Low,30.0,0.93,0.069237128324936,0.897,54.12,0,2023,7,3,27,0
2023-07-10,Japan,Asia,0.87,0.775,1.743,53.51,3.52,109.9338,2.75,47.4,38.8,20.7,0,No Event,0.23,Low,30.0,0.9035,0.0667833595414747,0.888,56.01,0,2023,7,3,28,0
2023-07-17,Japan,Asia,0.899,0.796,1.5,55.46,2.12,108.2359,4.23,37.1,38.6,23.6,0,No Event,-0.22,Low,30.0,0.8885000000000001,0.0600871840360166,0.87,53.51,1,2023,7,3,29,0
2023-07-24,Japan,Asia,0.907,0.806,1.982,55.73,2.93,108.8623,3.27,47.2,34.8,20.7,0,No Event,-0.24,Low,30.0,0.891,0.0605740239297852,0.899,55.46,0,2023,7,3,30,0
2023-07-31,Japan,Asia,0.825,0.74,1.569,51.4,3.0,109.7426,2.42,45.0,58.0,26.6,0,No Event,-0.5,Low,30.0,0.87525,0.0618514116833454,0.907,55.73,0,2023,7,3,31,0
2023-08-07,Japan,Asia,0.84,0.733,1.584,51.64,2.5,109.2267,0.91,28.8,19.2,26.4,0,No Event,-0.49,Low,30.0,0.86775,0.0564614322292989,0.825,51.4,0,2023,8,3,32,0
2023-08-14,Japan,Asia,0.776,0.705,1.565,49.85,2.72,110.5426,1.24,47.6,50.9,24.0,0,No Event,0.08,Low,30.0,0.837,0.0467871210725131,0.84,51.64,0,2023,8,3,33,0
2023-08-21,Japan,Asia,0.786,0.696,1.785,49.8,3.7,107.8256,2.96,47.8,41.0,23.6,0,No Event,0.26,Low,30.0,0.80675,0.0461305404539332,0.776,49.85,0,2023,8,3,34,0
2023-08-28,Japan,Asia,0.843,0.742,1.789,51.95,2.87,109.3594,2.27,52.4,48.4,28.2,0,No Event,0.36,Low,30.0,0.81125,0.0475856992608205,0.786,49.8,0,2023,8,3,35,0
2023-09-04,Japan,Asia,0.793,0.723,1.5,49.02,2.6,109.8153,2.59,63.3,50.6,26.0,0,No Event,-0.21,Low,30.0,0.7995000000000001,0.0489436281310971,0.843,51.95,0,2023,9,3,36,0
2023-09-11,Japan,Asia,0.792,0.698,1.5,49.26,3.21,109.1273,2.27,44.6,51.0,23.0,0,No Event,-0.41,Low,30.0,0.8035,0.0491241337479543,0.793,49.02,0,2023,9,3,37,0
2023-09-18,Japan,Asia,0.816,0.7,1.5,51.44,3.34,109.5271,0.44,44.3,45.8,21.5,0,No Event,0.23,Low,30.0,0.8109999999999999,0.0479794969517262,0.792,49.26,0,2023,9,3,38,0
2023-09-25,Japan,Asia,0.806,0.75,1.591,50.9,3.3,109.0704,2.51,52.3,48.5,28.7,0,No Event,0.18,Low,30.0,0.80175,0.0479974758704767,0.816,51.44,0,2023,9,3,39,0
2023-10-02,Japan,Asia,0.893,0.817,1.557,55.92,6.77,112.6157,3.45,47.6,53.2,47.0,1,Middle East Crisis,0.46,Low,30.0,0.82675,0.0579949877797033,0.806,50.9,0,2023,10,4,40,0
2023-10-09,Japan,Asia,0.884,0.775,1.897,55.44,5.91,118.2105,1.42,50.1,51.7,33.2,1,Middle East Crisis,-0.21,Low,30.0,0.84975,0.0573299692110917,0.893,55.92,0,2023,10,4,41,0
2023-10-16,Japan,Asia,0.875,0.813,1.5,55.78,6.47,119.577,0.69,55.7,43.3,52.9,1,Middle East Crisis,-0.09,Low,30.0,0.8645,0.0573284021334397,0.884,55.44,0,2023,10,4,42,0
2023-10-23,Japan,Asia,0.903,0.79,1.5,54.91,7.61,125.4483,1.03,44.7,50.9,63.2,1,Middle East Crisis,-0.49,Low,30.0,0.88875,0.0505587197964555,0.875,55.78,0,2023,10,4,43,0
2023-10-30,Japan,Asia,1.033,0.955,2.35,65.95,8.48,125.1536,2.8,33.4,71.5,57.7,1,Middle East Crisis,-0.38,Low,30.0,0.92375,0.0639623251298337,0.903,54.91,1,2023,10,4,44,0
2023-11-06,Japan,Asia,1.075,0.943,2.123,65.64,6.38,127.3299,0.53,49.6,48.0,57.2,1,Middle East Crisis,-0.21,Low,30.0,0.9715,0.0565906585254762,1.033,65.95,0,2023,11,4,45,0
2023-11-13,Japan,Asia,1.056,0.943,1.741,65.68,7.41,135.8006,0.7,46.1,61.2,36.2,1,Middle East Crisis,-0.31,Low,30.0,1.01675,0.0580473196700021,1.075,65.64,0,2023,11,4,46,0
2023-11-20,Japan,Asia,1.112,0.999,1.845,70.37,5.7,139.6549,1.15,56.3,58.9,47.6,1,Middle East Crisis,0.62,Low,30.0,1.069,0.056900538350104,1.056,65.68,0,2023,11,4,47,0
2023-11-27,Japan,Asia,1.141,1.013,1.969,71.85,5.05,147.4483,0.39,53.6,54.7,49.1,1,Middle East Crisis,0.44,Low,30.0,1.096,0.0503985723614335,1.112,70.37,0,2023,11,4,48,0
2023-12-04,Japan,Asia,1.215,1.1,2.19,76.74,8.35,154.022,0.75,43.7,39.6,54.0,1,Middle East Crisis,-0.39,Low,30.0,1.131,0.0500593447150334,1.141,71.85,0,2023,12,4,49,0
2023-12-11,Japan,Asia,1.201,1.052,1.87,75.78,6.83,161.2595,0.22,40.6,53.2,34.7,1,Middle East Crisis,-0.36,Low,30.0,1.16725,0.052015290177859,1.215,76.74,0,2023,12,4,50,0
2023-12-18,Japan,Asia,1.244,1.152,2.219,81.07,4.32,160.9476,1.44,40.3,52.7,56.3,1,Middle East Crisis,0.62,Low,30.0,1.20025,0.0499474642116032,1.201,75.78,0,2023,12,4,51,0
2023-12-25,Japan,Asia,1.278,1.172,2.296,81.38,6.88,166.8286,-0.01,51.9,48.0,53.6,1,Middle East Crisis,0.54,Low,30.0,1.2345,0.044830791860035,1.244,81.07,0,2023,12,4,52,0
2024-01-01,Japan,Asia,1.294,1.217,2.913,84.37,6.99,169.2966,2.87,38.9,55.3,38.0,1,Middle East Crisis,0.45,Low,30.0,1.25425,0.0433912452035141,1.278,81.38,1,2024,1,1,1,0
2024-01-08,Japan,Asia,1.008,0.931,2.179,64.76,5.89,170.1123,-0.83,58.4,50.9,40.4,1,Middle East Crisis,-0.3,Low,30.0,1.206,0.0851193494127276,1.294,84.37,0,2024,1,1,2,0
2024-01-15,Japan,Asia,0.918,0.804,1.5,58.13,5.81,176.2864,-0.41,34.8,42.2,41.9,1,Middle East Crisis,0.24,Low,30.0,1.1245,0.090040791124038,1.008,64.76,1,2024,1,1,3,0
2024-01-22,Japan,Asia,0.961,0.835,2.055,60.75,6.24,184.4795,2.85,63.5,43.9,46.3,1,Middle East Crisis,0.95,Low,30.0,1.04525,0.0802897765655114,0.918,58.13,0,2024,1,1,4,0
2024-01-29,Japan,Asia,1.064,0.981,1.993,68.39,4.54,182.0196,0.09,64.2,64.5,48.6,1,Middle East Crisis,-0.13,Low,30.0,0.98775,0.085671505828666,0.961,60.75,0,2024,1,1,5,0
2024-02-05,Japan,Asia,1.106,0.966,1.896,70.18,7.9,190.535,2.41,41.8,46.4,51.8,1,Middle East Crisis,-0.15,Low,30.0,1.01225,0.0860148813062653,1.064,68.39,0,2024,2,1,6,0
2024-02-12,Japan,Asia,1.053,0.94,1.986,65.55,5.78,198.8927,1.27,55.8,56.2,33.8,1,Middle East Crisis,0.84,Low,30.0,1.046,0.0861050864049595,1.106,70.18,0,2024,2,1,7,0
2024-02-19,Japan,Asia,1.009,0.945,1.698,66.47,4.57,204.5742,1.82,40.4,51.2,42.4,1,Middle East Crisis,-0.06,Low,30.0,1.0579999999999998,0.0864069223229755,1.053,65.55,0,2024,2,1,8,0
2024-02-26,Japan,Asia,1.116,1.015,2.371,70.71,8.11,206.6631,2.49,72.9,46.7,55.1,1,Middle East Crisis,0.69,Low,30.0,1.071,0.0902310285190333,1.009,66.47,0,2024,2,1,9,0
2024-03-04,Japan,Asia,1.196,1.072,2.281,74.27,4.85,214.7221,5.11,67.2,49.0,48.3,1,Middle East Crisis,-0.02,Low,30.0,1.0935,0.0926827109789213,1.116,70.71,0,2024,3,1,10,0
2024-03-11,Japan,Asia,1.137,1.037,2.159,72.32,5.47,224.9525,3.69,63.5,46.9,41.0,1,Middle East Crisis,0.05,Low,30.0,1.1145,0.0932755531810406,1.196,74.27,0,2024,3,1,11,0
2024-03-18,Japan,Asia,1.092,1.027,2.134,68.9,7.53,235.5966,3.19,62.4,49.3,46.6,1,Middle East Crisis,-0.44,Low,30.0,1.13525,0.0932851074806397,1.137,72.32,0,2024,3,1,12,0
2024-03-25,Japan,Asia,1.106,0.925,1.684,68.01,8.97,241.2294,2.59,66.9,49.1,37.5,1,Middle East Crisis,-0.77,Low,30.0,1.13275,0.0932913900859714,1.092,68.9,0,2024,3,1,13,0
2024-04-01,Japan,Asia,1.03,0.922,1.746,64.43,5.41,242.4737,3.01,52.1,57.3,41.6,1,Middle East Crisis,-0.34,Low,30.0,1.09125,0.0689777619426755,1.106,68.01,0,2024,4,2,14,0
2024-04-08,Japan,Asia,1.124,0.991,2.314,71.26,5.54,251.7098,1.43,63.9,38.5,37.0,1,Middle East Crisis,0.32,Low,30.0,1.088,0.0664354996078566,1.03,64.43,0,2024,4,2,15,0
2024-04-15,Japan,Asia,1.027,0.96,2.208,66.5,5.62,257.1039,1.85,47.5,46.4,46.3,1,Middle East Crisis,0.77,Low,30.0,1.0717500000000002,0.0722278426440012,1.124,71.26,0,2024,4,2,16,0
2024-04-22,Japan,Asia,1.026,0.908,1.754,64.15,5.26,263.4577,4.31,40.0,51.7,52.0,1,Middle East Crisis,-0.02,Low,30.0,1.05175,0.0651108058335977,1.027,66.5,0,2024,4,2,17,0
2024-04-29,Japan,Asia,1.079,0.965,2.012,66.91,7.77,267.6168,2.52,58.6,32.7,56.3,1,Middle East Crisis,0.55,Low,30.0,1.064,0.0658914564869239,1.026,64.15,0,2024,4,2,18,0
2024-05-06,Japan,Asia,1.086,0.93,2.228,67.41,5.64,276.555,2.73,56.9,40.2,41.1,1,Middle East Crisis,0.05,Low,30.0,1.0545,0.0641502777521975,1.079,66.91,0,2024,5,2,19,0
2024-05-13,Japan,Asia,1.11,0.997,1.812,69.37,6.41,286.4537,1.57,66.2,53.6,57.5,1,Middle East Crisis,0.24,Low,30.0,1.07525,0.062597463154563,1.086,67.41,0,2024,5,2,20,0
2024-05-20,Japan,Asia,1.014,0.942,2.1,67.29,5.35,301.4637,2.33,42.3,38.5,62.3,1,Middle East Crisis,0.55,Low,30.0,1.07225,0.0603079516272475,1.11,69.37,0,2024,5,2,21,0
2024-05-27,Japan,Asia,1.056,1.007,1.869,67.35,6.68,307.0498,2.24,50.5,60.2,41.0,1,Middle East Crisis,-0.27,Low,30.0,1.0665,0.0573093436438356,1.014,67.29,0,2024,5,2,22,0
2024-06-03,Japan,Asia,1.024,0.964,2.139,65.51,7.84,322.3382,2.21,34.9,51.3,55.4,1,Middle East Crisis,0.25,Low,30.0,1.051,0.0563411090493195,1.056,67.35,1,2024,6,2,23,0
2024-06-10,Japan,Asia,0.973,0.883,2.148,61.36,7.19,328.3832,5.21,46.7,54.5,41.3,1,Middle East Crisis,0.59,Low,30.0,1.01675,0.0569491708193393,1.024,65.51,0,2024,6,2,24,0
2024-06-17,Japan,Asia,0.972,0.873,1.99,60.16,6.95,339.9138,5.8,53.9,45.9,38.3,1,Middle East Crisis,-0.68,Low,30.0,1.00625,0.0566267650335413,0.973,61.36,0,2024,6,2,25,0
2024-06-24,Japan,Asia,1.013,0.899,1.824,63.25,6.72,350.4472,0.47,38.3,41.3,44.5,1,Middle East Crisis,-0.17,Low,30.0,0.9955,0.0550625726945081,0.972,60.16,1,2024,6,2,26,0
2024-07-01,Japan,Asia,0.933,0.837,1.701,59.02,5.84,360.2044,0.48,57.4,45.1,44.3,1,Middle East Crisis,-0.38,Low,30.0,0.97275,0.0512123827774569,1.013,63.25,0,2024,7,3,27,0
2024-07-08,Japan,Asia,0.917,0.819,1.997,56.46,8.34,374.1763,0.44,41.7,53.5,38.8,1,Middle East Crisis,-0.34,Low,30.0,0.95875,0.0459816244777286,0.933,59.02,0,2024,7,3,28,0
2024-07-15,Japan,Asia,0.929,0.8,1.781,55.81,4.24,384.6882,0.53,51.6,43.9,49.4,1,Middle East Crisis,0.66,Low,30.0,0.948,0.0463657496975383,0.917,56.46,0,2024,7,3,29,0
2024-07-22,Japan,Asia,0.814,0.734,1.5,51.89,6.87,396.999,2.58,42.1,33.4,57.5,1,Middle East Crisis,0.02,Low,30.0,0.89825,0.0532569135651537,0.929,55.81,0,2024,7,3,30,0
2024-07-29,Japan,Asia,0.826,0.741,1.574,51.75,7.55,403.4611,2.64,45.4,45.5,39.7,1,Middle East Crisis,0.18,Low,30.0,0.8715,0.053707670577535,0.814,51.89,0,2024,7,3,31,0
2024-08-05,Japan,Asia,0.865,0.799,1.627,55.54,8.91,416.5376,1.18,36.0,35.4,42.5,1,Middle East Crisis,0.16,Low,30.0,0.8585,0.0559880402018512,0.826,51.75,0,2024,8,3,32,0
2024-08-12,Japan,Asia,0.86,0.799,1.5,55.89,5.25,426.914,1.09,40.6,48.4,44.7,1,Middle East Crisis,-1.13,Low,30.0,0.8412499999999999,0.0518483461518223,0.865,55.54,0,2024,8,3,33,0
2024-08-19,Japan,Asia,0.762,0.7,1.5,47.99,5.85,448.0879,3.79,49.3,51.5,36.9,1,Middle East Crisis,-0.76,Low,30.0,0.82825,0.056400770272054,0.86,55.89,0,2024,8,3,34,0
2024-08-26,Japan,Asia,0.846,0.729,1.64,52.43,7.49,455.9075,3.59,38.8,53.4,44.5,1,Middle East Crisis,-0.45,Low,30.0,0.83325,0.0685496369027754,0.762,47.99,1,2024,8,3,35,0
2024-09-02,Japan,Asia,0.719,0.688,1.667,47.77,8.64,471.4905,2.25,39.6,51.1,53.4,1,Middle East Crisis,-0.3,Low,30.0,0.79675,0.0787288318835423,0.846,52.43,1,2024,9,3,36,0
2024-09-09,Japan,Asia,0.786,0.692,1.71,48.26,4.48,481.6338,1.75,38.2,55.3,37.7,1,Middle East Crisis,0.55,Low,30.0,0.77825,0.0854177304403949,0.719,47.77,1,2024,9,3,37,0
2024-09-16,Japan,Asia,0.779,0.685,1.513,49.05,5.25,493.154,0.85,51.9,51.5,59.6,1,Middle East Crisis,0.16,Low,30.0,0.7825,0.0836120419189155,0.786,48.26,0,2024,9,3,38,0
2024-09-23,Japan,Asia,0.772,0.716,1.702,48.68,5.44,507.9011,-1.91,54.4,56.7,31.0,1,Middle East Crisis,-0.92,Low,30.0,0.764,0.081410893648167,0.779,49.05,0,2024,9,3,39,0
2024-09-30,Japan,Asia,0.805,0.708,1.5,50.15,8.17,511.4397,1.77,37.9,51.5,39.6,1,Middle East Crisis,-0.4,Low,30.0,0.7855,0.0829231863481207,0.772,48.68,1,2024,9,3,40,0
2024-10-07,Japan,Asia,0.766,0.708,1.5,49.7,3.5,520.1516,1.54,51.8,44.0,23.0,0,No Event,0.21,Low,30.0,0.7805,0.0834336193923459,0.805,50.15,0,2024,10,4,41,0
2024-10-14,Japan,Asia,0.829,0.735,1.574,51.08,3.17,520.075,2.38,30.5,47.8,23.9,0,No Event,0.05,Low,30.0,0.793,0.0795958521511856,0.766,49.7,1,2024,10,4,42,0
2024-10-21,Japan,Asia,0.8,0.71,1.599,49.87,3.78,513.0261,2.46,38.1,47.2,22.6,0,No Event,0.57,Low,30.0,0.8,0.0803061557893162,0.829,51.08,1,2024,10,4,43,0
2024-10-28,Japan,Asia,0.849,0.753,1.64,52.61,3.08,516.0319,0.89,42.2,45.1,29.1,0,No Event,-0.08,Low,30.0,0.811,0.0811481749280871,0.8,49.87,0,2024,10,4,44,0
2024-11-04,Japan,Asia,0.83,0.724,1.855,51.72,3.36,508.8926,1.7,49.5,67.8,29.2,0,No Event,0.38,Low,30.0,0.827,0.0814253144441987,0.849,52.61,0,2024,11,4,45,0
2024-11-11,Japan,Asia,0.801,0.715,1.643,51.29,2.76,510.9322,4.31,47.9,52.1,22.4,0,No Event,1.14,Low,30.0,0.82,0.0742361854782615,0.83,51.72,0,2024,11,4,46,0
2024-11-18,Japan,Asia,0.85,0.767,1.5,54.01,3.88,512.0274,5.34,55.9,47.7,22.4,0,No Event,-0.45,Low,30.0,0.8325,0.0691981815112246,0.801,51.29,0,2024,11,4,47,0
2024-11-25,Japan,Asia,0.909,0.781,2.004,56.28,2.58,523.5283,5.45,53.6,47.6,29.7,0,No Event,-0.59,Low,30.0,0.8474999999999999,0.0520258917641557,0.85,54.01,0,2024,11,4,48,0
2024-12-02,Japan,Asia,0.871,0.789,1.5,55.25,2.52,522.757,-0.62,45.2,65.4,28.9,0,No Event,-0.47,Low,30.0,0.85775,0.0495201385431598,0.909,56.28,0,2024,12,4,49,0
2024-12-09,Japan,Asia,0.898,0.866,1.5,59.15,2.63,518.2496,2.42,51.9,68.4,22.0,0,No Event,0.28,Low,30.0,0.882,0.0494970746168002,0.871,55.25,0,2024,12,4,50,0
2024-12-16,Japan,Asia,0.974,0.874,1.524,60.65,3.72,524.9801,5.0,66.5,47.2,28.6,0,No Event,0.06,Low,30.0,0.913,0.0529687301407284,0.898,59.15,0,2024,12,4,51,0
2024-12-23,Japan,Asia,0.923,0.805,1.793,57.67,3.76,519.4968,2.54,40.6,51.3,23.2,0,No Event,-0.61,Low,30.0,0.9165,0.0563951725079148,0.974,60.65,0,2024,12,4,52,0
2024-12-30,Japan,Asia,1.001,0.924,1.8,63.53,3.44,521.8882,2.87,62.1,40.8,20.8,0,No Event,-0.15,Low,30.0,0.949,0.0563072947034316,0.923,57.67,0,2024,12,4,1,0
2025-01-06,Japan,Asia,0.982,0.878,1.926,61.68,2.56,528.5851,2.82,58.6,55.7,24.3,0,No Event,0.12,Low,30.0,0.97,0.0543326376427365,1.001,63.53,0,2025,1,1,2,0
2025-01-13,Japan,Asia,1.104,0.988,2.143,67.98,2.16,514.7964,2.66,64.1,57.5,23.0,0,No Event,-0.3,Low,30.0,1.0025,0.0600159391085302,0.982,61.68,0,2025,1,1,3,0
2025-01-20,Japan,Asia,1.011,0.921,2.15,64.5,3.56,528.1777,2.94,34.8,55.4,26.7,0,No Event,0.18,Low,30.0,1.0245,0.067139922352422,1.104,67.98,1,2025,1,1,4,0
2025-01-27,Japan,Asia,1.019,0.914,2.255,63.27,2.45,520.1312,3.5,57.3,56.4,22.0,0,No Event,-0.38,Low,30.0,1.029,0.0660989248094339,1.011,64.5,0,2025,1,1,5,0
2025-02-03,Japan,Asia,1.056,0.919,1.633,64.28,3.23,520.4613,1.11,56.8,27.6,21.0,0,No Event,-0.01,Low,30.0,1.0475,0.063957793392035,1.019,63.27,0,2025,2,1,6,0
2025-02-10,Japan,Asia,1.106,1.004,2.291,67.72,2.99,523.453,2.45,54.2,73.6,22.3,0,No Event,-0.56,Low,30.0,1.048,0.0633717291439799,1.056,64.28,0,2025,2,1,7,0
2025-02-17,Japan,Asia,1.094,0.949,1.644,67.01,2.63,513.9668,-0.65,60.6,62.4,25.8,0,No Event,1.31,Low,30.0,1.06875,0.0623704659241915,1.106,67.72,0,2025,2,1,8,0
2025-02-24,Japan,Asia,1.104,1.034,2.489,69.42,1.99,523.271,2.86,48.0,62.5,24.0,0,No Event,-0.33,Low,30.0,1.09,0.0596557342605969,1.094,67.01,0,2025,2,1,9,0
2025-03-03,Japan,Asia,1.157,1.027,1.753,71.78,2.82,524.4091,2.54,44.8,61.6,26.1,0,No Event,-0.24,Low,30.0,1.11525,0.0601009102110451,1.104,69.42,0,2025,3,1,10,0
2025-03-10,Japan,Asia,1.051,0.97,1.936,67.07,2.95,522.8948,4.47,61.4,51.6,25.2,0,No Event,0.08,Low,30.0,1.1015,0.06499868740962,1.157,71.78,0,2025,3,1,11,0
2025-03-17,Japan,Asia,1.133,0.957,2.278,69.94,2.42,520.7934,1.71,54.1,62.1,29.1,0,No Event,-0.25,Low,30.0,1.11125,0.0648366576186276,1.051,67.07,0,2025,3,1,12,0
2025-03-24,Japan,Asia,1.097,0.983,1.68,67.0,2.37,520.5753,2.17,54.0,55.2,22.3,0,No Event,0.42,Low,30.0,1.1095,0.0628393382471204,1.133,69.94,0,2025,3,1,13,0
2025-03-31,Japan,Asia,1.115,1.064,2.397,72.52,2.76,526.5138,2.14,65.6,45.8,20.3,0,No Event,0.15,Low,30.0,1.099,0.0622105289597195,1.097,67.0,0,2025,3,1,14,0
2025-04-07,Japan,Asia,1.17,1.029,2.527,72.95,2.98,526.4229,6.32,59.0,55.5,28.4,0,No Event,0.54,Low,30.0,1.12875,0.0530536949946837,1.115,72.52,0,2025,4,2,15,0
2025-04-14,Japan,Asia,1.107,0.977,2.48,69.3,2.77,525.5461,0.67,77.3,49.3,21.8,0,No Event,-0.26,Low,30.0,1.12225,0.0489090143374959,1.17,72.95,0,2025,4,2,16,0
2025-04-21,Japan,Asia,1.096,0.966,2.013,67.91,3.65,521.5298,2.02,57.1,44.3,23.3,0,No Event,-0.22,Low,30.0,1.122,0.0492056324880094,1.107,69.3,0,2025,4,2,17,0
2025-04-28,Japan,Asia,1.127,1.017,2.592,72.34,2.66,529.403,4.08,47.8,43.6,23.6,0,No Event,0.68,Low,30.0,1.125,0.0488272670674543,1.096,67.91,0,2025,4,2,18,0
2025-05-05,Japan,Asia,1.08,0.974,1.673,68.87,3.3,522.5892,3.37,44.3,49.8,28.1,0,No Event,0.56,Low,30.0,1.1025,0.0488289191378371,1.127,72.34,0,2025,5,2,19,0
2025-05-12,Japan,Asia,1.114,0.988,2.273,69.58,3.11,518.9177,1.44,56.5,51.5,23.4,0,No Event,-0.68,Low,30.0,1.10425,0.0495665529600566,1.08,68.87,0,2025,5,2,20,0
2025-05-19,Japan,Asia,1.025,0.899,1.839,63.45,2.63,527.5457,2.19,53.9,50.9,26.3,0,No Event,0.28,Low,30.0,1.0865,0.054884763492705,1.114,69.58,0,2025,5,2,21,0
2025-05-26,Japan,Asia,1.066,0.939,1.722,66.43,3.49,524.8546,0.57,43.7,55.2,22.1,0,No Event,-0.06,Low,30.0,1.07125,0.0542295485645831,1.025,63.45,0,2025,5,2,22,0
2025-06-02,Japan,Asia,1.028,0.935,2.258,65.88,2.3,526.4115,5.2,51.5,40.7,29.5,0,No Event,-0.42,Low,30.0,1.05825,0.0482173668537694,1.066,66.43,0,2025,6,2,23,0
2025-06-09,Japan,Asia,0.89,0.836,1.69,57.67,3.0,520.9865,2.32,51.9,24.4,29.7,0,No Event,-0.42,Low,30.0,1.00225,0.0551235782237135,1.028,65.88,0,2025,6,2,24,0
2025-06-16,Japan,Asia,0.966,0.87,1.546,61.2,3.17,513.2543,2.79,41.1,51.6,23.5,0,No Event,0.42,Low,30.0,0.9875,0.0624421909225696,0.89,57.67,0,2025,6,2,25,0
2025-06-23,Japan,Asia,0.944,0.846,1.976,59.36,2.65,525.5287,1.02,56.7,41.0,21.1,0,No Event,0.12,Low,30.0,0.957,0.0620331260099212,0.966,61.2,0,2025,6,2,26,0
2025-06-30,Japan,Asia,0.964,0.848,2.077,59.74,3.52,517.5106,2.9,64.8,46.4,26.0,0,No Event,0.49,Low,30.0,0.941,0.06000423189757,0.944,59.36,0,2025,6,2,27,0
2025-07-07,Japan,Asia,0.912,0.831,1.524,57.65,2.44,512.5213,3.72,57.4,37.9,29.1,0,No Event,-0.83,Low,30.0,0.9465,0.0600099739063605,0.964,59.74,0,2025,7,3,28,0
2025-07-14,Japan,Asia,0.888,0.787,1.5,56.41,2.32,523.0722,3.3,54.4,49.1,27.7,0,No Event,1.36,Low,30.0,0.927,0.0600875338654356,0.912,57.65,0,2025,7,3,29,0
2025-07-21,Japan,Asia,0.897,0.82,1.848,57.67,3.17,516.6155,5.44,44.5,47.9,20.4,0,No Event,0.06,Low,30.0,0.91525,0.059100588568373,0.888,56.41,0,2025,7,3,30,0
2025-07-28,Japan,Asia,0.909,0.805,1.631,54.78,2.35,517.6141,3.29,59.2,50.4,28.4,0,No Event,1.14,Low,30.0,0.9015,0.0591628661075507,0.897,57.67,0,2025,7,3,31,0
2025-08-04,Japan,Asia,0.93,0.839,1.5,57.71,2.45,513.2037,3.02,45.8,39.0,21.5,0,No Event,-0.26,Low,30.0,0.906,0.0586424180698334,0.909,54.78,0,2025,8,3,32,0
2025-08-11,Japan,Asia,0.879,0.791,1.596,55.89,3.18,512.1609,2.76,35.4,47.4,25.6,0,No Event,0.2,Low,30.0,0.90375,0.0564615437725811,0.93,57.71,1,2025,8,3,33,0
2025-08-18,Japan,Asia,0.895,0.805,1.828,56.23,2.32,517.0053,2.26,47.4,48.0,22.1,0,No Event,-0.35,Low,30.0,0.90325,0.0549957367159629,0.879,55.89,0,2025,8,3,34,0
2025-08-25,Japan,Asia,0.793,0.718,1.5,49.71,3.2,519.1253,4.28,59.9,46.0,22.9,0,No Event,0.51,Low,30.0,0.8742500000000001,0.0621108197774788,0.895,56.23,0,2025,8,3,35,0
2025-09-01,Japan,Asia,0.841,0.771,1.724,52.12,3.77,512.0179,0.86,51.5,58.8,22.6,0,No Event,0.31,Low,30.0,0.852,0.0543852228955641,0.793,49.71,0,2025,9,3,36,0
2025-09-08,Japan,Asia,0.783,0.682,1.5,48.72,2.71,513.4186,-1.33,56.1,40.7,20.4,0,No Event,-0.4,Low,30.0,0.8280000000000001,0.0495316383723945,0.841,52.12,0,2025,9,3,37,0
2025-09-15,Japan,Asia,0.834,0.759,1.828,52.33,2.73,515.2901,-0.16,40.0,57.1,20.1,0,No Event,-0.04,Low,30.0,0.81275,0.0547002706589139,0.783,48.72,0,2025,9,3,38,0
2025-09-22,Japan,Asia,0.84,0.747,1.618,50.27,3.55,512.8827,2.4,27.3,47.0,22.7,0,No Event,0.31,Low,30.0,0.8245,0.0541478251411016,0.834,52.33,1,2025,9,3,39,0
2025-09-29,Japan,Asia,0.837,0.747,1.62,52.67,3.5,512.27,1.58,50.1,61.2,27.0,0,No Event,0.19,Low,30.0,0.8235,0.0523570082411758,0.84,50.27,0,2025,9,3,40,0
2025-10-06,Japan,Asia,0.946,0.808,1.503,57.13,3.04,513.2862,0.51,62.1,44.3,23.5,0,No Event,0.03,Low,30.0,0.86425,0.0648102813123623,0.837,52.67,0,2025,10,4,41,0
2025-10-13,Japan,Asia,0.84,0.739,1.5,53.62,3.29,507.6738,2.54,47.7,42.7,28.3,0,No Event,0.74,Low,30.0,0.86575,0.0733456198178564,0.946,57.13,0,2025,10,4,42,0
2025-10-20,Japan,Asia,0.819,0.725,1.5,52.66,2.94,509.4119,2.33,41.0,55.9,29.1,0,No Event,-0.64,Low,30.0,0.8605,0.0734047321893961,0.84,53.62,0,2025,10,4,43,0
2025-10-27,Japan,Asia,0.909,0.818,1.969,56.19,2.94,515.6391,1.17,45.4,66.5,22.2,0,No Event,-0.27,Low,30.0,0.8785,0.0804847088302382,0.819,52.66,0,2025,10,4,44,0
2025-11-03,Japan,Asia,0.839,0.753,1.779,53.48,3.11,519.7058,4.59,34.7,53.5,28.0,0,No Event,-0.5,Low,30.0,0.8517499999999999,0.0821223343776135,0.909,56.19,1,2025,11,4,45,0
2025-11-10,Japan,Asia,0.78,0.719,1.787,49.97,2.32,524.6435,0.96,49.4,50.0,29.9,0,No Event,1.12,Low,30.0,0.83675,0.0842114112658254,0.839,53.48,0,2025,11,4,46,0
2025-11-17,Japan,Asia,0.903,0.79,1.5,55.81,3.19,513.3914,1.69,32.0,45.9,29.3,0,No Event,0.31,Low,30.0,0.85775,0.0895284438865031,0.78,49.97,1,2025,11,4,47,0
2025-11-24,Japan,Asia,0.833,0.749,1.552,53.09,3.55,515.1233,5.48,51.9,61.7,28.9,0,No Event,-0.49,Low,30.0,0.83875,0.0919108901243659,0.903,55.81,0,2025,11,4,48,0
2025-12-01,Japan,Asia,0.885,0.756,1.898,53.47,2.61,511.0451,3.49,34.3,69.7,23.7,0,No Event,-0.38,Low,30.0,0.8502500000000001,0.0903749473746113,0.833,53.09,1,2025,12,4,49,0
2025-12-08,Japan,Asia,0.931,0.848,1.572,59.52,3.4,519.8782,2.03,58.7,56.5,24.3,0,No Event,0.2,Low,30.0,0.888,0.0897750281317999,0.885,53.47,0,2025,12,4,50,0
2025-12-15,Japan,Asia,1.005,0.962,2.152,65.37,3.94,512.3107,2.57,45.7,61.1,24.0,0,No Event,-0.69,Low,30.0,0.9135,0.0917659946210575,0.931,59.52,0,2025,12,4,51,0
2025-12-22,Japan,Asia,1.022,0.91,1.525,63.38,2.77,519.6014,3.35,60.0,46.0,27.6,0,No Event,0.42,Low,30.0,0.96075,0.0915010858223925,1.005,65.37,0,2025,12,4,52,0
2025-12-29,Japan,Asia,1.027,0.932,1.745,64.48,3.37,528.435,3.81,46.5,56.0,24.0,0,No Event,0.22,Low,30.0,0.99625,0.0847490027487247,1.022,63.38,0,2025,12,4,1,0
2026-01-05,Japan,Asia,1.063,0.944,2.187,64.9,2.41,519.2795,2.1,59.7,56.2,23.3,0,No Event,0.54,Low,30.0,1.02925,0.075618991062274,1.027,64.48,0,2026,1,1,2,0
2026-01-12,Japan,Asia,0.91,0.845,2.028,57.68,3.08,514.7209,-1.78,55.0,55.8,28.2,0,No Event,0.47,Low,30.0,1.0055,0.0890021259380913,1.063,64.9,0,2026,1,1,3,0
2026-01-19,Japan,Asia,0.994,0.893,1.848,63.4,3.44,511.2789,3.84,54.3,61.0,22.8,0,No Event,0.27,Low,30.0,0.9985,0.0873823961147473,0.91,57.68,0,2026,1,1,4,0
2026-01-26,Japan,Asia,1.069,0.935,2.238,67.22,3.66,516.3885,2.03,46.9,55.4,26.1,0,No Event,-0.15,Low,30.0,1.009,0.0844582392760807,0.994,63.4,0,2026,1,1,5,0
2026-02-02,Japan,Asia,1.035,0.938,2.268,65.32,3.42,532.2712,1.87,59.4,47.1,29.2,0,No Event,0.2,Low,30.0,1.002,0.0812303600411824,1.069,67.22,0,2026,2,1,6,0
2026-02-09,Japan,Asia,1.13,1.0,1.726,71.41,3.55,512.8562,0.78,63.5,66.9,21.1,0,No Event,-0.4,Low,30.0,1.057,0.0734385720031144,1.035,65.32,0,2026,2,1,7,0
2026-02-16,Japan,Asia,1.062,1.0,2.151,67.84,2.8,530.4553,4.04,53.9,55.0,21.2,0,No Event,-0.6,Low,30.0,1.0739999999999998,0.0714584879136679,1.13,71.41,0,2026,2,1,8,0
2026-02-23,Japan,Asia,1.078,1.021,2.46,69.39,2.53,513.2805,0.9,60.3,54.4,21.9,0,No Event,0.18,Low,30.0,1.07625,0.0703745877358447,1.062,67.84,0,2026,2,1,9,0
2026-03-02,Japan,Asia,1.125,1.049,2.585,73.15,2.67,519.9403,3.42,59.3,35.7,23.3,0,No Event,1.06,Low,30.0,1.09875,0.0700576440330133,1.078,69.39,0,2026,3,1,10,0
2026-03-09,Japan,Asia,1.184,1.087,1.963,74.48,3.58,518.8129,2.72,57.5,49.7,28.8,0,No Event,-0.03,Low,30.0,1.11225,0.0683213527130544,1.125,73.15,0,2026,3,1,11,0
2026-03-16,Japan,Asia,1.145,1.025,1.941,72.17,3.09,520.4238,0.53,55.1,54.3,24.6,0,No Event,-0.12,Low,30.0,1.133,0.0697591134125961,1.184,74.48,0,2026,3,1,12,0
2026-03-23,Japan,Asia,1.143,1.028,2.102,71.39,3.2,513.2211,1.57,30.4,39.2,24.6,0,No Event,-0.34,Low,30.0,1.14925,0.0698452598951703,1.145,72.17,1,2026,3,1,13,0
2015-01-05,Russia,Europe/Asia,0.573,0.509,1.5,51.37,2.29,75.2873,-1.07,68.2,57.5,24.8,0,No Event,0.15,High,10.0,0.573,0.1268122164889961,0.573,51.37,0,2015,1,1,2,0
2015-01-12,Russia,Europe/Asia,0.562,0.526,1.575,51.26,1.21,74.5627,4.3,65.9,44.9,25.2,0,No Event,-0.02,High,10.0,0.5675,0.1268122164889961,0.573,51.37,0,2015,1,1,3,0
2015-01-19,Russia,Europe/Asia,0.652,0.569,1.614,55.51,1.51,74.1872,3.19,53.7,46.4,26.8,0,No Event,0.33,High,10.0,0.5956666666666667,0.1268122164889961,0.562,51.26,0,2015,1,1,4,0
2015-01-26,Russia,Europe/Asia,0.583,0.532,1.802,53.92,2.14,74.3811,2.63,52.8,58.7,25.2,0,No Event,0.67,High,10.0,0.5925,0.135651485338192,0.652,55.51,0,2015,1,1,5,0
2015-02-02,Russia,Europe/Asia,0.624,0.582,1.756,55.3,2.35,74.2688,3.9,43.0,56.7,22.0,0,No Event,-0.5,High,10.0,0.6052500000000001,0.1145715237303213,0.583,53.92,0,2015,2,1,6,0
2015-02-09,Russia,Europe/Asia,0.621,0.586,1.912,55.21,1.5,75.2885,3.12,58.0,69.8,29.6,0,No Event,0.44,High,10.0,0.62,0.1001961543066444,0.624,55.3,0,2015,2,1,7,0
2015-02-16,Russia,Europe/Asia,0.647,0.601,1.985,59.15,1.91,74.7751,1.66,51.1,50.3,26.9,0,No Event,0.43,High,10.0,0.6187499999999999,0.0900566125883025,0.621,55.21,0,2015,2,1,8,0
2015-02-23,Russia,Europe/Asia,0.694,0.615,1.509,60.51,1.68,75.1322,1.93,42.7,54.4,21.8,0,No Event,0.09,High,10.0,0.6465000000000001,0.084261441730662,0.647,59.15,0,2015,2,1,9,0
2015-03-02,Russia,Europe/Asia,0.654,0.59,1.612,57.23,1.72,74.5002,4.55,54.5,56.1,21.9,0,No Event,0.55,High,10.0,0.654,0.0840351612606224,0.694,60.51,0,2015,3,1,10,0
2015-03-09,Russia,Europe/Asia,0.665,0.622,1.981,59.45,2.7,74.855,1.85,59.4,66.3,26.7,0,No Event,-0.05,High,10.0,0.665,0.0786135128805436,0.654,57.23,0,2015,3,1,11,0
2015-03-16,Russia,Europe/Asia,0.638,0.592,2.039,58.6,2.47,76.3856,4.72,51.1,44.1,29.0,0,No Event,-0.49,High,10.0,0.66275,0.0765053253230325,0.665,59.45,0,2015,3,1,12,0
2015-03-23,Russia,Europe/Asia,0.643,0.575,1.988,57.08,1.68,76.2578,-0.24,51.5,49.5,27.2,0,No Event,0.2,High,10.0,0.65,0.0725985135599946,0.638,58.6,0,2015,3,1,13,0
2015-03-30,Russia,Europe/Asia,0.675,0.624,1.836,61.32,1.98,76.2284,0.61,47.2,54.6,23.1,0,No Event,-0.03,High,10.0,0.6552500000000001,0.0700346652867169,0.643,57.08,0,2015,3,1,14,0
2015-04-06,Russia,Europe/Asia,0.643,0.587,1.901,56.62,2.53,75.5334,4.25,69.2,42.1,24.4,0,No Event,0.02,High,10.0,0.64975,0.0717733743878911,0.675,61.32,0,2015,4,2,15,0
2015-04-13,Russia,Europe/Asia,0.646,0.594,1.5,57.82,1.96,75.6167,-1.0,57.2,45.7,26.8,0,No Event,-0.07,High,10.0,0.65175,0.0549828747179226,0.643,56.62,0,2015,4,2,16,0
2015-04-20,Russia,Europe/Asia,0.677,0.587,1.812,58.33,2.12,77.1828,0.91,57.3,46.5,24.8,0,No Event,0.86,High,10.0,0.66025,0.0449139676175041,0.646,57.82,0,2015,4,2,17,0
2015-04-27,Russia,Europe/Asia,0.624,0.576,1.935,56.76,2.1,75.1375,4.41,59.3,38.9,28.0,0,No Event,-0.66,High,10.0,0.6475,0.0481773694074371,0.677,58.33,0,2015,4,2,18,0
2015-05-04,Russia,Europe/Asia,0.683,0.62,1.959,61.22,2.16,76.0279,3.72,51.0,45.0,24.8,0,No Event,1.13,High,10.0,0.6575,0.0551139683852615,0.624,56.76,0,2015,5,2,19,0
2015-05-11,Russia,Europe/Asia,0.615,0.559,1.588,55.81,1.68,75.909,2.51,69.7,60.9,28.1,0,No Event,-0.27,High,10.0,0.64975,0.0621950679655964,0.683,61.22,0,2015,5,2,20,0
2015-05-18,Russia,Europe/Asia,0.605,0.533,1.739,53.79,1.68,76.6748,1.74,62.6,44.0,26.9,0,No Event,0.09,High,10.0,0.63175,0.0575612269033665,0.615,55.81,0,2015,5,2,21,0
2015-05-25,Russia,Europe/Asia,0.678,0.636,1.918,61.3,2.28,75.3702,1.05,52.9,34.4,26.5,0,No Event,-0.58,High,10.0,0.64525,0.0664313872462717,0.605,53.79,0,2015,5,2,22,0
2015-06-01,Russia,Europe/Asia,0.624,0.564,1.938,55.21,2.38,74.3241,1.79,43.5,30.5,29.3,0,No Event,0.23,High,10.0,0.6305000000000001,0.0705800476659737,0.678,61.3,0,2015,6,2,23,0
2015-06-08,Russia,Europe/Asia,0.592,0.561,1.556,54.17,1.72,76.3748,1.94,53.4,48.9,28.6,0,No Event,0.24,High,10.0,0.62475,0.0711619344320484,0.624,55.21,0,2015,6,2,24,0
2015-06-15,Russia,Europe/Asia,0.591,0.56,1.846,52.64,2.25,75.9211,2.53,37.1,29.5,23.7,0,No Event,1.14,High,10.0,0.62125,0.0710720011741005,0.592,54.17,0,2015,6,2,25,0
2015-06-22,Russia,Europe/Asia,0.576,0.553,1.5,52.03,2.59,76.0413,0.34,42.8,52.1,20.6,0,No Event,-0.43,High,10.0,0.59575,0.0691196244317334,0.591,52.64,0,2015,6,2,26,0
2015-06-29,Russia,Europe/Asia,0.59,0.536,1.5,52.35,1.07,75.3514,4.82,59.7,25.8,28.8,0,No Event,-0.05,High,10.0,0.5872499999999999,0.0687822326265202,0.576,52.03,0,2015,6,2,27,0
2015-07-06,Russia,Europe/Asia,0.561,0.503,1.5,49.35,2.58,73.8326,2.94,45.6,55.1,25.1,0,No Event,-0.34,High,10.0,0.5794999999999999,0.0698415070516075,0.59,52.35,0,2015,7,3,28,0
2015-07-13,Russia,Europe/Asia,0.565,0.516,1.696,51.06,2.02,74.6633,0.92,50.5,29.2,28.5,0,No Event,0.56,High,10.0,0.573,0.0677498790192733,0.561,49.35,0,2015,7,3,29,0
2015-07-20,Russia,Europe/Asia,0.519,0.47,1.5,47.5,2.39,74.3423,-0.55,31.8,42.0,21.6,0,No Event,0.52,High,10.0,0.55875,0.0680299538325013,0.565,51.06,1,2015,7,3,30,0
2015-07-27,Russia,Europe/Asia,0.53,0.492,1.506,46.99,1.59,74.6802,2.39,48.0,46.6,28.2,0,No Event,-0.02,High,10.0,0.5437500000000001,0.0603332531809353,0.519,47.5,0,2015,7,3,31,0
2015-08-03,Russia,Europe/Asia,0.492,0.456,1.5,44.18,2.01,76.3644,-0.18,45.5,39.2,27.7,0,No Event,0.02,High,10.0,0.5265,0.0574281001333835,0.53,46.99,0,2015,8,3,32,0
2015-08-10,Russia,Europe/Asia,0.545,0.486,1.5,48.17,1.99,73.7399,1.98,34.2,47.3,29.7,0,No Event,0.99,High,10.0,0.5215000000000001,0.0677806864321782,0.492,44.18,1,2015,8,3,33,0
2015-08-17,Russia,Europe/Asia,0.493,0.441,1.545,43.88,1.12,74.5546,0.87,47.9,31.4,23.4,0,No Event,-0.5,High,10.0,0.515,0.0590348947919733,0.545,48.17,0,2015,8,3,34,0
2015-08-24,Russia,Europe/Asia,0.478,0.437,1.5,42.01,2.7,74.225,0.34,41.1,37.4,21.3,0,No Event,-0.11,High,10.0,0.502,0.0565197580437729,0.493,43.88,0,2015,8,3,35,0
2015-08-31,Russia,Europe/Asia,0.496,0.436,1.5,43.62,2.0,74.8321,1.1,48.9,48.1,28.0,0,No Event,0.8,High,10.0,0.503,0.0579312759668508,0.478,42.01,0,2015,8,3,36,0
2015-09-07,Russia,Europe/Asia,0.442,0.396,1.5,38.75,1.0,74.7743,2.05,60.9,62.5,20.2,0,No Event,0.4,High,10.0,0.47725,0.0639613076496053,0.496,43.62,0,2015,9,3,37,0
2015-09-14,Russia,Europe/Asia,0.466,0.427,1.5,41.46,2.13,73.4047,6.55,56.9,58.8,25.4,0,No Event,-0.51,High,10.0,0.4705,0.0676132878016908,0.442,38.75,0,2015,9,3,38,0
2015-09-21,Russia,Europe/Asia,0.381,0.363,1.5,35.59,2.39,75.0704,2.34,53.5,43.4,21.8,0,No Event,0.11,High,10.0,0.44625,0.0814887642920729,0.466,41.46,0,2015,9,3,39,0
2015-09-28,Russia,Europe/Asia,0.424,0.382,1.5,38.15,2.92,74.4702,0.45,46.6,62.4,29.8,0,No Event,0.56,High,10.0,0.42825,0.0913270239532263,0.381,35.59,0,2015,9,3,40,0
2015-10-05,Russia,Europe/Asia,0.484,0.434,1.5,41.4,1.92,74.601,1.91,67.3,53.5,23.3,0,No Event,0.23,High,10.0,0.43875,0.1024043110676644,0.424,38.15,0,2015,10,4,41,0
2015-10-12,Russia,Europe/Asia,0.478,0.431,1.5,42.54,2.69,74.9661,0.96,51.6,38.7,22.3,0,No Event,-0.41,High,10.0,0.44175,0.0998061014262384,0.484,41.4,0,2015,10,4,42,0
2015-10-19,Russia,Europe/Asia,0.456,0.424,1.5,40.81,2.56,74.3519,2.52,45.2,43.3,28.1,0,No Event,0.36,High,10.0,0.4605,0.1002612556532886,0.478,42.54,0,2015,10,4,43,0
2015-10-26,Russia,Europe/Asia,0.449,0.428,1.5,41.35,2.27,74.2701,4.72,36.0,69.2,26.1,0,No Event,0.11,High,10.0,0.46675,0.0982950410423863,0.456,40.81,1,2015,10,4,44,0
2015-11-02,Russia,Europe/Asia,0.474,0.433,1.5,41.95,2.06,73.9771,1.64,34.9,59.5,28.5,0,No Event,-0.18,High,10.0,0.46425,0.0940172332424366,0.449,41.35,1,2015,11,4,45,0
2015-11-09,Russia,Europe/Asia,0.455,0.412,1.5,40.01,1.7,74.3704,0.04,55.5,54.4,22.6,0,No Event,0.07,High,10.0,0.4585,0.0906036781088325,0.474,41.95,0,2015,11,4,46,0
2015-11-16,Russia,Europe/Asia,0.471,0.447,1.5,42.17,2.18,73.8306,2.38,43.7,61.9,25.7,0,No Event,0.75,High,10.0,0.46225,0.0907636249128049,0.455,40.01,0,2015,11,4,47,0
2015-11-23,Russia,Europe/Asia,0.456,0.429,1.5,41.49,1.8,75.4456,1.71,35.6,58.8,28.2,0,No Event,-0.35,High,10.0,0.464,0.0905453960144862,0.471,42.17,1,2015,11,4,48,0
2015-11-30,Russia,Europe/Asia,0.533,0.478,1.653,47.68,1.38,74.8036,3.41,47.9,49.3,24.3,0,No Event,-0.12,High,10.0,0.47875,0.0963658801475136,0.456,41.49,0,2015,11,4,49,0
2015-12-07,Russia,Europe/Asia,0.536,0.487,1.524,47.05,2.15,75.2461,2.78,52.7,66.9,25.6,0,No Event,-0.45,High,10.0,0.499,0.0958147389045018,0.533,47.68,0,2015,12,4,50,0
2015-12-14,Russia,Europe/Asia,0.478,0.459,1.5,43.49,2.9,74.9774,2.5,54.9,63.9,22.3,0,No Event,0.46,High,10.0,0.50075,0.0834458569797906,0.536,47.05,0,2015,12,4,51,0
2015-12-21,Russia,Europe/Asia,0.57,0.495,1.733,49.41,2.24,76.0666,2.0,53.7,60.5,24.1,0,No Event,0.59,High,10.0,0.52925,0.0938312370667191,0.478,43.49,0,2015,12,4,52,0
2015-12-28,Russia,Europe/Asia,0.548,0.498,1.5,48.39,2.03,72.7902,4.48,48.9,53.2,25.6,0,No Event,0.01,High,10.0,0.533,0.0884086151099184,0.57,49.41,0,2015,12,4,53,0
2016-01-04,Russia,Europe/Asia,0.56,0.497,1.759,49.24,2.02,74.8474,1.33,53.0,38.1,20.3,0,No Event,0.18,High,10.0,0.539,0.0880392363261272,0.548,48.39,0,2016,1,1,1,0
2016-01-11,Russia,Europe/Asia,0.611,0.558,1.599,54.72,1.98,74.2473,0.4,56.8,58.8,26.4,0,No Event,0.41,High,10.0,0.57225,0.0880645246566597,0.56,49.24,0,2016,1,1,2,0
2016-01-18,Russia,Europe/Asia,0.602,0.546,1.667,55.11,2.04,75.31,1.66,54.5,39.3,29.8,0,No Event,-0.12,High,10.0,0.58025,0.0880368791238721,0.611,54.72,0,2016,1,1,3,0
2016-01-25,Russia,Europe/Asia,0.617,0.594,1.725,56.1,2.41,75.9634,1.62,57.7,46.6,26.8,0,No Event,0.03,High,10.0,0.5975,0.0876079058345985,0.602,55.11,0,2016,1,1,4,0
2016-02-01,Russia,Europe/Asia,0.609,0.529,1.5,54.24,1.94,75.0075,0.24,51.4,53.9,22.3,0,No Event,0.77,High,10.0,0.60975,0.086097823074528,0.617,56.1,0,2016,2,1,5,0
2016-02-08,Russia,Europe/Asia,0.627,0.563,1.565,56.08,2.91,76.3619,2.79,49.2,44.2,20.6,0,No Event,-0.67,High,10.0,0.61375,0.0860694571526393,0.609,54.24,0,2016,2,1,6,0
2016-02-15,Russia,Europe/Asia,0.654,0.596,1.93,58.98,2.29,76.6764,2.84,53.4,57.0,26.0,0,No Event,0.81,High,10.0,0.62675,0.0840801997845826,0.627,56.08,0,2016,2,1,7,0
2016-02-22,Russia,Europe/Asia,0.665,0.601,1.61,58.63,2.25,74.772,0.07,51.9,47.4,29.0,0,No Event,0.89,High,10.0,0.63875,0.0724996998656996,0.654,58.98,0,2016,2,1,8,0
2016-02-29,Russia,Europe/Asia,0.632,0.592,1.5,57.51,2.42,75.1661,0.53,54.8,48.6,29.1,0,No Event,-0.11,High,10.0,0.6445000000000001,0.0752603969194036,0.665,58.63,0,2016,2,1,9,0
2016-03-07,Russia,Europe/Asia,0.692,0.611,2.173,60.69,2.5,75.9604,1.73,58.9,51.0,26.6,0,No Event,0.58,High,10.0,0.66075,0.0671127570825447,0.632,57.51,0,2016,3,1,10,0
2016-03-14,Russia,Europe/Asia,0.656,0.594,1.786,58.59,1.73,76.2107,2.49,56.8,73.6,28.5,0,No Event,-0.69,High,10.0,0.66125,0.0490614905517204,0.692,60.69,0,2016,3,1,11,0
2016-03-21,Russia,Europe/Asia,0.686,0.626,1.787,60.52,1.51,77.8925,-0.27,48.8,35.0,26.6,0,No Event,-0.36,High,10.0,0.6665000000000001,0.047017868017153,0.656,58.59,0,2016,3,1,12,0
2016-03-28,Russia,Europe/Asia,0.704,0.632,1.538,61.42,2.06,75.7199,3.0,39.3,53.8,25.0,0,No Event,0.52,High,10.0,0.6845,0.0470514318305903,0.686,60.52,1,2016,3,1,13,0
2016-04-04,Russia,Europe/Asia,0.722,0.669,2.044,64.21,2.08,74.7322,0.61,59.2,56.4,22.7,0,No Event,-1.33,High,10.0,0.6920000000000001,0.0415683067353182,0.704,61.42,0,2016,4,2,14,0
2016-04-11,Russia,Europe/Asia,0.67,0.614,1.759,61.56,2.22,75.3124,3.39,38.9,46.2,28.1,0,No Event,-1.54,High,10.0,0.6955,0.0480517067814418,0.722,64.21,1,2016,4,2,15,0
2016-04-18,Russia,Europe/Asia,0.661,0.611,1.841,61.02,2.72,75.8269,0.67,67.6,39.5,20.9,0,No Event,-0.33,High,10.0,0.68925,0.0482454958478859,0.67,61.56,0,2016,4,2,16,0
2016-04-25,Russia,Europe/Asia,0.669,0.61,1.723,60.1,2.78,77.1354,0.19,45.0,52.3,24.7,0,No Event,-0.08,High,10.0,0.6805,0.047851983472051,0.661,61.02,0,2016,4,2,17,0
2016-05-02,Russia,Europe/Asia,0.677,0.599,1.953,58.68,2.3,76.0692,3.32,62.6,38.1,22.9,0,No Event,-0.38,High,10.0,0.66925,0.0474294867364932,0.669,60.1,0,2016,5,2,18,0
2016-05-09,Russia,Europe/Asia,0.66,0.641,1.526,61.31,2.38,75.3402,2.04,42.4,51.5,26.4,0,No Event,-0.0,High,10.0,0.6667500000000001,0.0468545588301957,0.677,58.68,0,2016,5,2,19,0
2016-05-16,Russia,Europe/Asia,0.709,0.654,2.179,61.83,2.29,74.6881,2.53,49.3,46.7,27.1,0,No Event,0.8,High,10.0,0.6787500000000001,0.0512575960431863,0.66,61.31,0,2016,5,2,20,0
2016-05-23,Russia,Europe/Asia,0.655,0.576,1.614,58.27,2.2,76.8976,2.45,62.6,40.9,27.1,0,No Event,-0.41,High,10.0,0.67525,0.0543790765762897,0.709,61.83,0,2016,5,2,21,0
2016-05-30,Russia,Europe/Asia,0.657,0.608,1.644,59.88,2.54,74.9609,3.08,56.0,51.7,23.0,0,No Event,-0.82,High,10.0,0.67025,0.0463361755480441,0.655,58.27,0,2016,5,2,22,0
2016-06-06,Russia,Europe/Asia,0.584,0.513,1.66,51.27,1.89,74.7185,1.7,45.2,44.4,21.3,0,No Event,-0.25,High,10.0,0.65125,0.0544169667594062,0.657,59.88,0,2016,6,2,23,0
2016-06-13,Russia,Europe/Asia,0.638,0.562,1.5,54.71,1.84,75.6756,2.14,52.6,52.7,27.3,0,No Event,-0.41,High,10.0,0.6335,0.0600155058132095,0.584,51.27,0,2016,6,2,24,0
2016-06-20,Russia,Europe/Asia,0.604,0.552,1.623,53.74,2.31,75.6293,-2.08,47.3,37.8,27.7,0,No Event,-0.44,High,10.0,0.62075,0.0607175423399998,0.638,54.71,0,2016,6,2,25,0
2016-06-27,Russia,Europe/Asia,0.585,0.532,1.591,51.65,2.04,75.9603,1.51,37.4,49.8,24.9,0,No Event,-0.47,High,10.0,0.60275,0.0598221189672429,0.604,53.74,1,2016,6,2,26,0
2016-07-04,Russia,Europe/Asia,0.554,0.52,1.5,50.59,2.96,76.124,0.34,56.9,44.0,25.9,0,No Event,0.15,High,10.0,0.5952500000000001,0.058430217223364,0.585,51.65,0,2016,7,3,27,0
2016-07-11,Russia,Europe/Asia,0.534,0.484,1.683,47.23,2.5,74.9922,-0.22,54.2,50.4,23.6,0,No Event,0.17,High,10.0,0.56925,0.0587705485821971,0.554,50.59,0,2016,7,3,28,0
2016-07-18,Russia,Europe/Asia,0.539,0.493,1.5,48.3,1.37,74.443,2.37,51.6,37.5,29.9,0,No Event,0.81,High,10.0,0.553,0.0586565245189158,0.534,47.23,0,2016,7,3,29,0
2016-07-25,Russia,Europe/Asia,0.535,0.492,1.727,48.23,2.88,74.6314,1.31,58.3,42.9,20.5,0,No Event,0.39,High,10.0,0.5405,0.0580728036623785,0.539,48.3,0,2016,7,3,30,0
2016-08-01,Russia,Europe/Asia,0.568,0.515,1.701,51.75,2.58,76.3595,1.33,41.5,53.8,27.0,0,No Event,0.05,High,10.0,0.544,0.0623381767604644,0.535,48.23,0,2016,8,3,31,0
2016-08-08,Russia,Europe/Asia,0.509,0.468,1.5,45.13,1.88,74.5701,3.37,55.6,46.7,20.4,0,No Event,-0.33,High,10.0,0.53775,0.0614881359764922,0.568,51.75,0,2016,8,3,32,0
2016-08-15,Russia,Europe/Asia,0.486,0.435,1.5,41.87,1.54,74.4141,1.34,53.7,56.7,28.2,0,No Event,0.64,High,10.0,0.5245,0.0597941159871666,0.509,45.13,0,2016,8,3,33,0
2016-08-22,Russia,Europe/Asia,0.498,0.447,1.5,44.21,2.02,74.3275,-0.56,51.1,39.9,21.3,0,No Event,0.64,High,10.0,0.51525,0.0609629441179189,0.486,41.87,0,2016,8,3,34,0
2016-08-29,Russia,Europe/Asia,0.491,0.473,1.5,44.73,1.44,73.8513,0.02,43.5,44.7,21.3,0,No Event,-0.6,High,10.0,0.496,0.0539734138896113,0.498,44.21,0,2016,8,3,35,0
2016-09-05,Russia,Europe/Asia,0.495,0.441,1.5,44.3,2.11,75.349,3.49,57.0,39.8,29.2,0,No Event,0.58,High,10.0,0.4925,0.0434570157997053,0.491,44.73,0,2016,9,3,36,0
2016-09-12,Russia,Europe/Asia,0.458,0.415,1.5,40.85,2.07,74.9245,3.89,54.6,37.9,25.7,0,No Event,0.48,High,10.0,0.4855,0.0453496133624234,0.495,44.3,0,2016,9,3,37,0
2016-09-19,Russia,Europe/Asia,0.462,0.436,1.5,42.3,1.41,73.1445,3.8,57.3,44.6,27.8,0,No Event,-0.38,High,10.0,0.4765,0.0460525878923273,0.458,40.85,0,2016,9,3,38,0
2016-09-26,Russia,Europe/Asia,0.476,0.449,1.5,42.82,1.05,74.0651,2.39,37.1,52.2,24.8,0,No Event,-0.55,High,10.0,0.47275,0.0466513472838179,0.462,42.3,1,2016,9,3,39,0
2016-10-03,Russia,Europe/Asia,0.474,0.438,1.509,43.27,2.85,73.4088,0.56,48.8,54.5,29.8,0,No Event,0.63,High,10.0,0.4675,0.0460292004839216,0.476,42.82,0,2016,10,4,40,0
2016-10-10,Russia,Europe/Asia,0.483,0.421,1.5,41.28,2.5,73.126,2.3,58.6,63.4,20.2,0,No Event,-0.56,High,10.0,0.47375,0.0464578231167464,0.474,43.27,0,2016,10,4,41,0
2016-10-17,Russia,Europe/Asia,0.467,0.41,1.5,40.54,2.48,73.7894,-1.5,31.0,42.2,20.3,0,No Event,-0.0,High,10.0,0.475,0.0470140393738748,0.483,41.28,1,2016,10,4,42,0
2016-10-24,Russia,Europe/Asia,0.476,0.428,1.5,42.51,2.18,74.2478,1.98,49.7,57.5,25.3,0,No Event,-0.34,High,10.0,0.475,0.0424943028873248,0.467,40.54,0,2016,10,4,43,0
2016-10-31,Russia,Europe/Asia,0.431,0.406,1.5,39.78,3.43,74.395,-0.32,53.9,65.8,26.4,0,No Event,-0.42,High,10.0,0.46425,0.0407439046961255,0.476,42.51,0,2016,10,4,44,0
2016-11-07,Russia,Europe/Asia,0.489,0.452,1.5,43.9,2.32,74.3231,2.59,41.9,52.0,28.6,0,No Event,-0.78,High,10.0,0.46575,0.057446278685757,0.431,39.78,0,2016,11,4,45,0
2016-11-14,Russia,Europe/Asia,0.509,0.461,1.568,45.64,3.1,73.4659,3.25,51.1,55.4,25.3,0,No Event,-1.27,High,10.0,0.4762499999999999,0.0582136603123807,0.489,43.9,0,2016,11,4,46,0
2016-11-21,Russia,Europe/Asia,0.5,0.454,1.5,44.66,2.11,74.957,0.11,44.5,60.2,22.1,0,No Event,0.06,High,10.0,0.4822499999999999,0.0583215387422086,0.509,45.64,0,2016,11,4,47,0
2016-11-28,Russia,Europe/Asia,0.513,0.487,1.533,46.22,1.02,74.0883,1.12,35.5,55.5,28.0,0,No Event,0.59,High,10.0,0.50275,0.0586898872910684,0.5,44.66,1,2016,11,4,48,0
2016-12-05,Russia,Europe/Asia,0.498,0.453,1.5,44.01,1.62,75.6684,3.81,45.0,39.0,24.7,0,No Event,0.6,High,10.0,0.505,0.0544155606031029,0.513,46.22,0,2016,12,4,49,0
2016-12-12,Russia,Europe/Asia,0.536,0.461,1.5,47.3,2.49,75.8667,4.58,62.8,34.2,29.1,0,No Event,-0.82,High,10.0,0.51175,0.0578488182294498,0.498,44.01,0,2016,12,4,50,0
2016-12-19,Russia,Europe/Asia,0.53,0.5,1.571,48.34,1.61,73.607,3.23,44.5,49.3,26.6,0,No Event,1.46,High,10.0,0.51925,0.0580232607719121,0.536,47.3,0,2016,12,4,51,0
2016-12-26,Russia,Europe/Asia,0.57,0.507,1.5,49.9,2.29,74.3942,3.36,63.3,50.4,24.4,0,No Event,0.52,High,10.0,0.5335,0.0606848548721131,0.53,48.34,0,2016,12,4,52,0
2017-01-02,Russia,Europe/Asia,0.575,0.527,1.5,51.72,2.23,75.3735,0.24,49.1,63.3,21.9,0,No Event,0.16,High,10.0,0.55275,0.0607282798278771,0.57,49.9,0,2017,1,1,1,0
2017-01-09,Russia,Europe/Asia,0.62,0.558,1.78,54.24,1.74,75.0981,0.99,68.9,38.7,20.6,0,No Event,-0.25,High,10.0,0.57375,0.0610000508727987,0.575,51.72,0,2017,1,1,2,0
2017-01-16,Russia,Europe/Asia,0.664,0.597,1.798,58.25,2.12,74.8485,4.13,44.4,68.2,22.2,0,No Event,-0.59,High,10.0,0.60725,0.0623254988140778,0.62,54.24,0,2017,1,1,3,0
2017-01-23,Russia,Europe/Asia,0.62,0.584,1.891,57.09,2.27,75.1557,3.89,44.7,61.9,27.1,0,No Event,0.35,High,10.0,0.61975,0.0575455944935576,0.664,58.25,0,2017,1,1,4,0
2017-01-30,Russia,Europe/Asia,0.642,0.581,1.57,57.84,2.1,74.4064,3.69,63.1,47.8,20.5,0,No Event,0.16,High,10.0,0.6365,0.0478130784003608,0.62,57.09,0,2017,1,1,5,0
2017-02-06,Russia,Europe/Asia,0.65,0.608,1.873,59.16,2.2,74.6423,5.36,55.3,48.5,27.1,0,No Event,-0.26,High,10.0,0.644,0.0476026185282019,0.642,57.84,0,2017,2,1,6,0
2017-02-13,Russia,Europe/Asia,0.634,0.558,1.509,56.54,3.35,75.7904,2.18,57.7,46.9,24.3,0,No Event,0.46,High,10.0,0.6365,0.0481617231293502,0.65,59.16,0,2017,2,1,7,0
2017-02-20,Russia,Europe/Asia,0.659,0.588,1.802,59.42,1.76,77.1833,1.64,57.0,53.4,22.5,0,No Event,0.17,High,10.0,0.64625,0.048442903087523,0.634,56.54,0,2017,2,1,8,0
2017-02-27,Russia,Europe/Asia,0.674,0.604,1.998,58.77,2.78,74.8084,2.94,49.7,43.7,24.5,0,No Event,-0.31,High,10.0,0.65425,0.0456743747339635,0.659,59.42,0,2017,2,1,9,0
2017-03-06,Russia,Europe/Asia,0.73,0.661,1.829,67.29,2.02,75.5901,-0.22,54.5,49.7,27.9,0,No Event,1.11,High,10.0,0.67425,0.0463831886491348,0.674,58.77,0,2017,3,1,10,0
2017-03-13,Russia,Europe/Asia,0.672,0.62,1.832,60.71,3.21,75.838,1.89,45.8,43.9,29.7,0,No Event,0.46,High,10.0,0.6837500000000001,0.0549027891728142,0.73,67.29,0,2017,3,1,11,0
2017-03-20,Russia,Europe/Asia,0.756,0.659,1.719,64.87,1.75,75.8644,2.65,53.6,45.3,26.7,0,No Event,0.27,High,10.0,0.708,0.0608768226239814,0.672,60.71,0,2017,3,1,12,0
2017-03-27,Russia,Europe/Asia,0.716,0.644,1.822,62.78,2.17,75.8295,2.78,47.4,48.1,29.7,0,No Event,0.72,High,10.0,0.7185,0.0648887264048629,0.756,64.87,0,2017,3,1,13,0
2017-04-03,Russia,Europe/Asia,0.666,0.599,2.114,59.52,1.63,74.6711,1.42,57.2,50.2,27.0,0,No Event,-0.18,High,10.0,0.7025,0.0669245491385006,0.716,62.78,0,2017,4,2,14,0
2017-04-10,Russia,Europe/Asia,0.72,0.663,1.786,63.7,1.97,75.4483,1.73,61.6,62.4,26.0,0,No Event,-0.72,High,10.0,0.7144999999999999,0.0678467753863708,0.666,59.52,0,2017,4,2,15,0
2017-04-17,Russia,Europe/Asia,0.71,0.637,2.12,63.87,2.26,75.1917,2.94,61.4,58.4,25.8,0,No Event,0.31,High,10.0,0.7030000000000001,0.0641595615569852,0.72,63.7,0,2017,4,2,16,0
2017-04-24,Russia,Europe/Asia,0.735,0.641,1.579,64.85,1.06,74.897,1.3,50.0,48.2,22.1,0,No Event,-0.79,High,10.0,0.70775,0.0641510086006869,0.71,63.87,0,2017,4,2,17,0
2017-05-01,Russia,Europe/Asia,0.684,0.618,1.891,60.63,1.61,74.9379,2.04,60.6,37.5,22.2,0,No Event,0.23,High,10.0,0.71225,0.0684436737393062,0.735,64.85,0,2017,5,2,18,0
2017-05-08,Russia,Europe/Asia,0.715,0.661,1.576,64.83,1.31,76.3567,1.74,55.6,43.2,29.4,0,No Event,-0.13,High,10.0,0.7110000000000001,0.0685425577445687,0.684,60.63,0,2017,5,2,19,0
2017-05-15,Russia,Europe/Asia,0.622,0.566,1.82,54.63,2.66,75.3978,-0.25,52.3,51.3,20.1,0,No Event,-0.28,High,10.0,0.6890000000000001,0.0790767427759699,0.715,64.83,0,2017,5,2,20,0
2017-05-22,Russia,Europe/Asia,0.715,0.635,1.782,62.27,1.65,75.8179,2.02,46.8,35.1,27.4,0,No Event,-0.38,High,10.0,0.6839999999999999,0.0903380191413178,0.622,54.63,0,2017,5,2,21,0
2017-05-29,Russia,Europe/Asia,0.669,0.634,1.594,61.83,2.6,73.8144,1.57,59.7,46.1,22.1,0,No Event,0.43,High,10.0,0.6802499999999999,0.0893118072166619,0.715,62.27,0,2017,5,2,22,0
2017-06-05,Russia,Europe/Asia,0.6,0.541,1.5,53.91,2.58,74.6038,5.09,50.8,47.7,28.4,0,No Event,-0.69,High,10.0,0.6515,0.0913774196806389,0.669,61.83,0,2017,6,2,23,0
2017-06-12,Russia,Europe/Asia,0.632,0.583,1.812,56.36,2.62,73.5594,2.27,70.9,47.2,28.5,0,No Event,0.02,High,10.0,0.654,0.0841179680729272,0.6,53.91,0,2017,6,2,24,0
2017-06-19,Russia,Europe/Asia,0.603,0.554,1.84,54.95,1.66,75.0914,1.64,57.4,34.9,24.0,0,No Event,0.12,High,10.0,0.626,0.0838282566122165,0.632,56.36,0,2017,6,2,25,0
2017-06-26,Russia,Europe/Asia,0.619,0.551,1.515,53.72,2.97,74.9502,2.1,50.3,54.6,27.2,0,No Event,0.03,High,10.0,0.6135,0.0822821192504438,0.603,54.95,0,2017,6,2,26,0
2017-07-03,Russia,Europe/Asia,0.579,0.523,1.695,51.12,2.29,73.7767,1.04,39.9,58.5,26.0,0,No Event,0.18,High,10.0,0.60825,0.0794522531224678,0.619,53.72,1,2017,7,3,27,0
2017-07-10,Russia,Europe/Asia,0.57,0.504,1.555,51.3,1.73,75.0904,1.72,42.4,55.2,27.7,0,No Event,-0.72,High,10.0,0.5927499999999999,0.0794513630594709,0.579,51.12,0,2017,7,3,28,0
2017-07-17,Russia,Europe/Asia,0.546,0.505,1.5,48.36,2.49,74.5732,1.4,41.0,57.9,28.1,0,No Event,0.85,High,10.0,0.5785,0.0781104028133783,0.57,51.3,0,2017,7,3,29,0
2017-07-24,Russia,Europe/Asia,0.559,0.49,1.5,48.8,2.5,74.158,3.27,55.6,48.3,22.0,0,No Event,0.18,High,10.0,0.5635,0.0775690196012748,0.546,48.36,0,2017,7,3,30,0
2017-07-31,Russia,Europe/Asia,0.502,0.451,1.5,45.5,2.39,75.335,2.76,39.7,61.2,29.7,0,No Event,-0.24,High,10.0,0.54425,0.0789809741102639,0.559,48.8,1,2017,7,3,31,0
2017-08-07,Russia,Europe/Asia,0.562,0.503,1.693,49.69,3.3,75.1551,0.85,51.5,36.9,21.7,0,No Event,0.5,High,10.0,0.54225,0.0819509673576697,0.502,45.5,0,2017,8,3,32,0
2017-08-14,Russia,Europe/Asia,0.505,0.463,1.5,44.81,1.52,74.6846,-0.19,47.7,51.8,23.9,0,No Event,0.66,High,10.0,0.532,0.0699646341640847,0.562,49.69,0,2017,8,3,33,0
2017-08-21,Russia,Europe/Asia,0.508,0.461,1.505,45.27,1.78,73.8708,3.37,39.0,44.0,21.4,0,No Event,-0.68,High,10.0,0.51925,0.0694323365698929,0.505,44.81,1,2017,8,3,34,0
2017-08-28,Russia,Europe/Asia,0.502,0.459,1.531,44.93,2.27,75.4778,1.21,54.0,41.5,24.3,0,No Event,0.17,High,10.0,0.51925,0.0643666117170902,0.508,45.27,0,2017,8,3,35,0
2017-09-04,Russia,Europe/Asia,0.467,0.423,1.5,41.8,2.36,75.2842,4.01,48.4,44.9,22.6,0,No Event,-0.08,High,10.0,0.4955,0.0626429334490453,0.502,44.93,0,2017,9,3,36,0
2017-09-11,Russia,Europe/Asia,0.488,0.431,1.5,43.31,2.47,75.1742,0.66,62.1,44.8,21.6,0,No Event,-0.02,High,10.0,0.49125,0.0650823091407255,0.467,41.8,0,2017,9,3,37,0
2017-09-18,Russia,Europe/Asia,0.517,0.462,1.5,45.4,1.46,74.9103,2.27,50.6,52.8,21.0,0,No Event,0.09,High,10.0,0.4935,0.0676568879073572,0.488,43.31,0,2017,9,3,38,0
2017-09-25,Russia,Europe/Asia,0.451,0.411,1.5,40.53,1.08,73.1787,3.09,49.6,41.6,26.2,0,No Event,0.13,High,10.0,0.48075,0.0741797433246349,0.517,45.4,0,2017,9,3,39,0
2017-10-02,Russia,Europe/Asia,0.469,0.42,1.5,42.26,2.3,75.5686,-1.59,38.5,41.9,24.0,0,No Event,0.08,High,10.0,0.4812499999999999,0.0760535837243582,0.451,40.53,1,2017,10,4,40,0
2017-10-09,Russia,Europe/Asia,0.472,0.429,1.5,42.31,1.67,74.1908,2.7,55.3,46.2,23.0,0,No Event,0.46,High,10.0,0.4772499999999999,0.0756787547208231,0.469,42.26,0,2017,10,4,41,0
2017-10-16,Russia,Europe/Asia,0.535,0.477,1.5,46.25,1.4,75.236,0.23,47.4,37.9,22.7,0,No Event,0.68,High,10.0,0.48175,0.085972824203066,0.472,42.31,0,2017,10,4,42,0
2017-10-23,Russia,Europe/Asia,0.462,0.419,1.5,41.31,2.19,75.1888,1.46,41.0,60.2,27.6,0,No Event,1.37,High,10.0,0.4845,0.0901561191842697,0.535,46.25,0,2017,10,4,43,0
2017-10-30,Russia,Europe/Asia,0.473,0.438,1.5,42.3,2.13,74.2291,1.28,40.2,58.7,21.8,0,No Event,0.2,High,10.0,0.4855,0.0822028441607617,0.462,41.31,0,2017,10,4,44,0
2017-11-06,Russia,Europe/Asia,0.53,0.469,1.5,45.42,2.51,74.7617,1.92,51.6,50.4,27.5,0,No Event,-0.24,High,10.0,0.5,0.0849522801085706,0.473,42.3,0,2017,11,4,45,0
2017-11-13,Russia,Europe/Asia,0.542,0.496,1.5,47.5,2.36,74.6622,2.93,65.8,45.9,27.7,0,No Event,0.66,High,10.0,0.50175,0.0850629373973741,0.53,45.42,0,2017,11,4,46,0
2017-11-20,Russia,Europe/Asia,0.539,0.509,1.526,48.77,2.69,73.7162,0.94,47.5,50.8,26.5,0,No Event,-0.4,High,10.0,0.521,0.0849439621949607,0.542,47.5,0,2017,11,4,47,0
2017-11-27,Russia,Europe/Asia,0.564,0.499,1.684,48.28,2.35,74.1647,1.07,56.0,51.6,27.5,0,No Event,0.41,High,10.0,0.54375,0.0816724955715355,0.539,48.77,0,2017,11,4,48,0
2017-12-04,Russia,Europe/Asia,0.531,0.456,1.542,45.95,1.5,73.7634,1.05,50.2,64.8,29.8,0,No Event,0.16,High,10.0,0.544,0.0841067717968803,0.564,48.28,0,2017,12,4,49,0
2017-12-11,Russia,Europe/Asia,0.554,0.498,1.594,50.1,2.12,75.4481,1.34,40.2,59.8,26.1,0,No Event,0.18,High,10.0,0.547,0.083377844369066,0.531,45.95,0,2017,12,4,50,0
2017-12-18,Russia,Europe/Asia,0.563,0.523,1.5,51.29,2.08,73.2333,-0.43,55.9,46.3,23.7,0,No Event,-0.42,High,10.0,0.5529999999999999,0.0714236049486741,0.554,50.1,0,2017,12,4,51,0
2017-12-25,Russia,Europe/Asia,0.577,0.52,1.5,51.16,2.34,74.9797,-0.27,48.6,52.8,28.6,0,No Event,0.12,High,10.0,0.55625,0.0711934439896454,0.563,51.29,0,2017,12,4,52,0
2018-01-01,Russia,Europe/Asia,0.625,0.568,1.738,56.34,1.48,75.1045,1.23,51.8,50.2,28.3,0,No Event,-0.23,High,10.0,0.57975,0.0733029110535088,0.577,51.16,0,2018,1,1,1,0
2018-01-08,Russia,Europe/Asia,0.617,0.565,1.537,57.11,1.5,74.8926,1.89,42.9,56.1,27.4,0,No Event,0.45,High,10.0,0.5955,0.06559194186122,0.625,56.34,0,2018,1,1,2,0
2018-01-15,Russia,Europe/Asia,0.557,0.534,1.5,51.98,2.28,75.6789,1.58,46.9,54.2,23.2,0,No Event,0.41,High,10.0,0.594,0.0579498771452815,0.617,57.11,0,2018,1,1,3,0
2018-01-22,Russia,Europe/Asia,0.658,0.609,1.916,59.06,3.05,75.115,2.23,64.2,46.9,24.0,0,No Event,0.04,High,10.0,0.61425,0.074927023279697,0.557,51.98,0,2018,1,1,4,0
2018-01-29,Russia,Europe/Asia,0.625,0.559,1.589,56.42,3.29,75.6027,2.97,45.1,61.0,26.0,0,No Event,-0.46,High,10.0,0.61425,0.0724161368594727,0.658,59.06,0,2018,1,1,5,0
2018-02-05,Russia,Europe/Asia,0.676,0.61,1.781,59.09,3.7,75.1267,4.14,53.8,50.9,27.6,0,No Event,0.98,High,10.0,0.629,0.0748560345474962,0.625,56.42,0,2018,2,1,6,0
2018-02-12,Russia,Europe/Asia,0.688,0.66,2.047,62.14,2.48,75.0477,0.4,44.9,47.9,23.0,0,No Event,-0.55,High,10.0,0.6617500000000001,0.0744044753263842,0.676,59.09,0,2018,2,1,7,0
2018-02-19,Russia,Europe/Asia,0.648,0.587,1.779,59.22,2.55,75.8055,0.51,53.4,64.2,28.6,0,No Event,0.09,High,10.0,0.65925,0.0774727345044942,0.688,62.14,0,2018,2,1,8,0
2018-02-26,Russia,Europe/Asia,0.729,0.666,1.836,63.97,2.09,76.1765,4.51,46.9,52.8,21.8,0,No Event,-0.39,High,10.0,0.68525,0.079871287911741,0.648,59.22,0,2018,2,1,9,0
2018-03-05,Russia,Europe/Asia,0.675,0.623,1.752,60.66,3.22,76.2241,2.73,43.9,61.0,29.9,0,No Event,0.0,High,10.0,0.685,0.0850565743399137,0.729,63.97,0,2018,3,1,10,0
2018-03-12,Russia,Europe/Asia,0.722,0.653,2.312,65.37,1.53,75.9309,4.61,52.3,64.2,23.2,0,No Event,0.52,High,10.0,0.6935,0.0862417093673425,0.675,60.66,0,2018,3,1,11,0
2018-03-19,Russia,Europe/Asia,0.749,0.684,1.941,66.78,2.34,74.9237,-0.21,57.0,46.2,28.4,0,No Event,-0.18,High,10.0,0.71875,0.0863257092011334,0.722,65.37,0,2018,3,1,12,0
2018-03-26,Russia,Europe/Asia,0.712,0.66,1.959,63.66,2.82,75.9653,4.03,62.9,60.1,20.4,0,No Event,0.05,High,10.0,0.7145,0.0867256546754,0.749,66.78,0,2018,3,1,13,0
2018-04-02,Russia,Europe/Asia,0.707,0.622,1.822,61.5,2.54,76.4154,1.31,52.4,47.8,26.8,0,No Event,-1.09,High,10.0,0.7224999999999999,0.0865777972636511,0.712,63.66,0,2018,4,2,14,0
2018-04-09,Russia,Europe/Asia,0.697,0.639,2.166,63.11,3.04,77.3847,3.88,49.4,44.5,28.9,0,No Event,0.13,High,10.0,0.71625,0.0798714693303648,0.707,61.5,0,2018,4,2,15,0
2018-04-16,Russia,Europe/Asia,0.717,0.634,1.525,61.79,2.27,76.6143,2.02,62.6,42.4,23.8,0,No Event,-0.24,High,10.0,0.70825,0.0623656859139504,0.697,63.11,0,2018,4,2,16,0
2018-04-23,Russia,Europe/Asia,0.71,0.635,1.925,63.94,2.34,75.3361,-1.17,60.1,43.0,24.5,0,No Event,0.26,High,10.0,0.7077499999999999,0.0599296598235255,0.717,61.79,0,2018,4,2,17,0
2018-04-30,Russia,Europe/Asia,0.697,0.64,1.8,63.11,3.08,75.9643,1.57,61.3,37.7,28.8,0,No Event,-0.61,High,10.0,0.7052499999999999,0.0562532164640307,0.71,63.94,0,2018,4,2,18,0
2018-05-07,Russia,Europe/Asia,0.69,0.624,2.176,62.6,2.86,75.8737,2.23,53.2,54.0,27.0,0,No Event,-0.39,High,10.0,0.7034999999999999,0.0562063005380909,0.697,63.11,0,2018,5,2,19,0
2018-05-14,Russia,Europe/Asia,0.705,0.636,1.68,61.5,2.67,74.404,2.84,38.2,51.9,22.8,0,No Event,-0.26,High,10.0,0.7004999999999999,0.0531270930133239,0.69,62.6,1,2018,5,2,20,0
2018-05-21,Russia,Europe/Asia,0.654,0.621,2.058,59.82,1.78,73.9054,-0.08,37.9,37.5,20.4,0,No Event,0.06,High,10.0,0.6864999999999999,0.0433689134025909,0.705,61.5,0,2018,5,2,21,0
2018-05-28,Russia,Europe/Asia,0.708,0.646,2.176,62.69,1.66,75.5791,1.67,47.2,43.1,22.9,0,No Event,1.13,High,10.0,0.68925,0.045251219641512,0.654,59.82,0,2018,5,2,22,0
2018-06-04,Russia,Europe/Asia,0.633,0.6,1.759,57.75,1.46,76.593,2.12,59.2,45.7,27.9,0,No Event,-0.31,High,10.0,0.675,0.0505027298958062,0.708,62.69,0,2018,6,2,23,0
2018-06-11,Russia,Europe/Asia,0.705,0.648,2.137,62.08,1.47,75.4935,2.11,58.9,52.1,22.3,0,No Event,0.37,High,10.0,0.675,0.0607471744231806,0.633,57.75,0,2018,6,2,24,0
2018-06-18,Russia,Europe/Asia,0.653,0.581,2.017,58.03,2.36,74.5151,0.92,52.3,47.6,26.0,0,No Event,0.62,High,10.0,0.67475,0.0627982404545509,0.705,62.08,0,2018,6,2,25,0
2018-06-25,Russia,Europe/Asia,0.582,0.534,1.5,53.11,2.0,75.664,1.76,40.9,56.3,23.3,0,No Event,0.14,High,10.0,0.64325,0.0695413343661099,0.653,58.03,0,2018,6,2,26,0
2018-07-02,Russia,Europe/Asia,0.573,0.516,1.5,51.47,1.82,75.5501,0.31,62.4,45.4,21.4,0,No Event,0.1,High,10.0,0.62825,0.0695428747774988,0.582,53.11,0,2018,7,3,27,0
2018-07-09,Russia,Europe/Asia,0.583,0.544,1.797,53.3,2.33,75.5212,3.66,33.6,60.6,22.4,0,No Event,0.16,High,10.0,0.59775,0.0689894398475797,0.573,51.47,1,2018,7,3,28,0
2018-07-16,Russia,Europe/Asia,0.592,0.529,1.693,52.02,2.87,75.8718,2.07,48.3,41.0,23.1,0,No Event,-0.11,High,10.0,0.5825,0.0695414651128711,0.583,53.3,0,2018,7,3,29,0
2018-07-23,Russia,Europe/Asia,0.59,0.542,1.877,52.31,3.26,76.0296,-1.09,52.7,46.9,29.7,0,No Event,0.49,High,10.0,0.5845,0.0695675522457436,0.592,52.02,0,2018,7,3,30,0
2018-07-30,Russia,Europe/Asia,0.586,0.515,1.66,51.3,3.46,73.3431,3.06,55.8,49.3,29.4,0,No Event,0.11,High,10.0,0.58775,0.0695803930594653,0.59,52.31,0,2018,7,3,31,0
2018-08-06,Russia,Europe/Asia,0.548,0.509,1.638,48.85,2.23,74.5465,1.63,50.6,29.0,25.3,0,No Event,0.17,High,10.0,0.579,0.0703296889954965,0.586,51.3,0,2018,8,3,32,0
2018-08-13,Russia,Europe/Asia,0.497,0.471,1.5,45.47,3.16,74.2007,0.58,50.6,58.9,25.8,0,No Event,0.44,High,10.0,0.55525,0.0720064905857678,0.548,48.85,0,2018,8,3,33,0
2018-08-20,Russia,Europe/Asia,0.451,0.422,1.5,40.95,1.61,73.4676,2.82,36.1,47.3,21.2,0,No Event,0.41,High,10.0,0.5205000000000001,0.0668391383169522,0.497,45.47,1,2018,8,3,34,0
2018-08-27,Russia,Europe/Asia,0.524,0.461,1.5,46.21,2.64,74.4514,-1.14,54.6,63.0,23.2,0,No Event,-0.93,High,10.0,0.505,0.0835543815632478,0.451,40.95,0,2018,8,3,35,0
2018-09-03,Russia,Europe/Asia,0.539,0.498,1.585,46.97,2.12,74.195,1.16,55.5,54.7,27.0,0,No Event,0.24,High,10.0,0.50275,0.0750415333574147,0.524,46.21,0,2018,9,3,36,0
2018-09-10,Russia,Europe/Asia,0.509,0.456,1.5,45.33,1.83,73.0107,3.99,33.6,48.5,24.0,0,No Event,0.35,High,10.0,0.50575,0.0740290405738898,0.539,46.97,1,2018,9,3,37,0
2018-09-17,Russia,Europe/Asia,0.486,0.446,1.526,43.03,2.63,73.8233,2.03,44.6,55.3,28.2,0,No Event,-0.27,High,10.0,0.5145,0.069062442537867,0.509,45.33,0,2018,9,3,38,0
2018-09-24,Russia,Europe/Asia,0.511,0.447,1.5,44.54,2.31,74.8978,2.25,39.3,48.2,27.7,0,No Event,-0.2,High,10.0,0.51125,0.071485572205265,0.486,43.03,1,2018,9,3,39,0
2018-10-01,Russia,Europe/Asia,0.506,0.444,1.558,43.77,2.0,75.0879,3.74,34.5,38.4,20.5,0,No Event,-0.57,High,10.0,0.503,0.0710621049644648,0.511,44.54,1,2018,10,4,40,0
2018-10-08,Russia,Europe/Asia,0.475,0.447,1.5,42.44,2.17,75.2038,2.69,45.0,54.2,20.8,0,No Event,-0.24,High,10.0,0.4945,0.0720586376680502,0.506,43.77,0,2018,10,4,41,0
2018-10-15,Russia,Europe/Asia,0.506,0.461,1.5,45.32,1.5,73.7882,4.33,50.0,46.0,26.4,0,No Event,-0.96,High,10.0,0.4995,0.0757703248223586,0.475,42.44,0,2018,10,4,42,0
2018-10-22,Russia,Europe/Asia,0.482,0.47,1.5,45.83,1.72,74.9735,2.51,40.3,44.4,21.8,0,No Event,-0.31,High,10.0,0.49225,0.0765104500678321,0.506,45.32,0,2018,10,4,43,0
2018-10-29,Russia,Europe/Asia,0.49,0.453,1.5,43.65,2.28,74.5155,1.74,40.5,60.5,22.7,0,No Event,-0.58,High,10.0,0.48825,0.0751466110017359,0.482,45.83,0,2018,10,4,44,0
2018-11-05,Russia,Europe/Asia,0.507,0.466,1.5,44.88,2.22,74.8677,4.57,49.1,47.0,21.6,0,No Event,-0.01,High,10.0,0.4962499999999999,0.0707283400738042,0.49,43.65,0,2018,11,4,45,0
2018-11-12,Russia,Europe/Asia,0.511,0.484,1.5,48.11,2.94,74.1464,0.16,38.5,66.6,28.7,0,No Event,-0.17,High,10.0,0.4975,0.0638907508081999,0.507,44.88,1,2018,11,4,46,0
2018-11-19,Russia,Europe/Asia,0.561,0.51,1.5,49.32,2.8,75.2628,2.43,36.6,55.8,27.4,0,No Event,0.87,High,10.0,0.51725,0.0517900627787864,0.511,48.11,1,2018,11,4,47,0
2018-11-26,Russia,Europe/Asia,0.559,0.509,1.5,49.73,2.65,76.078,0.68,38.1,52.1,28.4,0,No Event,-0.25,High,10.0,0.5345,0.0513957082427321,0.561,49.32,1,2018,11,4,48,0
2018-12-03,Russia,Europe/Asia,0.532,0.469,1.555,46.48,1.52,74.5773,5.29,51.3,53.2,22.1,0,No Event,-0.09,High,10.0,0.5407500000000001,0.050654718447787,0.559,49.73,0,2018,12,4,49,0
2018-12-10,Russia,Europe/Asia,0.55,0.497,1.5,48.21,2.98,73.6237,4.3,49.7,48.1,20.8,0,No Event,0.04,High,10.0,0.5505,0.0486555562404724,0.532,46.48,0,2018,12,4,50,0
2018-12-17,Russia,Europe/Asia,0.594,0.532,1.698,53.13,2.79,75.1174,0.67,46.3,56.9,24.8,0,No Event,0.1,High,10.0,0.5587500000000001,0.0514107828328119,0.55,48.21,0,2018,12,4,51,0
2018-12-24,Russia,Europe/Asia,0.607,0.536,1.71,52.84,1.81,75.6558,1.09,50.4,59.1,27.0,0,No Event,0.8,High,10.0,0.57075,0.050899505506141,0.594,53.13,0,2018,12,4,52,0
2018-12-31,Russia,Europe/Asia,0.623,0.568,1.96,56.27,2.58,75.3612,0.94,41.8,46.3,25.5,0,No Event,0.5,High,10.0,0.5935,0.0446362970705445,0.607,52.84,0,2018,12,4,1,0
2019-01-07,Russia,Europe/Asia,0.692,0.632,1.748,62.58,2.25,74.7352,0.3,63.0,39.9,29.9,0,No Event,0.15,High,10.0,0.629,0.050081567391482,0.623,56.27,0,2019,1,1,2,0
2019-01-14,Russia,Europe/Asia,0.629,0.579,1.574,56.3,2.7,75.6125,0.79,52.9,53.5,26.0,0,No Event,0.43,High,10.0,0.63775,0.0571064686205277,0.692,62.58,0,2019,1,1,3,0
2019-01-21,Russia,Europe/Asia,0.7,0.632,1.997,62.91,2.55,74.2285,-1.55,53.5,60.9,21.7,0,No Event,0.22,High,10.0,0.6609999999999999,0.0624946041418756,0.629,56.3,0,2019,1,1,4,0
2019-01-28,Russia,Europe/Asia,0.699,0.627,1.525,61.58,2.76,74.4979,0.24,60.0,54.6,27.9,0,No Event,-0.04,High,10.0,0.6799999999999999,0.0632155099710237,0.7,62.91,0,2019,1,1,5,0
2019-02-04,Russia,Europe/Asia,0.651,0.616,1.797,60.01,1.97,76.7429,0.91,57.9,57.9,24.0,0,No Event,-0.06,High,10.0,0.66975,0.069119225592288,0.699,61.58,0,2019,2,1,6,0
2019-02-11,Russia,Europe/Asia,0.68,0.626,2.126,59.99,2.14,75.106,2.35,61.4,62.9,28.0,0,No Event,0.14,High,10.0,0.6825,0.0654558561285015,0.651,60.01,0,2019,2,1,7,0
2019-02-18,Russia,Europe/Asia,0.678,0.628,1.642,60.8,2.58,74.9757,1.31,62.4,74.7,20.1,0,No Event,1.08,High,10.0,0.677,0.0654373248027986,0.68,59.99,0,2019,2,1,8,0
2019-02-25,Russia,Europe/Asia,0.681,0.61,1.72,59.82,3.33,75.5657,1.55,48.4,53.6,25.1,0,No Event,-1.04,High,10.0,0.6725000000000001,0.0622625226466787,0.678,60.8,0,2019,2,1,9,0
2019-03-04,Russia,Europe/Asia,0.741,0.667,1.682,63.84,2.44,75.8733,5.49,41.2,63.0,25.4,0,No Event,0.36,High,10.0,0.6950000000000001,0.0650647059922072,0.681,59.82,0,2019,3,1,10,0
2019-03-11,Russia,Europe/Asia,0.712,0.671,1.603,63.58,2.38,75.9891,1.43,43.3,62.2,22.4,0,No Event,0.13,High,10.0,0.703,0.0653432598367081,0.741,63.84,0,2019,3,1,11,0
2019-03-18,Russia,Europe/Asia,0.744,0.664,1.988,64.82,2.52,75.7209,1.51,65.2,45.9,28.8,0,No Event,-0.35,High,10.0,0.7195,0.0658325425183236,0.712,63.58,0,2019,3,1,12,0
2019-03-25,Russia,Europe/Asia,0.757,0.687,1.676,67.95,2.87,75.5626,2.83,49.8,55.3,28.4,0,No Event,-0.53,High,10.0,0.7384999999999999,0.0657930182437246,0.744,64.82,0,2019,3,1,13,0
2019-04-01,Russia,Europe/Asia,0.657,0.615,2.07,58.93,2.59,76.5967,1.82,49.8,36.9,23.2,0,No Event,0.34,High,10.0,0.7175,0.071849641227733,0.757,67.95,0,2019,4,2,14,0
2019-04-08,Russia,Europe/Asia,0.749,0.697,1.603,66.4,2.42,75.8063,2.44,64.1,40.0,20.5,0,No Event,-0.23,High,10.0,0.72675,0.0765983595407529,0.657,58.93,0,2019,4,2,15,0
2019-04-15,Russia,Europe/Asia,0.667,0.594,1.793,58.62,2.4,75.1992,0.06,64.6,52.0,21.3,0,No Event,0.66,High,10.0,0.7075,0.0782638915995156,0.749,66.4,0,2019,4,2,16,0
2019-04-22,Russia,Europe/Asia,0.707,0.649,1.989,63.34,1.91,75.9894,2.16,51.2,52.7,27.1,0,No Event,-0.03,High,10.0,0.6950000000000001,0.0802288995589127,0.667,58.62,0,2019,4,2,17,0
2019-04-29,Russia,Europe/Asia,0.743,0.685,1.879,66.78,2.98,75.8996,3.26,55.9,56.0,23.4,0,No Event,-0.43,High,10.0,0.7165,0.0777810430459036,0.707,63.34,0,2019,4,2,18,0
2019-05-06,Russia,Europe/Asia,0.661,0.579,2.093,59.36,3.04,76.1158,1.51,65.4,57.6,20.7,0,No Event,0.2,High,10.0,0.6945,0.0847724662974949,0.743,66.78,0,2019,5,2,19,0
2019-05-13,Russia,Europe/Asia,0.668,0.629,1.836,61.22,2.7,75.0568,3.72,47.5,49.1,26.7,0,No Event,0.07,High,10.0,0.69475,0.0848054484360444,0.661,59.36,0,2019,5,2,20,0
2019-05-20,Russia,Europe/Asia,0.673,0.648,1.924,62.55,2.92,76.0289,0.6,45.0,36.3,26.7,0,No Event,-0.59,High,10.0,0.68625,0.0848176266611893,0.668,61.22,0,2019,5,2,21,0
2019-05-27,Russia,Europe/Asia,0.768,0.679,2.024,67.39,1.82,75.1065,4.3,57.3,42.8,20.3,0,No Event,-0.4,High,10.0,0.6925000000000001,0.0908603117691002,0.673,62.55,0,2019,5,2,22,0
2019-06-03,Russia,Europe/Asia,0.712,0.644,2.237,62.79,2.19,75.7002,1.72,46.2,47.8,28.7,0,No Event,0.37,High,10.0,0.70525,0.0929126949764782,0.768,67.39,0,2019,6,2,23,0
2019-06-10,Russia,Europe/Asia,0.777,0.672,2.307,67.87,3.0,75.2251,1.54,63.9,43.8,28.4,0,No Event,-0.9,High,10.0,0.7325,0.0956923082217535,0.712,62.79,0,2019,6,2,24,0
2019-06-17,Russia,Europe/Asia,0.759,0.684,2.368,68.78,2.25,74.8973,1.69,40.1,56.0,21.9,0,No Event,0.09,High,10.0,0.754,0.0960388201712668,0.777,67.87,0,2019,6,2,25,0
2019-06-24,Russia,Europe/Asia,0.75,0.689,2.114,66.96,2.41,75.1322,2.09,63.7,38.5,21.2,0,No Event,0.61,High,10.0,0.7495,0.0862726499750444,0.759,68.78,0,2019,6,2,26,0
2019-07-01,Russia,Europe/Asia,0.807,0.709,2.193,70.78,2.36,75.2046,1.86,44.0,33.2,27.8,0,No Event,0.22,High,10.0,0.77325,0.0795165930563783,0.75,66.96,0,2019,7,3,27,0
2019-07-08,Russia,Europe/Asia,0.778,0.701,2.462,68.87,2.38,73.9269,2.51,57.6,31.0,23.8,0,No Event,0.36,High,10.0,0.7735,0.0720245539987728,0.807,70.78,0,2019,7,3,28,0
2019-07-15,Russia,Europe/Asia,0.709,0.626,2.221,62.3,2.67,76.0223,0.66,48.3,59.2,20.4,0,No Event,-0.3,High,10.0,0.761,0.0762943265390033,0.778,68.87,0,2019,7,3,29,0
2019-07-22,Russia,Europe/Asia,0.768,0.689,2.056,68.45,2.83,74.9758,2.37,36.2,25.1,24.3,0,No Event,0.22,High,10.0,0.7655000000000001,0.0786756482501226,0.709,62.3,0,2019,7,3,30,0
2019-07-29,Russia,Europe/Asia,0.733,0.69,2.432,68.01,2.58,74.3086,0.94,58.3,35.7,22.7,0,No Event,-0.26,High,10.0,0.747,0.0719304890083791,0.768,68.45,0,2019,7,3,31,0
2019-08-05,Russia,Europe/Asia,0.815,0.718,1.906,69.66,2.68,74.7674,1.07,44.7,48.5,24.3,0,No Event,-0.96,High,10.0,0.75625,0.0776005134453219,0.733,68.01,0,2019,8,3,32,0
2019-08-12,Russia,Europe/Asia,0.715,0.665,1.979,66.2,3.07,73.973,0.6,34.5,44.7,24.6,0,No Event,0.47,High,10.0,0.7577499999999999,0.0878428235609605,0.815,69.66,1,2019,8,3,33,0
2019-08-19,Russia,Europe/Asia,0.79,0.732,2.514,70.79,2.36,73.8635,1.5,49.9,53.0,24.5,0,No Event,-0.52,High,10.0,0.76325,0.0833765941449861,0.715,66.2,0,2019,8,3,34,0
2019-08-26,Russia,Europe/Asia,0.833,0.776,2.438,73.95,3.2,73.6073,2.44,47.4,37.5,25.1,0,No Event,-0.39,High,10.0,0.78825,0.0805394090937595,0.79,70.79,0,2019,8,3,35,0
2019-09-02,Russia,Europe/Asia,0.566,0.497,1.5,48.75,2.59,73.5768,2.37,41.8,30.7,26.3,0,No Event,-0.14,High,10.0,0.726,0.1224463505082563,0.833,73.95,0,2019,9,3,36,0
2019-09-09,Russia,Europe/Asia,0.46,0.427,1.5,39.93,2.97,76.6697,4.6,38.1,48.0,29.8,0,No Event,-0.14,High,10.0,0.66225,0.1318583114666867,0.566,48.75,1,2019,9,3,37,0
2019-09-16,Russia,Europe/Asia,0.52,0.449,1.5,45.02,2.89,74.9866,0.91,45.6,47.8,29.0,0,No Event,-0.86,High,10.0,0.59475,0.139967855073269,0.46,39.93,0,2019,9,3,38,0
2019-09-23,Russia,Europe/Asia,0.489,0.463,1.5,44.67,2.53,74.0878,4.0,52.7,55.4,23.8,0,No Event,0.77,High,10.0,0.50875,0.1369555140499473,0.52,45.02,0,2019,9,3,39,0
2019-09-30,Russia,Europe/Asia,0.474,0.418,1.5,42.53,3.12,75.5188,5.05,44.4,45.9,21.2,0,No Event,0.54,High,10.0,0.48575,0.1369477097127331,0.489,44.67,0,2019,9,3,40,0
2019-10-07,Russia,Europe/Asia,0.549,0.487,1.5,47.96,2.69,73.8834,2.15,45.1,54.5,20.0,0,No Event,-0.61,High,10.0,0.508,0.1457352591298831,0.474,42.53,0,2019,10,4,41,0
2019-10-14,Russia,Europe/Asia,0.512,0.455,1.5,45.33,2.65,75.0571,1.45,36.6,43.2,26.2,0,No Event,-0.44,High,10.0,0.506,0.1434187725688708,0.549,47.96,1,2019,10,4,42,0
2019-10-21,Russia,Europe/Asia,0.487,0.413,1.5,42.51,2.39,74.0916,0.24,47.5,40.4,29.8,0,No Event,0.05,High,10.0,0.5055000000000001,0.1434687786731646,0.512,45.33,0,2019,10,4,43,0
2019-10-28,Russia,Europe/Asia,0.549,0.506,1.594,48.47,2.36,74.4958,1.44,51.8,54.8,27.5,0,No Event,0.18,High,10.0,0.52425,0.1448518926239627,0.487,42.51,0,2019,10,4,44,0
2019-11-04,Russia,Europe/Asia,0.584,0.527,1.594,51.76,2.43,74.7254,2.11,52.5,55.9,28.2,0,No Event,-1.22,High,10.0,0.533,0.1430346630797515,0.549,48.47,0,2019,11,4,45,0
2019-11-11,Russia,Europe/Asia,0.548,0.495,1.5,48.01,2.49,74.1791,0.06,56.4,55.3,27.0,0,No Event,0.05,High,10.0,0.542,0.1392984137368316,0.584,51.76,0,2019,11,4,46,0
2019-11-18,Russia,Europe/Asia,0.505,0.444,1.5,45.36,2.93,74.7615,2.45,51.6,66.6,21.1,0,No Event,0.87,High,10.0,0.5465,0.1381077193121794,0.548,48.01,0,2019,11,4,47,0
2019-11-25,Russia,Europe/Asia,0.523,0.491,1.574,48.53,3.14,74.3332,3.18,48.5,64.5,28.4,0,No Event,-1.53,High,10.0,0.54,0.1044531683778141,0.505,45.36,0,2019,11,4,48,0
2019-12-02,Russia,Europe/Asia,0.569,0.546,1.5,52.95,2.29,74.6545,2.7,45.4,46.7,23.5,0,No Event,0.81,High,10.0,0.53625,0.0890429037959777,0.523,48.53,0,2019,12,4,49,0
2019-12-09,Russia,Europe/Asia,0.532,0.507,1.5,50.13,1.78,75.8265,2.69,31.2,62.6,25.8,0,No Event,1.28,High,10.0,0.53225,0.0850715642597029,0.569,52.95,1,2019,12,4,50,0
2019-12-16,Russia,Europe/Asia,0.6,0.532,1.833,52.01,2.94,74.8808,-0.49,36.8,69.3,24.0,0,No Event,0.33,High,10.0,0.556,0.0892147975994275,0.532,50.13,1,2019,12,4,51,0
2019-12-23,Russia,Europe/Asia,0.63,0.569,1.75,55.46,2.76,75.9464,2.28,54.6,53.8,27.3,0,No Event,0.23,High,10.0,0.58275,0.0880212640727736,0.6,52.01,0,2019,12,4,52,0
2019-12-30,Russia,Europe/Asia,0.594,0.524,1.521,51.82,2.96,75.6887,3.62,51.5,57.0,22.3,0,No Event,-0.32,High,10.0,0.589,0.080572375985174,0.63,55.46,0,2019,12,4,1,0
2020-01-06,Russia,Europe/Asia,0.659,0.605,1.957,57.8,2.69,75.049,3.23,48.7,45.0,22.2,0,No Event,0.71,High,10.0,0.6207499999999999,0.0813962317088736,0.594,51.82,0,2020,1,1,2,0
2020-01-13,Russia,Europe/Asia,0.564,0.525,1.523,51.82,2.62,77.0091,2.41,52.7,58.5,21.6,0,No Event,0.73,High,10.0,0.61175,0.0930000406021881,0.659,57.8,0,2020,1,1,3,0
2020-01-20,Russia,Europe/Asia,0.639,0.574,1.593,57.41,2.2,74.5807,2.81,46.8,59.3,21.6,0,No Event,-0.59,High,10.0,0.614,0.0936275113050419,0.564,51.82,0,2020,1,1,4,0
2020-01-27,Russia,Europe/Asia,0.655,0.589,1.728,59.13,2.2,76.0709,1.38,54.4,45.0,26.4,0,No Event,0.46,High,10.0,0.62925,0.0925216004137111,0.639,57.41,0,2020,1,1,5,0
2020-02-03,Russia,Europe/Asia,0.676,0.604,1.568,58.35,4.53,73.9829,3.59,48.0,53.2,27.9,1,COVID-19 Pandemic,-0.08,High,10.0,0.6335,0.0895048397402316,0.655,59.13,0,2020,2,1,6,0
2020-02-10,Russia,Europe/Asia,0.754,0.688,1.72,67.28,1.67,75.4176,1.38,45.4,69.0,30.1,1,COVID-19 Pandemic,-0.1,High,10.0,0.681,0.0873197144834067,0.676,58.35,0,2020,2,1,7,0
2020-02-17,Russia,Europe/Asia,0.706,0.614,1.969,61.29,3.41,75.8596,2.33,39.6,56.6,41.6,1,COVID-19 Pandemic,0.19,High,10.0,0.6977500000000001,0.0920869008419245,0.754,67.28,1,2020,2,1,8,0
2020-02-24,Russia,Europe/Asia,0.763,0.695,2.072,69.16,4.26,75.5298,4.83,55.9,52.6,38.3,1,COVID-19 Pandemic,-0.13,High,10.0,0.72475,0.0916911479004534,0.706,61.29,0,2020,2,1,9,0
2020-03-02,Russia,Europe/Asia,0.771,0.727,1.844,71.73,2.21,75.5161,-0.27,73.0,54.8,20.4,0,No Event,-0.05,High,10.0,0.7484999999999999,0.0871590819552576,0.763,69.16,0,2020,3,1,10,0
2020-03-09,Russia,Europe/Asia,0.881,0.799,2.588,76.14,3.65,75.3361,-1.99,55.5,47.0,28.1,1,COVID-19 Pandemic,0.05,High,10.0,0.7802500000000001,0.0886903117841206,0.771,71.73,0,2020,3,1,11,0
2020-03-16,Russia,Europe/Asia,0.816,0.743,1.977,73.49,4.73,74.9924,3.34,60.3,44.8,36.6,1,COVID-19 Pandemic,-0.02,High,10.0,0.80775,0.0939739410130977,0.881,76.14,0,2020,3,1,12,0
2020-03-23,Russia,Europe/Asia,0.885,0.804,2.871,80.34,3.58,75.3359,0.56,66.8,44.3,51.3,1,COVID-19 Pandemic,1.03,High,10.0,0.8382499999999999,0.0914685460674158,0.816,73.49,0,2020,3,1,13,0
2020-03-30,Russia,Europe/Asia,0.877,0.778,2.462,76.15,3.03,75.7435,3.57,50.4,48.3,23.4,0,No Event,-0.0,High,10.0,0.86475,0.0893861448986537,0.885,80.34,0,2020,3,1,14,0
2020-04-06,Russia,Europe/Asia,0.848,0.788,2.528,75.63,2.54,75.795,-0.12,52.4,55.1,21.8,0,No Event,0.16,High,10.0,0.8565,0.0744687745988466,0.877,76.15,0,2020,4,2,15,0
2020-04-13,Russia,Europe/Asia,0.87,0.799,2.642,76.8,2.89,76.9017,-1.1,55.1,60.1,20.3,0,No Event,0.64,High,10.0,0.87,0.0680666633586479,0.848,75.63,0,2020,4,2,16,0
2020-04-20,Russia,Europe/Asia,0.933,0.841,2.544,82.2,2.87,75.7207,3.9,60.5,51.1,20.9,0,No Event,0.13,High,10.0,0.882,0.0692361167213456,0.87,76.8,0,2020,4,2,17,0
2020-04-27,Russia,Europe/Asia,0.931,0.873,2.336,83.73,2.73,76.0188,-1.66,49.5,36.9,25.0,0,No Event,-0.39,High,10.0,0.8955,0.0699365691088986,0.933,82.2,0,2020,4,2,18,0
2020-05-04,Russia,Europe/Asia,0.932,0.854,2.51,81.88,4.65,76.5232,3.52,59.9,45.0,29.7,1,COVID-19 Pandemic,-0.28,High,10.0,0.9165,0.0647222720509237,0.931,83.73,0,2020,5,2,19,0
2020-05-11,Russia,Europe/Asia,0.934,0.831,2.041,82.63,5.22,75.6514,1.61,58.9,39.1,44.1,1,COVID-19 Pandemic,0.33,High,10.0,0.9325,0.0596042048751946,0.932,81.88,0,2020,5,2,20,0
2020-05-18,Russia,Europe/Asia,0.921,0.885,2.656,85.2,2.3,73.5308,2.7,52.7,35.5,44.0,1,COVID-19 Pandemic,0.11,High,10.0,0.9295,0.0578181126169512,0.934,82.63,0,2020,5,2,21,0
2020-05-25,Russia,Europe/Asia,0.948,0.878,2.303,85.68,2.67,75.5204,4.9,46.2,33.5,24.0,0,No Event,-0.27,High,10.0,0.93375,0.0578724825881311,0.921,85.2,0,2020,5,2,22,0
2020-06-01,Russia,Europe/Asia,0.755,0.671,2.328,66.49,4.72,76.9412,2.09,52.0,45.9,29.9,1,COVID-19 Pandemic,1.27,High,10.0,0.8895,0.0744647141776677,0.948,85.68,0,2020,6,2,23,0
2020-06-08,Russia,Europe/Asia,0.595,0.568,1.883,56.54,3.24,75.8374,3.95,50.7,37.8,45.4,1,COVID-19 Pandemic,0.19,High,10.0,0.8047500000000001,0.0934718287746972,0.755,66.49,0,2020,6,2,24,0
2020-06-15,Russia,Europe/Asia,0.703,0.645,2.267,63.86,2.52,75.239,2.69,52.8,39.6,22.2,0,No Event,-0.96,High,10.0,0.75025,0.1067251095382777,0.595,56.54,0,2020,6,2,25,0
2020-06-22,Russia,Europe/Asia,0.649,0.588,1.5,56.0,2.76,74.5681,1.92,47.9,40.8,29.9,0,No Event,-0.65,High,10.0,0.6755,0.1082534598666657,0.703,63.86,0,2020,6,2,26,0
2020-06-29,Russia,Europe/Asia,0.625,0.574,1.5,56.14,2.21,74.8635,3.01,60.5,38.4,37.7,1,COVID-19 Pandemic,1.33,High,10.0,0.643,0.1083052762624171,0.649,56.0,0,2020,6,2,27,0
2020-07-06,Russia,Europe/Asia,0.598,0.584,1.917,55.12,2.51,75.7456,2.27,40.4,56.2,30.2,1,COVID-19 Pandemic,-0.19,High,10.0,0.64375,0.107509224391939,0.625,56.14,0,2020,7,3,28,0
2020-07-13,Russia,Europe/Asia,0.596,0.554,1.664,54.99,4.28,74.2968,2.23,61.0,50.2,39.0,1,COVID-19 Pandemic,0.49,High,10.0,0.617,0.1034035707305223,0.598,55.12,0,2020,7,3,29,0
2020-07-20,Russia,Europe/Asia,0.56,0.493,1.5,49.92,5.79,75.3535,2.56,40.0,50.7,49.6,1,COVID-19 Pandemic,0.58,High,10.0,0.59475,0.103268132513601,0.596,54.99,0,2020,7,3,30,0
2020-07-27,Russia,Europe/Asia,0.552,0.499,1.5,48.47,4.95,73.2182,1.91,55.2,34.9,39.3,1,COVID-19 Pandemic,0.13,High,10.0,0.5765,0.1028565627374709,0.56,49.92,0,2020,7,3,31,0
2020-08-03,Russia,Europe/Asia,0.566,0.52,1.5,49.71,2.83,75.6366,2.75,37.2,53.2,42.2,1,COVID-19 Pandemic,-0.62,High,10.0,0.5685,0.1038858072273364,0.552,48.47,1,2020,8,3,32,0
2020-08-10,Russia,Europe/Asia,0.533,0.475,1.609,47.72,5.0,75.0688,0.89,46.5,41.6,35.8,1,COVID-19 Pandemic,-0.32,High,10.0,0.55275,0.1038303832139474,0.566,49.71,0,2020,8,3,33,0
2020-08-17,Russia,Europe/Asia,0.55,0.508,1.5,48.66,2.88,74.2602,2.07,51.6,28.7,28.6,1,COVID-19 Pandemic,0.17,High,10.0,0.55025,0.1039880663683304,0.533,47.72,0,2020,8,3,34,0
2020-08-24,Russia,Europe/Asia,0.515,0.459,1.5,46.46,5.33,74.5226,1.9,32.4,38.8,39.2,1,COVID-19 Pandemic,-0.02,High,10.0,0.5409999999999999,0.0908960387483081,0.55,48.66,1,2020,8,3,35,0
2020-08-31,Russia,Europe/Asia,0.51,0.443,1.5,44.95,2.59,74.2949,3.18,54.4,43.0,20.4,0,No Event,0.05,High,10.0,0.527,0.0699253340726418,0.515,46.46,0,2020,8,3,36,0
2020-09-07,Russia,Europe/Asia,0.535,0.507,1.684,48.63,3.35,74.7137,1.06,41.2,50.1,27.1,0,No Event,-0.74,High,10.0,0.5275000000000001,0.0415099903256546,0.51,44.95,0,2020,9,3,37,0
2020-09-14,Russia,Europe/Asia,0.549,0.49,1.699,47.48,3.35,74.2687,1.52,45.1,40.5,21.6,0,No Event,-0.59,High,10.0,0.52725,0.0396850422287404,0.535,48.63,0,2020,9,3,38,0
2020-09-21,Russia,Europe/Asia,0.536,0.481,1.71,47.73,2.74,73.7042,0.74,52.0,44.7,23.6,0,No Event,0.91,High,10.0,0.5325,0.0391400026867995,0.549,47.48,0,2020,9,3,39,0
2020-09-28,Russia,Europe/Asia,0.509,0.472,1.5,46.19,2.05,74.6635,4.84,47.4,48.2,28.0,0,No Event,-0.43,High,10.0,0.53225,0.0397102787356218,0.536,47.73,0,2020,9,3,40,0
2020-10-05,Russia,Europe/Asia,0.496,0.479,1.5,46.02,3.14,74.9924,0.31,48.1,56.5,20.8,0,No Event,-0.55,High,10.0,0.5225,0.0397564972315249,0.509,46.19,0,2020,10,4,41,0
2020-10-12,Russia,Europe/Asia,0.51,0.469,1.5,45.01,2.92,74.3134,3.16,52.5,60.1,23.4,0,No Event,-1.18,High,10.0,0.51275,0.0386624299435039,0.496,46.02,0,2020,10,4,42,0
2020-10-19,Russia,Europe/Asia,0.529,0.48,1.5,48.23,2.16,72.9644,3.32,42.0,38.7,29.8,0,No Event,-0.19,High,10.0,0.511,0.0406023086059222,0.51,45.01,0,2020,10,4,43,0
2020-10-26,Russia,Europe/Asia,0.545,0.492,1.5,48.82,2.58,74.3859,1.52,54.2,43.4,28.4,0,No Event,0.09,High,10.0,0.52,0.040933103766352,0.529,48.23,0,2020,10,4,44,0
2020-11-02,Russia,Europe/Asia,0.546,0.483,1.694,48.59,2.82,74.5433,2.21,54.7,42.4,28.4,0,No Event,0.57,High,10.0,0.5325000000000001,0.0369499989534398,0.545,48.82,0,2020,11,4,45,0
2020-11-09,Russia,Europe/Asia,0.556,0.499,1.5,49.1,2.83,73.8219,2.85,49.1,48.0,29.0,0,No Event,0.29,High,10.0,0.544,0.036172406637694,0.546,48.59,0,2020,11,4,46,0
2020-11-16,Russia,Europe/Asia,0.585,0.514,1.714,52.62,2.89,73.7897,2.49,48.9,55.4,26.8,0,No Event,-0.46,High,10.0,0.558,0.0324689852024137,0.556,49.1,0,2020,11,4,47,0
2020-11-23,Russia,Europe/Asia,0.55,0.504,1.5,49.21,1.97,74.687,1.48,49.3,51.2,24.4,0,No Event,0.25,High,10.0,0.55925,0.0381280110572452,0.585,52.62,0,2020,11,4,48,0
2020-11-30,Russia,Europe/Asia,0.601,0.56,1.796,53.58,3.1,75.1986,3.38,49.4,48.6,28.7,0,No Event,-0.82,High,10.0,0.573,0.0441247936487913,0.55,49.21,0,2020,11,4,49,0
2020-12-07,Russia,Europe/Asia,0.586,0.546,1.5,52.35,2.11,75.4006,1.13,48.1,53.5,27.4,0,No Event,0.03,High,10.0,0.5805,0.0449482537435717,0.601,53.58,0,2020,12,4,50,0
2020-12-14,Russia,Europe/Asia,0.593,0.546,1.5,53.56,2.09,74.9167,2.16,37.5,54.4,25.0,0,No Event,0.58,High,10.0,0.5825,0.0439488384317058,0.586,52.35,1,2020,12,4,51,0
2020-12-21,Russia,Europe/Asia,0.667,0.575,1.779,56.82,2.46,74.1975,1.93,50.1,53.6,20.0,0,No Event,0.04,High,10.0,0.61175,0.0508604986603941,0.593,53.56,0,2020,12,4,52,0
2020-12-28,Russia,Europe/Asia,0.653,0.591,2.054,57.7,2.16,74.7497,2.3,48.2,48.3,24.6,0,No Event,-0.0,High,10.0,0.62475,0.0504735889331371,0.667,56.82,0,2020,12,4,53,0
2021-01-04,Russia,Europe/Asia,0.687,0.624,2.128,61.65,2.72,75.1781,2.71,42.6,63.1,20.4,0,No Event,-0.1,High,10.0,0.65,0.0511070064534264,0.653,57.7,0,2021,1,1,1,0
2021-01-11,Russia,Europe/Asia,0.654,0.61,1.519,59.83,2.17,73.719,1.75,56.7,53.7,21.6,0,No Event,-0.19,High,10.0,0.66525,0.0552104324257341,0.687,61.65,0,2021,1,1,2,0
2021-01-18,Russia,Europe/Asia,0.675,0.615,1.93,60.46,2.02,74.8752,3.08,49.3,52.9,28.7,0,No Event,-0.28,High,10.0,0.66725,0.0552469848130447,0.654,59.83,0,2021,1,1,3,0
2021-01-25,Russia,Europe/Asia,0.677,0.626,2.195,61.45,2.45,75.3849,3.99,50.6,52.2,25.9,0,No Event,0.32,High,10.0,0.67325,0.055215432325067,0.675,60.46,0,2021,1,1,4,0
2021-02-01,Russia,Europe/Asia,0.722,0.654,1.845,63.9,3.14,74.6864,3.84,65.1,60.5,22.8,0,No Event,-0.08,High,10.0,0.682,0.0568519638953492,0.677,61.45,0,2021,2,1,5,0
2021-02-08,Russia,Europe/Asia,0.695,0.632,1.568,61.38,2.88,76.1653,1.28,46.1,39.2,23.5,0,No Event,-0.44,High,10.0,0.69225,0.0585922982210243,0.722,63.9,0,2021,2,1,6,0
2021-02-15,Russia,Europe/Asia,0.718,0.658,1.967,64.04,2.87,74.267,3.44,50.7,61.8,22.6,0,No Event,0.77,High,10.0,0.7030000000000001,0.0535879306505412,0.695,61.38,0,2021,2,1,7,0
2021-02-22,Russia,Europe/Asia,0.743,0.641,1.818,65.03,2.62,75.9603,2.92,53.6,57.4,27.1,0,No Event,0.12,High,10.0,0.7195,0.0492410389845743,0.718,64.04,0,2021,2,1,8,0
2021-03-01,Russia,Europe/Asia,0.732,0.653,1.955,63.98,2.58,75.9676,1.79,67.9,66.5,22.5,0,No Event,0.57,High,10.0,0.722,0.048500433522665,0.743,65.03,0,2021,3,1,9,0
2021-03-08,Russia,Europe/Asia,0.722,0.64,2.21,62.87,2.64,75.2472,2.96,63.6,59.0,27.7,0,No Event,-0.11,High,10.0,0.7287499999999999,0.0494295673468933,0.732,63.98,0,2021,3,1,10,0
2021-03-15,Russia,Europe/Asia,0.768,0.726,2.103,70.29,3.09,75.8142,1.03,49.0,52.6,27.6,0,No Event,-0.5,High,10.0,0.7412500000000001,0.0395477945125696,0.722,62.87,0,2021,3,1,11,0
2021-03-22,Russia,Europe/Asia,0.713,0.653,2.162,63.21,2.62,75.7121,0.77,42.3,59.7,23.5,0,No Event,0.5,High,10.0,0.7337499999999999,0.0456741278121274,0.768,70.29,0,2021,3,1,12,0
2021-03-29,Russia,Europe/Asia,0.742,0.643,1.882,63.2,2.95,76.1527,2.75,62.9,50.5,25.6,0,No Event,-0.5,High,10.0,0.7362500000000001,0.044791680439661,0.713,63.21,0,2021,3,1,13,0
2021-04-05,Russia,Europe/Asia,0.783,0.732,1.748,69.56,2.86,75.3302,0.23,55.6,43.6,21.7,0,No Event,0.02,High,10.0,0.7515000000000001,0.0430701752952162,0.742,63.2,0,2021,4,2,14,0
2021-04-12,Russia,Europe/Asia,0.786,0.711,1.66,68.64,1.93,74.8964,1.76,49.0,52.4,21.7,0,No Event,0.07,High,10.0,0.756,0.0428799026313965,0.783,69.56,0,2021,4,2,15,0
2021-04-19,Russia,Europe/Asia,0.768,0.687,2.058,68.9,2.54,74.8355,2.04,37.7,61.1,28.0,0,No Event,0.26,High,10.0,0.7697499999999999,0.0440965564097055,0.786,68.64,1,2021,4,2,16,0
2021-04-26,Russia,Europe/Asia,0.707,0.653,2.131,65.72,2.94,74.4654,3.98,64.5,55.8,22.0,0,No Event,-0.34,High,10.0,0.7609999999999999,0.0475290340665862,0.768,68.9,0,2021,4,2,17,0
2021-05-03,Russia,Europe/Asia,0.707,0.658,2.197,65.85,2.25,76.3991,2.76,57.6,45.0,28.1,0,No Event,-0.08,High,10.0,0.742,0.0461091265436823,0.707,65.72,0,2021,5,2,18,0
2021-05-10,Russia,Europe/Asia,0.694,0.607,1.753,61.08,2.55,75.0652,2.4,60.9,50.3,28.5,0,No Event,-0.35,High,10.0,0.719,0.045384472408085,0.707,65.85,0,2021,5,2,19,0
2021-05-17,Russia,Europe/Asia,0.758,0.666,2.216,66.2,2.75,75.8931,2.0,59.1,40.6,27.4,0,No Event,-0.03,High,10.0,0.7165,0.0521274415508335,0.694,61.08,0,2021,5,2,20,0
2021-05-24,Russia,Europe/Asia,0.681,0.64,1.912,61.24,2.35,76.8912,1.72,52.8,34.9,23.3,0,No Event,0.06,High,10.0,0.71,0.0602019894360812,0.758,66.2,0,2021,5,2,21,0
2021-05-31,Russia,Europe/Asia,0.699,0.65,2.299,64.01,2.58,73.7895,1.48,73.7,40.6,27.8,0,No Event,-0.3,High,10.0,0.708,0.0607467294930133,0.681,61.24,0,2021,5,2,22,0
2021-06-07,Russia,Europe/Asia,0.654,0.634,1.872,61.38,2.84,75.8963,6.06,48.6,47.8,27.9,0,No Event,0.1,High,10.0,0.698,0.0595881004112891,0.699,64.01,0,2021,6,2,23,0
2021-06-14,Russia,Europe/Asia,0.651,0.578,1.943,56.86,3.23,75.502,2.42,56.1,39.5,23.2,0,No Event,0.0,High,10.0,0.67125,0.0565193354363321,0.654,61.38,0,2021,6,2,24,0
2021-06-21,Russia,Europe/Asia,0.651,0.59,1.739,56.86,3.03,74.7561,2.98,58.9,53.9,26.4,0,No Event,-0.29,High,10.0,0.66375,0.0546499314925999,0.651,56.86,0,2021,6,2,25,0
2021-06-28,Russia,Europe/Asia,0.643,0.569,1.722,56.22,3.18,76.9858,3.91,42.9,37.7,20.2,0,No Event,0.7,High,10.0,0.64975,0.0507152013539534,0.651,56.86,0,2021,6,2,26,0
2021-07-05,Russia,Europe/Asia,0.592,0.55,1.574,53.87,3.17,74.338,1.57,46.9,44.8,26.4,0,No Event,-0.57,High,10.0,0.63425,0.0534987578974876,0.643,56.22,0,2021,7,3,27,0
2021-07-12,Russia,Europe/Asia,0.585,0.537,1.5,52.07,1.58,73.6897,5.39,40.4,58.3,24.7,0,No Event,0.41,High,10.0,0.61775,0.0535776394173238,0.592,53.87,0,2021,7,3,28,0
2021-07-19,Russia,Europe/Asia,0.607,0.535,1.5,54.04,2.47,75.0202,2.36,48.3,41.8,28.1,0,No Event,-0.0,High,10.0,0.60675,0.0526377613993126,0.585,52.07,0,2021,7,3,29,0
2021-07-26,Russia,Europe/Asia,0.627,0.539,1.926,53.68,1.54,75.6034,2.79,41.6,56.4,23.5,0,No Event,-0.59,High,10.0,0.6027499999999999,0.0541216343720638,0.607,54.04,0,2021,7,3,30,0
2021-08-02,Russia,Europe/Asia,0.526,0.495,1.5,47.51,2.4,74.9324,-1.23,48.6,42.9,26.9,0,No Event,0.45,High,10.0,0.5862499999999999,0.0698573443774784,0.627,53.68,0,2021,8,3,31,0
2021-08-09,Russia,Europe/Asia,0.555,0.535,1.78,50.07,2.78,75.7946,3.84,43.5,55.6,20.5,0,No Event,0.09,High,10.0,0.57875,0.065074504890916,0.526,47.51,0,2021,8,3,32,0
2021-08-16,Russia,Europe/Asia,0.576,0.523,1.823,51.51,2.67,75.1077,2.74,35.3,56.8,27.1,0,No Event,0.29,High,10.0,0.571,0.0622669986696931,0.555,50.07,1,2021,8,3,33,0
2021-08-23,Russia,Europe/Asia,0.495,0.452,1.593,44.74,2.6,75.4969,0.76,51.4,43.9,22.1,0,No Event,-0.13,High,10.0,0.538,0.0709699503194567,0.576,51.51,0,2021,8,3,34,0
2021-08-30,Russia,Europe/Asia,0.507,0.464,1.555,44.99,2.78,73.6265,3.43,50.2,37.5,21.2,0,No Event,-0.27,High,10.0,0.53325,0.0712103424885641,0.495,44.74,0,2021,8,3,35,0
2021-09-06,Russia,Europe/Asia,0.516,0.466,1.59,44.95,2.37,73.8967,1.05,39.6,61.7,21.7,0,No Event,-0.06,High,10.0,0.5235,0.0718956929262995,0.507,44.99,1,2021,9,3,36,0
2021-09-13,Russia,Europe/Asia,0.527,0.473,1.632,46.91,2.8,74.2901,0.5,39.8,55.3,29.9,0,No Event,0.06,High,10.0,0.51125,0.0726039771849466,0.516,44.95,1,2021,9,3,37,0
2021-09-20,Russia,Europe/Asia,0.53,0.472,1.578,47.24,2.14,74.4855,1.84,44.1,41.6,25.0,0,No Event,-0.1,High,10.0,0.52,0.0728469793549551,0.527,46.91,0,2021,9,3,38,0
2021-09-27,Russia,Europe/Asia,0.554,0.524,1.5,50.13,3.64,73.2393,-0.1,36.5,39.7,28.2,0,No Event,-0.59,High,10.0,0.5317500000000001,0.0714579263317617,0.53,47.24,1,2021,9,3,39,0
2021-10-04,Russia,Europe/Asia,0.548,0.499,1.5,47.6,2.57,74.8221,1.41,44.9,48.9,23.0,0,No Event,1.19,High,10.0,0.5397500000000001,0.0714473131547474,0.554,50.13,0,2021,10,4,40,0
2021-10-11,Russia,Europe/Asia,0.534,0.488,1.5,47.72,2.73,74.1137,1.8,39.4,48.0,20.7,0,No Event,-0.56,High,10.0,0.5415,0.0705126783382674,0.548,47.6,1,2021,10,4,41,0
2021-10-18,Russia,Europe/Asia,0.543,0.5,1.5,47.87,2.47,74.9061,0.36,43.3,53.3,24.4,0,No Event,-0.18,High,10.0,0.5447500000000001,0.0698092780080193,0.534,47.72,0,2021,10,4,42,0
2021-10-25,Russia,Europe/Asia,0.503,0.447,1.5,45.94,2.94,74.4692,-1.1,37.7,45.7,29.9,0,No Event,1.06,High,10.0,0.532,0.0556847704230512,0.543,47.87,1,2021,10,4,43,0
2021-11-01,Russia,Europe/Asia,0.549,0.491,1.5,47.85,2.83,74.5317,3.48,45.5,52.4,22.9,0,No Event,0.25,High,10.0,0.53225,0.0599114768272355,0.503,45.94,0,2021,11,4,44,0
2021-11-08,Russia,Europe/Asia,0.591,0.516,1.596,51.11,3.27,74.7245,1.75,53.2,64.5,22.5,0,No Event,-0.34,High,10.0,0.5465,0.0630416222158757,0.549,47.85,0,2021,11,4,45,0
2021-11-15,Russia,Europe/Asia,0.541,0.506,1.764,49.76,3.04,74.8206,1.55,40.6,47.8,23.9,0,No Event,0.29,High,10.0,0.546,0.052557464989259,0.591,51.11,0,2021,11,4,46,0
2021-11-22,Russia,Europe/Asia,0.535,0.516,1.5,48.96,2.71,74.3509,0.82,47.6,44.2,23.1,0,No Event,-0.36,High,10.0,0.554,0.0525975454216242,0.541,49.76,0,2021,11,4,47,0
2021-11-29,Russia,Europe/Asia,0.597,0.571,1.519,54.51,2.77,74.7545,4.79,56.6,63.5,21.1,0,No Event,1.28,High,10.0,0.5660000000000001,0.0615063548906398,0.535,48.96,0,2021,11,4,48,0
2021-12-06,Russia,Europe/Asia,0.602,0.562,1.5,54.69,2.21,74.9253,1.7,58.3,48.9,20.9,0,No Event,-0.35,High,10.0,0.56875,0.0614786490371232,0.597,54.51,0,2021,12,4,49,0
2021-12-13,Russia,Europe/Asia,0.587,0.531,1.5,52.48,2.9,75.1088,2.17,36.7,53.1,22.1,0,No Event,0.22,High,10.0,0.58025,0.0624306662007787,0.602,54.69,1,2021,12,4,50,0
2021-12-20,Russia,Europe/Asia,0.633,0.569,1.833,56.72,2.73,73.6879,4.77,51.0,47.6,29.3,0,No Event,-0.06,High,10.0,0.60475,0.064800872181079,0.587,52.48,0,2021,12,4,51,0
2021-12-27,Russia,Europe/Asia,0.656,0.609,2.088,58.96,2.7,75.7718,1.61,41.4,47.5,28.1,0,No Event,0.27,High,10.0,0.6194999999999999,0.0646499534814449,0.633,56.72,0,2021,12,4,52,0
2022-01-03,Russia,Europe/Asia,0.653,0.6,1.963,59.14,2.43,75.2461,1.05,58.9,61.5,25.5,0,No Event,-0.21,High,10.0,0.63225,0.0636713282891471,0.656,58.96,0,2022,1,1,1,0
2022-01-10,Russia,Europe/Asia,0.664,0.629,2.031,59.62,1.65,76.3302,3.05,45.0,62.7,23.4,0,No Event,-0.39,High,10.0,0.6515,0.0636713515491427,0.653,59.14,0,2022,1,1,2,0
2022-01-17,Russia,Europe/Asia,0.655,0.582,1.633,59.8,3.7,75.1129,-2.61,55.8,63.4,22.7,0,No Event,0.14,High,10.0,0.657,0.0578377574073259,0.664,59.62,0,2022,1,1,3,0
2022-01-24,Russia,Europe/Asia,0.703,0.65,1.635,62.28,2.74,75.8261,1.12,53.7,63.3,20.6,0,No Event,-0.18,High,10.0,0.66875,0.0561166249390708,0.655,59.8,0,2022,1,1,4,0
2022-01-31,Russia,Europe/Asia,0.684,0.619,1.971,61.97,2.29,76.0527,2.26,45.4,50.5,27.0,0,No Event,0.08,High,10.0,0.6765,0.0549619772449486,0.703,62.28,0,2022,1,1,5,0
2022-02-07,Russia,Europe/Asia,0.738,0.702,1.775,66.8,2.66,74.5113,1.79,49.4,49.8,29.2,0,No Event,0.69,High,10.0,0.695,0.0482635791533389,0.684,61.97,0,2022,2,1,6,0
2022-02-14,Russia,Europe/Asia,0.78,0.715,1.975,69.8,3.17,75.9263,2.93,62.6,66.3,21.3,0,No Event,-0.08,High,10.0,0.7262500000000001,0.0473372000151779,0.738,66.8,0,2022,2,1,7,0
2022-02-21,Russia,Europe/Asia,0.793,0.73,2.04,71.97,5.3,75.368,0.09,43.6,57.9,60.1,1,Russia-Ukraine War,0.6,High,10.0,0.74875,0.0395501077491061,0.78,69.8,0,2022,2,1,8,0
2022-02-28,Russia,Europe/Asia,0.876,0.769,2.551,74.69,9.55,76.2796,3.3,48.5,48.2,33.9,1,Russia-Ukraine War,-0.05,High,10.0,0.7967500000000001,0.0453006558622745,0.793,71.97,0,2022,2,1,9,0
2022-03-07,Russia,Europe/Asia,0.88,0.804,2.069,79.51,9.36,75.3941,-0.07,58.5,60.0,55.0,1,Russia-Ukraine War,0.51,High,10.0,0.83225,0.042613733244065,0.876,74.69,0,2022,3,1,10,0
2022-03-14,Russia,Europe/Asia,0.869,0.795,1.98,77.83,8.27,76.8741,3.33,50.0,62.0,36.2,1,Russia-Ukraine War,0.24,High,10.0,0.8545,0.0423026054137551,0.88,79.51,0,2022,3,1,11,0
2022-03-21,Russia,Europe/Asia,0.899,0.819,2.85,80.6,4.44,75.3003,-0.17,71.6,47.5,53.6,1,Russia-Ukraine War,0.83,High,10.0,0.881,0.0422716007539742,0.869,77.83,0,2022,3,1,12,0
2022-03-28,Russia,Europe/Asia,0.941,0.815,2.173,81.57,7.91,75.4646,0.9,58.0,55.1,56.7,1,Russia-Ukraine War,0.47,High,10.0,0.89725,0.0413278069802521,0.899,80.6,0,2022,3,1,13,0
2022-04-04,Russia,Europe/Asia,0.992,0.912,2.316,87.44,10.27,77.0797,2.79,50.8,33.4,62.1,1,Russia-Ukraine War,0.24,High,10.0,0.92525,0.0415159292298624,0.941,81.57,0,2022,4,2,14,0
2022-04-11,Russia,Europe/Asia,0.945,0.828,2.623,83.37,10.57,75.9897,2.66,51.1,55.7,43.8,1,Russia-Ukraine War,-1.17,High,10.0,0.94425,0.0460020443462276,0.992,87.44,0,2022,4,2,15,0
2022-04-18,Russia,Europe/Asia,0.936,0.84,2.843,82.2,3.82,76.2759,1.62,36.7,54.3,43.0,1,Russia-Ukraine War,-0.4,High,10.0,0.9535,0.0454480106100964,0.945,83.37,1,2022,4,2,16,0
2022-04-25,Russia,Europe/Asia,0.952,0.873,2.532,85.99,6.15,75.7748,1.62,50.3,37.2,65.1,1,Russia-Ukraine War,-0.06,High,10.0,0.95625,0.0425425780613014,0.936,82.2,0,2022,4,2,17,0
2022-05-02,Russia,Europe/Asia,0.876,0.778,2.716,78.56,10.02,76.7357,-0.52,54.0,45.0,32.3,1,Russia-Ukraine War,0.24,High,10.0,0.92725,0.0496120691568846,0.952,85.99,0,2022,5,2,18,0
2022-05-09,Russia,Europe/Asia,0.937,0.846,3.033,84.25,8.54,75.7575,2.71,63.5,53.9,42.0,1,Russia-Ukraine War,0.01,High,10.0,0.92525,0.0507013923386296,0.876,78.56,0,2022,5,2,19,0
2022-05-16,Russia,Europe/Asia,0.992,0.848,2.482,87.26,9.03,74.1487,1.51,42.5,51.7,53.3,1,Russia-Ukraine War,0.12,High,10.0,0.93925,0.0521401444344117,0.937,84.25,0,2022,5,2,20,0
2022-05-23,Russia,Europe/Asia,1.037,0.937,2.313,90.8,6.56,75.7584,2.59,49.0,46.1,55.0,1,Russia-Ukraine War,0.03,High,10.0,0.9605,0.045820769831501,0.992,87.26,0,2022,5,2,21,0
2022-05-30,Russia,Europe/Asia,0.711,0.647,2.245,64.41,4.61,74.8597,0.82,46.0,38.7,51.6,1,Russia-Ukraine War,0.56,High,10.0,0.91925,0.1057767519530228,1.037,90.8,0,2022,5,2,22,0
2022-06-06,Russia,Europe/Asia,0.719,0.685,2.15,65.68,7.07,75.7332,0.53,63.8,36.2,57.3,1,Russia-Ukraine War,-0.39,High,10.0,0.8647499999999999,0.1059773086639724,0.711,64.41,0,2022,6,2,23,0
2022-06-13,Russia,Europe/Asia,0.694,0.645,1.569,61.78,10.32,75.9467,3.38,47.8,36.1,46.7,1,Russia-Ukraine War,0.14,High,10.0,0.7902499999999999,0.1052477335817091,0.719,65.68,0,2022,6,2,24,0
2022-06-20,Russia,Europe/Asia,0.642,0.607,1.934,57.98,4.15,75.7701,2.16,35.9,38.5,37.5,1,Russia-Ukraine War,1.23,High,10.0,0.6915,0.1045935156048121,0.694,61.78,1,2022,6,2,25,0
2022-06-27,Russia,Europe/Asia,0.626,0.574,1.52,56.59,9.6,75.5772,3.03,73.6,46.0,38.6,1,Russia-Ukraine War,0.37,High,10.0,0.67025,0.1015711788215704,0.642,57.98,0,2022,6,2,26,0
2022-07-04,Russia,Europe/Asia,0.657,0.592,1.627,57.84,6.92,76.0394,1.77,55.0,53.0,45.0,1,Russia-Ukraine War,-0.17,High,10.0,0.6547499999999999,0.1040564859628283,0.626,56.59,0,2022,7,3,27,0
2022-07-11,Russia,Europe/Asia,0.577,0.527,1.5,52.53,10.64,75.4534,2.54,54.5,45.9,60.1,1,Russia-Ukraine War,-0.1,High,10.0,0.6255,0.1076301538840407,0.657,57.84,0,2022,7,3,28,0
2022-07-18,Russia,Europe/Asia,0.637,0.542,1.966,55.82,6.48,75.6332,3.8,51.6,68.9,40.1,1,Russia-Ukraine War,-0.75,High,10.0,0.62425,0.1140562673225454,0.577,52.53,0,2022,7,3,29,0
2022-07-25,Russia,Europe/Asia,0.644,0.597,1.809,57.04,3.63,73.3876,1.26,56.0,51.7,38.8,1,Russia-Ukraine War,0.75,High,10.0,0.62875,0.1131700630114311,0.637,55.82,0,2022,7,3,30,0
2022-08-01,Russia,Europe/Asia,0.57,0.515,1.5,50.31,5.94,75.0677,2.59,52.1,35.6,36.9,1,Russia-Ukraine War,0.12,High,10.0,0.607,0.1126506519989209,0.644,57.04,0,2022,8,3,31,0
2022-08-08,Russia,Europe/Asia,0.556,0.506,1.5,48.57,6.02,74.0722,2.9,46.6,39.7,38.6,1,Russia-Ukraine War,-0.4,High,10.0,0.60175,0.1089370771546254,0.57,50.31,0,2022,8,3,32,0
2022-08-15,Russia,Europe/Asia,0.595,0.54,1.5,53.22,9.95,76.2189,-0.12,37.7,46.5,60.6,1,Russia-Ukraine War,-0.78,High,10.0,0.59125,0.1109346510771732,0.556,48.57,1,2022,8,3,33,0
2022-08-22,Russia,Europe/Asia,0.544,0.488,1.5,48.33,9.56,73.2813,2.88,42.4,52.5,53.7,1,Russia-Ukraine War,-0.7,High,10.0,0.5662499999999999,0.0721294582839479,0.595,53.22,0,2022,8,3,34,0
2022-08-29,Russia,Europe/Asia,0.569,0.531,1.779,50.97,6.55,74.6306,4.77,48.8,57.4,38.6,1,Russia-Ukraine War,-0.41,High,10.0,0.5660000000000001,0.0741481221424469,0.544,48.33,0,2022,8,3,35,0
2022-09-05,Russia,Europe/Asia,0.521,0.45,1.5,45.83,9.07,73.0393,2.07,44.6,47.2,57.8,1,Russia-Ukraine War,-0.04,High,10.0,0.55725,0.0765855827909408,0.569,50.97,0,2022,9,3,36,0
2022-09-12,Russia,Europe/Asia,0.535,0.477,1.5,47.04,7.64,74.2598,4.51,41.8,51.0,62.2,1,Russia-Ukraine War,-0.97,High,10.0,0.54225,0.0756873392966537,0.521,45.83,0,2022,9,3,37,0
2022-09-19,Russia,Europe/Asia,0.536,0.49,1.5,48.42,9.23,74.3324,0.62,51.1,51.5,46.3,1,Russia-Ukraine War,0.52,High,10.0,0.54025,0.0756794235304078,0.535,47.04,0,2022,9,3,38,0
2022-09-26,Russia,Europe/Asia,0.522,0.486,1.686,46.96,7.9,75.1839,2.65,48.2,43.1,51.3,1,Russia-Ukraine War,-0.48,High,10.0,0.5285,0.0733711694036622,0.536,48.42,0,2022,9,3,39,0
2022-10-03,Russia,Europe/Asia,0.531,0.461,1.5,45.82,5.62,73.4174,-0.6,47.8,43.9,50.9,1,Russia-Ukraine War,0.25,High,10.0,0.531,0.0658199888210122,0.522,46.96,0,2022,10,4,40,0
2022-10-10,Russia,Europe/Asia,0.586,0.533,1.672,51.0,6.17,74.329,5.54,46.9,52.6,44.6,1,Russia-Ukraine War,-0.04,High,10.0,0.54375,0.0657587182255123,0.531,45.82,0,2022,10,4,41,0
2022-10-17,Russia,Europe/Asia,0.514,0.479,1.5,46.99,10.15,75.0838,2.88,51.0,60.1,64.8,1,Russia-Ukraine War,0.78,High,10.0,0.53825,0.0736898843670542,0.586,51.0,0,2022,10,4,42,0
2022-10-24,Russia,Europe/Asia,0.547,0.512,1.5,49.25,9.7,74.3896,-1.17,39.8,59.8,65.9,1,Russia-Ukraine War,-0.52,High,10.0,0.5445,0.0698925130267436,0.514,46.99,1,2022,10,4,43,0
2022-10-31,Russia,Europe/Asia,0.543,0.49,1.599,48.8,6.9,76.0349,0.06,39.7,59.4,41.5,1,Russia-Ukraine War,0.28,High,10.0,0.5475,0.0695436866736227,0.547,49.25,1,2022,10,4,44,0
2022-11-07,Russia,Europe/Asia,0.567,0.532,1.543,51.81,6.39,74.8129,0.99,41.8,50.2,39.1,1,Russia-Ukraine War,-0.04,High,10.0,0.5427500000000001,0.0675492707935262,0.543,48.8,0,2022,11,4,45,0
2022-11-14,Russia,Europe/Asia,0.576,0.538,1.887,52.88,4.74,74.5039,2.35,40.5,48.0,50.9,1,Russia-Ukraine War,0.26,High,10.0,0.55825,0.0622437595525031,0.567,51.81,0,2022,11,4,46,0
2022-11-21,Russia,Europe/Asia,0.555,0.5,1.73,49.09,6.57,74.0834,1.02,51.3,54.0,54.5,1,Russia-Ukraine War,0.0,High,10.0,0.5602499999999999,0.0620522832525202,0.576,52.88,0,2022,11,4,47,0
2022-11-28,Russia,Europe/Asia,0.586,0.517,1.5,50.8,8.19,75.0693,2.65,48.8,51.3,38.6,1,Russia-Ukraine War,-0.4,High,10.0,0.571,0.0578377079788959,0.555,49.09,0,2022,11,4,48,0
2022-12-05,Russia,Europe/Asia,0.647,0.574,1.537,57.94,9.49,73.9403,0.47,59.8,60.9,50.7,1,Russia-Ukraine War,0.15,High,10.0,0.591,0.0637121601417437,0.586,50.8,0,2022,12,4,49,0
2022-12-12,Russia,Europe/Asia,0.628,0.575,2.044,57.56,6.8,75.742,0.47,50.5,53.1,53.7,1,Russia-Ukraine War,0.19,High,10.0,0.604,0.0650483018642397,0.647,57.94,0,2022,12,4,50,0
2022-12-19,Russia,Europe/Asia,0.628,0.572,1.517,54.72,4.05,74.8902,1.42,56.0,50.2,41.5,1,Russia-Ukraine War,-0.51,High,10.0,0.62225,0.0639664126915386,0.628,57.56,0,2022,12,4,51,0
2022-12-26,Russia,Europe/Asia,0.664,0.628,1.998,60.29,6.41,75.2266,1.01,40.4,68.8,41.0,1,Russia-Ukraine War,-0.74,High,10.0,0.64175,0.0649945372172009,0.628,54.72,0,2022,12,4,52,0
2023-01-02,Russia,Europe/Asia,0.681,0.6,2.046,59.43,7.54,73.4885,2.35,54.5,50.0,59.3,1,Russia-Ukraine War,-0.5,High,10.0,0.65025,0.0596391914178153,0.664,60.29,0,2023,1,1,1,0
2023-01-09,Russia,Europe/Asia,0.702,0.623,1.917,61.69,9.42,76.1842,3.88,45.9,55.5,61.8,1,Russia-Ukraine War,-0.33,High,10.0,0.66875,0.0411501673534116,0.681,59.43,0,2023,1,1,2,0
2023-01-16,Russia,Europe/Asia,0.66,0.599,1.569,61.4,9.35,73.9122,3.57,47.7,62.4,51.4,1,Russia-Ukraine War,-0.62,High,10.0,0.67675,0.0462381335337127,0.702,61.69,0,2023,1,1,3,0
2023-01-23,Russia,Europe/Asia,0.776,0.698,2.065,68.14,7.71,76.5311,2.24,42.6,60.3,39.9,1,Russia-Ukraine War,-0.19,High,10.0,0.7047500000000001,0.0642683131129824,0.66,61.4,0,2023,1,1,4,0
2023-01-30,Russia,Europe/Asia,0.735,0.688,2.102,67.16,6.17,76.4754,2.65,63.1,41.9,41.2,1,Russia-Ukraine War,0.87,High,10.0,0.7182499999999999,0.0685541339841085,0.776,68.14,0,2023,1,1,5,0
2023-02-06,Russia,Europe/Asia,0.751,0.671,2.012,66.53,3.42,75.5074,1.0,39.6,54.9,47.3,1,Russia-Ukraine War,-0.39,High,10.0,0.7305,0.0685124533934745,0.735,67.16,1,2023,2,1,6,0
2023-02-13,Russia,Europe/Asia,0.733,0.689,1.889,66.97,7.93,74.9248,0.23,65.6,65.8,37.3,1,Russia-Ukraine War,0.13,High,10.0,0.74875,0.0675925941191565,0.751,66.53,0,2023,2,1,7,0
2023-02-20,Russia,Europe/Asia,0.718,0.684,1.753,67.46,10.09,76.3318,1.86,53.3,55.3,43.1,1,Russia-Ukraine War,-0.2,High,10.0,0.73425,0.0680591519055107,0.733,66.97,0,2023,2,1,8,0
2023-02-27,Russia,Europe/Asia,0.798,0.701,1.761,69.62,3.01,75.767,4.08,64.1,52.7,28.7,0,No Event,-0.7,High,10.0,0.75,0.0689184269968483,0.718,67.46,0,2023,2,1,9,0
2023-03-06,Russia,Europe/Asia,0.732,0.666,1.948,65.22,2.75,75.5533,4.3,66.7,49.1,27.9,0,No Event,-0.05,High,10.0,0.74525,0.0739093084992622,0.798,69.62,0,2023,3,1,10,0
2023-03-13,Russia,Europe/Asia,0.757,0.68,2.2,68.57,3.16,75.9932,1.38,64.1,46.8,23.3,0,No Event,0.1,High,10.0,0.75125,0.0739265759891879,0.732,65.22,0,2023,3,1,11,0
2023-03-20,Russia,Europe/Asia,0.788,0.684,2.178,68.42,2.03,76.3671,1.48,38.8,44.3,27.2,0,No Event,0.19,High,10.0,0.76875,0.073284868137225,0.757,68.57,1,2023,3,1,12,0
2023-03-27,Russia,Europe/Asia,0.711,0.646,1.703,63.41,2.39,76.0407,3.91,63.9,59.4,27.0,0,No Event,0.44,High,10.0,0.747,0.0802426607841105,0.788,68.42,0,2023,3,1,13,0
2023-04-03,Russia,Europe/Asia,0.743,0.675,1.699,65.66,2.12,76.1255,3.36,50.2,40.9,22.0,0,No Event,-0.14,High,10.0,0.74975,0.08073694038217,0.711,63.41,0,2023,4,2,14,0
2023-04-10,Russia,Europe/Asia,0.71,0.643,2.106,63.11,2.51,75.5377,0.65,59.7,48.2,25.7,0,No Event,0.06,High,10.0,0.738,0.079681838814998,0.743,65.66,0,2023,4,2,15,0
2023-04-17,Russia,Europe/Asia,0.73,0.709,2.136,66.99,2.84,75.4597,0.85,49.7,56.0,23.2,0,No Event,0.01,High,10.0,0.7234999999999999,0.0607226073583539,0.71,63.11,0,2023,4,2,16,0
2023-04-24,Russia,Europe/Asia,0.757,0.698,1.867,68.04,2.7,76.8221,3.44,58.4,42.1,28.6,0,No Event,0.49,High,10.0,0.735,0.0595986681929992,0.73,66.99,0,2023,4,2,17,0
2023-05-01,Russia,Europe/Asia,0.784,0.721,1.698,69.86,2.45,75.4177,2.61,37.7,50.0,28.9,0,No Event,-0.4,High,10.0,0.74525,0.0601061531169723,0.757,68.04,1,2023,5,2,18,0
2023-05-08,Russia,Europe/Asia,0.748,0.668,1.949,65.45,2.03,76.5897,-1.76,49.4,52.6,24.9,0,No Event,0.45,High,10.0,0.75475,0.0613965607683054,0.784,69.86,0,2023,5,2,19,0
2023-05-15,Russia,Europe/Asia,0.779,0.702,1.86,68.26,1.85,75.8115,1.49,51.8,51.6,26.9,0,No Event,0.27,High,10.0,0.767,0.0618060967739433,0.748,65.45,0,2023,5,2,20,0
2023-05-22,Russia,Europe/Asia,0.694,0.606,1.5,61.57,2.57,76.0251,1.13,51.2,49.4,23.0,0,No Event,-0.92,High,10.0,0.75125,0.06123408359413,0.779,68.26,0,2023,5,2,21,0
2023-05-29,Russia,Europe/Asia,0.694,0.61,1.585,60.78,3.25,75.1853,5.25,66.8,53.0,22.4,0,No Event,0.86,High,10.0,0.72875,0.0567729661119792,0.694,61.57,0,2023,5,2,22,0
2023-06-05,Russia,Europe/Asia,0.712,0.666,2.045,63.24,2.1,75.163,2.1,43.2,45.6,29.9,0,No Event,0.4,High,10.0,0.71975,0.0563333301034878,0.694,60.78,0,2023,6,2,23,0
2023-06-12,Russia,Europe/Asia,0.719,0.64,2.176,62.6,2.35,74.0958,3.45,41.0,48.9,25.2,0,No Event,0.16,High,10.0,0.70475,0.0547920128256338,0.712,63.24,0,2023,6,2,24,0
2023-06-19,Russia,Europe/Asia,0.718,0.661,1.642,62.45,2.32,73.689,4.73,51.5,35.5,21.6,0,No Event,0.14,High,10.0,0.71075,0.0466067996108354,0.719,62.6,0,2023,6,2,25,0
2023-06-26,Russia,Europe/Asia,0.596,0.551,1.659,53.09,2.67,73.8152,1.46,52.1,37.5,28.6,0,No Event,1.05,High,10.0,0.68625,0.0658414695246149,0.718,62.45,0,2023,6,2,26,0
2023-07-03,Russia,Europe/Asia,0.648,0.599,1.5,58.66,3.35,73.8481,3.39,42.5,57.5,25.2,0,No Event,0.29,High,10.0,0.67025,0.0714207311515996,0.596,53.09,0,2023,7,3,27,0
2023-07-10,Russia,Europe/Asia,0.595,0.535,1.735,53.1,3.37,74.4961,1.96,52.6,64.2,29.8,0,No Event,0.05,High,10.0,0.63925,0.0737808236696732,0.648,58.66,0,2023,7,3,28,0
2023-07-17,Russia,Europe/Asia,0.63,0.547,1.912,54.48,3.38,73.1636,1.09,56.6,47.4,21.0,0,No Event,0.79,High,10.0,0.61725,0.0754107614024963,0.595,53.1,0,2023,7,3,29,0
2023-07-24,Russia,Europe/Asia,0.613,0.57,2.003,56.19,2.61,74.1089,3.38,45.7,47.6,24.4,0,No Event,0.37,High,10.0,0.6214999999999999,0.0739322819106853,0.63,54.48,0,2023,7,3,30,0
2023-07-31,Russia,Europe/Asia,0.582,0.515,1.5,49.88,2.71,75.5037,1.74,48.2,50.8,23.9,0,No Event,-0.38,High,10.0,0.605,0.0741059850011602,0.613,56.19,0,2023,7,3,31,0
2023-08-07,Russia,Europe/Asia,0.586,0.533,1.5,51.02,2.72,74.6672,2.8,39.5,51.6,23.3,0,No Event,-0.68,High,10.0,0.60275,0.0722315567657365,0.582,49.88,1,2023,8,3,32,0
2023-08-14,Russia,Europe/Asia,0.559,0.508,1.5,49.97,3.27,74.7735,4.52,43.1,32.5,27.7,0,No Event,0.26,High,10.0,0.585,0.0673625966677437,0.586,51.02,0,2023,8,3,33,0
2023-08-21,Russia,Europe/Asia,0.568,0.516,1.788,51.22,1.7,74.524,-0.2,52.3,42.5,22.1,0,No Event,0.52,High,10.0,0.57375,0.0678615168308667,0.559,49.97,0,2023,8,3,34,0
2023-08-28,Russia,Europe/Asia,0.578,0.543,1.5,52.07,3.18,73.7954,4.32,29.0,36.6,24.7,0,No Event,1.04,High,10.0,0.57275,0.0674535564690895,0.568,51.22,1,2023,8,3,35,0
2023-09-04,Russia,Europe/Asia,0.556,0.486,1.53,48.29,2.69,74.7794,1.01,36.9,43.2,25.4,0,No Event,-0.43,High,10.0,0.56525,0.0672660669679699,0.578,52.07,1,2023,9,3,36,0
2023-09-11,Russia,Europe/Asia,0.573,0.505,1.5,50.49,2.2,74.6496,1.31,44.9,49.6,21.7,0,No Event,-0.62,High,10.0,0.56875,0.0686461285338823,0.556,48.29,0,2023,9,3,37,0
2023-09-18,Russia,Europe/Asia,0.57,0.508,1.5,51.35,2.22,73.1023,1.31,47.6,41.7,23.9,0,No Event,-0.61,High,10.0,0.5692499999999999,0.0487249768719478,0.573,50.49,0,2023,9,3,38,0
2023-09-25,Russia,Europe/Asia,0.575,0.526,1.853,52.88,3.1,74.4681,2.56,48.0,60.6,26.3,0,No Event,-0.16,High,10.0,0.5685,0.0400623650263433,0.57,51.35,0,2023,9,3,39,0
2023-10-02,Russia,Europe/Asia,0.596,0.536,1.539,51.62,3.14,74.3935,2.91,49.8,48.4,28.7,0,No Event,0.35,High,10.0,0.5785,0.0347734126267552,0.575,52.88,0,2023,10,4,40,0
2023-10-09,Russia,Europe/Asia,0.572,0.535,1.5,51.84,8.07,76.914,6.57,53.2,61.0,55.1,1,Middle East Crisis,0.37,High,10.0,0.5782499999999999,0.0313077946105493,0.596,51.62,0,2023,10,4,41,0
2023-10-16,Russia,Europe/Asia,0.656,0.566,1.915,57.0,2.54,76.7957,5.36,38.6,51.5,20.2,0,No Event,-0.26,High,10.0,0.59975,0.0537084960158654,0.572,51.84,1,2023,10,4,42,0
2023-10-23,Russia,Europe/Asia,0.626,0.583,2.015,56.59,3.31,76.6151,0.43,51.7,56.4,29.0,0,No Event,0.32,High,10.0,0.6124999999999999,0.0532537909438262,0.656,57.0,0,2023,10,4,43,0
2023-10-30,Russia,Europe/Asia,0.77,0.683,1.99,67.46,8.35,76.5798,0.66,60.2,61.0,57.1,1,Middle East Crisis,0.12,High,10.0,0.656,0.083471701088036,0.626,56.59,0,2023,10,4,44,0
2023-11-06,Russia,Europe/Asia,0.715,0.64,1.672,62.24,8.14,79.8636,-0.23,52.1,64.7,45.7,1,Middle East Crisis,0.28,High,10.0,0.69175,0.0857495601250612,0.77,67.46,0,2023,11,4,45,0
2023-11-13,Russia,Europe/Asia,0.764,0.709,1.837,68.34,2.73,79.9054,3.4,40.7,63.1,25.8,0,No Event,-0.82,High,10.0,0.71875,0.0866519797134758,0.715,62.24,0,2023,11,4,46,0
2023-11-20,Russia,Europe/Asia,0.797,0.704,2.269,70.61,3.54,79.4417,2.91,36.8,45.7,29.3,0,No Event,0.5,High,10.0,0.7615,0.0866829295590735,0.764,68.34,1,2023,11,4,47,0
2023-11-27,Russia,Europe/Asia,0.797,0.718,2.247,71.6,3.24,79.9967,2.09,48.5,39.4,26.4,0,No Event,0.35,High,10.0,0.76825,0.0846254976246557,0.797,70.61,0,2023,11,4,48,0
2023-12-04,Russia,Europe/Asia,0.802,0.743,1.937,74.16,8.68,81.1186,1.65,47.4,55.7,47.1,1,Middle East Crisis,-0.2,High,10.0,0.79,0.0849914366883453,0.797,71.6,0,2023,12,4,49,0
2023-12-11,Russia,Europe/Asia,0.854,0.762,2.234,75.47,2.65,80.1968,0.64,54.4,58.6,29.6,0,No Event,-0.07,High,10.0,0.8125,0.0846476083100054,0.802,74.16,0,2023,12,4,50,0
2023-12-18,Russia,Europe/Asia,0.895,0.822,2.827,80.04,3.26,82.5931,-0.91,57.4,45.0,24.6,0,No Event,0.09,High,10.0,0.8370000000000001,0.084202149923955,0.854,75.47,0,2023,12,4,51,0
2023-12-25,Russia,Europe/Asia,0.913,0.846,2.066,80.9,7.44,83.8396,0.63,45.0,41.0,51.2,1,Middle East Crisis,-0.51,High,10.0,0.866,0.0844068559608694,0.895,80.04,0,2023,12,4,52,0
2024-01-01,Russia,Europe/Asia,0.992,0.918,2.207,88.48,5.42,87.7447,3.74,33.7,57.6,43.1,1,Middle East Crisis,-0.14,High,10.0,0.9135,0.0814383836279721,0.913,80.9,1,2024,1,1,1,0
2024-01-08,Russia,Europe/Asia,0.666,0.619,1.868,61.73,2.0,86.2884,1.21,53.9,65.3,25.9,0,No Event,0.5,High,10.0,0.8665,0.1306878264805089,0.992,88.48,0,2024,1,1,2,0
2024-01-15,Russia,Europe/Asia,0.68,0.617,2.18,61.05,4.41,90.3062,1.63,61.4,45.1,38.2,1,Middle East Crisis,0.67,High,10.0,0.81275,0.1295086070925205,0.666,61.73,0,2024,1,1,3,0
2024-01-22,Russia,Europe/Asia,0.654,0.614,1.877,59.85,3.17,89.2367,0.24,67.4,65.5,28.1,0,No Event,0.29,High,10.0,0.748,0.1109768403707214,0.68,61.05,0,2024,1,1,4,0
2024-01-29,Russia,Europe/Asia,0.755,0.694,2.205,69.38,6.14,91.2536,0.67,54.4,53.5,42.8,1,Middle East Crisis,0.21,High,10.0,0.6887500000000001,0.1179270330677005,0.654,59.85,0,2024,1,1,5,0
2024-02-05,Russia,Europe/Asia,0.799,0.717,2.25,70.88,3.17,92.6472,2.48,65.0,57.7,22.8,0,No Event,0.63,High,10.0,0.7220000000000001,0.1175180001760863,0.755,69.38,0,2024,2,1,6,0
2024-02-12,Russia,Europe/Asia,0.761,0.672,1.795,66.11,2.87,90.8357,2.61,66.4,59.3,20.3,0,No Event,0.57,High,10.0,0.7422500000000001,0.1181984240312537,0.799,70.88,0,2024,2,1,7,0
2024-02-19,Russia,Europe/Asia,0.808,0.708,2.394,69.72,9.66,96.0542,1.8,57.9,44.7,44.4,1,Middle East Crisis,-0.58,High,10.0,0.78075,0.1193589501029941,0.761,66.11,0,2024,2,1,8,0
2024-02-26,Russia,Europe/Asia,0.766,0.698,2.199,68.88,2.91,95.5687,1.21,54.4,45.2,26.5,0,No Event,0.38,High,10.0,0.7835,0.1206532062172201,0.808,69.72,0,2024,2,1,9,0
2024-03-04,Russia,Europe/Asia,0.85,0.737,2.467,75.91,3.32,94.7591,1.69,51.3,57.5,26.0,0,No Event,-0.14,High,10.0,0.79625,0.1233694854793047,0.766,68.88,0,2024,3,1,10,0
2024-03-11,Russia,Europe/Asia,0.793,0.721,1.807,71.76,2.59,95.9078,1.43,46.9,56.2,22.4,0,No Event,1.07,High,10.0,0.80425,0.1244260098397077,0.85,75.91,0,2024,3,1,11,0
2024-03-18,Russia,Europe/Asia,0.759,0.689,1.751,68.29,2.4,94.583,5.37,61.0,49.9,20.6,0,No Event,-0.01,High,10.0,0.792,0.1247455105298891,0.793,71.76,0,2024,3,1,12,0
2024-03-25,Russia,Europe/Asia,0.75,0.676,2.166,66.55,3.33,94.9147,2.83,62.3,39.4,24.4,0,No Event,-0.09,High,10.0,0.788,0.121219036147287,0.759,68.29,0,2024,3,1,13,0
2024-04-01,Russia,Europe/Asia,0.738,0.677,1.841,66.3,2.53,95.0493,2.89,54.7,59.5,26.8,0,No Event,-0.08,High,10.0,0.76,0.0708943717300738,0.75,66.55,0,2024,4,2,14,0
2024-04-08,Russia,Europe/Asia,0.786,0.712,2.304,69.67,2.25,96.3554,2.35,53.4,63.8,24.0,0,No Event,-0.38,High,10.0,0.75825,0.0725899564153096,0.738,66.3,0,2024,4,2,15,0
2024-04-15,Russia,Europe/Asia,0.792,0.707,1.782,68.37,4.47,97.3113,5.18,69.7,56.4,40.4,1,Middle East Crisis,-0.25,High,10.0,0.7665,0.0707467470437228,0.786,69.67,0,2024,4,2,16,0
2024-04-22,Russia,Europe/Asia,0.744,0.677,2.092,66.53,3.57,96.8861,3.21,54.5,37.5,27.8,0,No Event,-0.51,High,10.0,0.765,0.0594610720825159,0.792,68.37,0,2024,4,2,17,0
2024-04-29,Russia,Europe/Asia,0.746,0.656,2.02,65.15,2.98,95.4797,4.41,49.3,52.6,25.5,0,No Event,-0.51,High,10.0,0.767,0.0566378261404299,0.744,66.53,0,2024,4,2,18,0
2024-05-06,Russia,Europe/Asia,0.743,0.702,2.037,66.06,2.64,98.4234,1.22,49.7,48.0,29.0,0,No Event,-0.15,High,10.0,0.75625,0.05498245332976,0.746,65.15,0,2024,5,2,19,0
2024-05-13,Russia,Europe/Asia,0.771,0.696,2.374,69.01,3.14,96.7915,-0.42,48.4,66.2,27.0,0,No Event,0.15,High,10.0,0.7509999999999999,0.0528984208062445,0.743,66.06,0,2024,5,2,20,0
2024-05-20,Russia,Europe/Asia,0.781,0.671,2.064,67.59,3.67,96.167,1.74,58.0,48.4,25.1,0,No Event,0.73,High,10.0,0.76025,0.0506668902141547,0.771,69.01,0,2024,5,2,21,0
2024-05-27,Russia,Europe/Asia,0.735,0.667,1.714,65.26,8.88,100.7787,2.58,49.2,54.5,57.1,1,Middle East Crisis,0.48,High,10.0,0.7575000000000001,0.0407305643793868,0.781,67.59,0,2024,5,2,22,0
2024-06-03,Russia,Europe/Asia,0.788,0.683,1.627,66.86,6.98,105.2452,1.54,52.8,45.2,45.3,1,Middle East Crisis,-0.04,High,10.0,0.76875,0.0431444059920933,0.735,65.26,0,2024,6,2,23,0
2024-06-10,Russia,Europe/Asia,0.691,0.642,1.574,61.79,3.33,103.3538,2.22,79.5,42.7,25.3,0,No Event,0.56,High,10.0,0.74875,0.0550253757063629,0.788,66.86,0,2024,6,2,24,0
2024-06-17,Russia,Europe/Asia,0.661,0.607,1.695,59.43,7.71,104.8679,1.76,35.9,54.0,38.4,1,Middle East Crisis,-0.21,High,10.0,0.71875,0.0560563156861946,0.691,61.79,1,2024,6,2,25,0
2024-06-24,Russia,Europe/Asia,0.655,0.627,1.73,61.53,6.85,110.8634,1.08,62.6,64.8,52.5,1,Middle East Crisis,0.02,High,10.0,0.69875,0.0560132500741533,0.661,59.43,0,2024,6,2,26,0
2024-07-01,Russia,Europe/Asia,0.677,0.619,1.535,59.66,2.32,111.2484,3.06,58.7,40.3,24.0,0,No Event,0.29,High,10.0,0.671,0.052913601159918,0.655,61.53,0,2024,7,3,27,0
2024-07-08,Russia,Europe/Asia,0.608,0.583,1.951,55.95,3.14,109.5284,3.79,52.5,53.0,27.7,0,No Event,0.06,High,10.0,0.65025,0.0585502000594285,0.677,59.66,0,2024,7,3,28,0
2024-07-15,Russia,Europe/Asia,0.624,0.567,1.815,56.49,2.82,109.5512,2.4,40.3,36.0,28.1,0,No Event,-0.26,High,10.0,0.641,0.0584690880827399,0.608,55.95,0,2024,7,3,29,0
2024-07-22,Russia,Europe/Asia,0.566,0.525,1.5,52.97,3.82,109.5787,-0.06,51.9,47.1,20.0,0,No Event,-1.13,High,10.0,0.6187499999999999,0.0625250639808694,0.624,56.49,0,2024,7,3,30,0
2024-07-29,Russia,Europe/Asia,0.582,0.503,1.5,51.15,5.0,113.1671,0.4,43.5,67.1,37.0,1,Middle East Crisis,-0.36,High,10.0,0.595,0.0639946818539502,0.566,52.97,0,2024,7,3,31,0
2024-08-05,Russia,Europe/Asia,0.603,0.552,1.5,54.58,8.44,115.64,1.0,56.0,42.1,41.9,1,Middle East Crisis,0.08,High,10.0,0.59375,0.063868999354651,0.582,51.15,0,2024,8,3,32,0
2024-08-12,Russia,Europe/Asia,0.634,0.599,1.743,56.8,7.73,120.3612,1.13,39.2,41.4,55.2,1,Middle East Crisis,-0.56,High,10.0,0.59625,0.0664919171800623,0.603,54.58,1,2024,8,3,33,0
2024-08-19,Russia,Europe/Asia,0.534,0.489,1.5,47.7,5.64,121.6749,2.26,35.3,26.3,46.6,1,Middle East Crisis,-0.3,High,10.0,0.5882499999999999,0.0775987754746346,0.634,56.8,0,2024,8,3,34,0
2024-08-26,Russia,Europe/Asia,0.581,0.529,1.5,52.02,7.55,125.143,7.87,31.9,51.0,42.9,1,Middle East Crisis,0.05,High,10.0,0.5880000000000001,0.0794907199175909,0.534,47.7,1,2024,8,3,35,0
2024-09-02,Russia,Europe/Asia,0.559,0.504,1.5,49.97,3.48,123.9585,3.65,31.1,46.1,20.7,0,No Event,0.87,High,10.0,0.577,0.0731993555926904,0.581,52.02,1,2024,9,3,36,0
2024-09-09,Russia,Europe/Asia,0.533,0.487,1.5,48.31,2.87,124.4079,0.7,49.6,42.6,24.6,0,No Event,-0.66,High,10.0,0.55175,0.0733142226873745,0.559,49.97,0,2024,9,3,37,0
2024-09-16,Russia,Europe/Asia,0.569,0.503,1.552,48.86,2.99,127.3382,3.63,45.7,48.7,23.0,0,No Event,-0.66,High,10.0,0.5605,0.0771326819847436,0.533,48.31,0,2024,9,3,38,0
2024-09-23,Russia,Europe/Asia,0.563,0.507,1.5,48.93,2.91,125.8766,3.33,55.2,52.4,29.9,0,No Event,-0.32,High,10.0,0.556,0.0759705922271008,0.569,48.86,0,2024,9,3,39,0
2024-09-30,Russia,Europe/Asia,0.57,0.535,1.568,51.39,7.3,130.3791,3.79,41.4,56.9,45.0,1,Middle East Crisis,0.83,High,10.0,0.55875,0.0707239430335742,0.563,48.93,0,2024,9,3,40,0
2024-10-07,Russia,Europe/Asia,0.558,0.497,1.5,48.81,2.92,127.006,1.85,51.6,32.9,25.2,0,No Event,-0.42,High,10.0,0.565,0.0702617371116187,0.57,51.39,0,2024,10,4,41,0
2024-10-14,Russia,Europe/Asia,0.58,0.523,1.528,50.2,2.81,126.7382,-0.49,51.0,46.4,24.3,0,No Event,0.21,High,10.0,0.56775,0.0657734094247518,0.558,48.81,0,2024,10,4,42,0
2024-10-21,Russia,Europe/Asia,0.583,0.51,1.507,50.62,2.47,127.901,2.16,50.3,53.4,22.1,0,No Event,0.07,High,10.0,0.57275,0.0653391080313903,0.58,50.2,0,2024,10,4,43,0
2024-10-28,Russia,Europe/Asia,0.569,0.519,1.5,50.92,3.35,125.927,6.32,40.5,54.4,28.3,0,No Event,0.08,High,10.0,0.5725,0.0648068068652434,0.583,50.62,0,2024,10,4,44,0
2024-11-04,Russia,Europe/Asia,0.571,0.533,1.59,51.18,3.81,126.9,2.48,39.4,48.2,22.1,0,No Event,-0.01,High,10.0,0.57575,0.0626013642856829,0.569,50.92,1,2024,11,4,45,0
2024-11-11,Russia,Europe/Asia,0.573,0.522,1.5,51.3,2.45,127.633,0.24,48.6,47.2,28.1,0,No Event,0.08,High,10.0,0.574,0.0407530890939293,0.571,51.18,0,2024,11,4,46,0
2024-11-18,Russia,Europe/Asia,0.622,0.579,1.675,56.24,3.14,126.1304,-0.37,43.7,50.3,26.6,0,No Event,-0.04,High,10.0,0.58375,0.0403031268455868,0.573,51.3,0,2024,11,4,47,0
2024-11-25,Russia,Europe/Asia,0.621,0.564,1.5,55.81,2.68,127.009,0.61,41.7,66.4,20.3,0,No Event,-0.44,High,10.0,0.59675,0.0379724201072386,0.622,56.24,0,2024,11,4,48,0
2024-12-02,Russia,Europe/Asia,0.613,0.576,1.5,55.34,3.02,127.3801,2.54,59.6,45.4,22.3,0,No Event,0.2,High,10.0,0.60725,0.0345541401665095,0.621,55.81,0,2024,12,4,49,0
2024-12-09,Russia,Europe/Asia,0.635,0.556,1.593,56.48,2.96,128.5734,1.67,53.0,43.8,23.6,0,No Event,-0.2,High,10.0,0.62275,0.0309721098634448,0.613,55.34,0,2024,12,4,50,0
2024-12-16,Russia,Europe/Asia,0.668,0.61,1.916,59.89,2.81,128.4126,3.76,36.3,58.2,28.8,0,No Event,-0.28,High,10.0,0.63425,0.0324933782145467,0.635,56.48,1,2024,12,4,51,0
2024-12-23,Russia,Europe/Asia,0.669,0.584,1.96,58.88,2.77,128.2146,1.4,54.6,64.1,26.0,0,No Event,0.87,High,10.0,0.64625,0.0327190549612955,0.668,59.89,0,2024,12,4,52,0
2024-12-30,Russia,Europe/Asia,0.71,0.631,2.241,63.13,2.68,128.015,1.86,51.7,46.9,23.7,0,No Event,-1.52,High,10.0,0.6705000000000001,0.0333478384466994,0.669,58.88,0,2024,12,4,1,0
2025-01-06,Russia,Europe/Asia,0.673,0.624,2.087,61.2,4.19,127.9877,1.8,44.5,51.3,24.1,0,No Event,0.37,High,10.0,0.6799999999999999,0.0387284424877405,0.71,63.13,0,2025,1,1,2,0
2025-01-13,Russia,Europe/Asia,0.734,0.658,1.628,63.44,3.44,128.4208,0.25,64.4,53.8,29.0,0,No Event,0.04,High,10.0,0.6964999999999999,0.0445502960657956,0.673,61.2,0,2025,1,1,3,0
2025-01-20,Russia,Europe/Asia,0.689,0.642,2.129,62.13,2.95,128.4812,6.48,46.4,59.3,29.9,0,No Event,-0.03,High,10.0,0.7015,0.0489988296732295,0.734,63.44,0,2025,1,1,4,0
2025-01-27,Russia,Europe/Asia,0.71,0.65,2.208,62.52,2.89,128.0163,1.69,32.5,45.3,30.0,0,No Event,-0.25,High,10.0,0.7015,0.0489345053548597,0.689,62.13,1,2025,1,1,5,0
2025-02-03,Russia,Europe/Asia,0.703,0.633,2.25,62.88,2.89,127.8476,3.35,46.5,68.1,22.6,0,No Event,0.16,High,10.0,0.7090000000000001,0.0494782611440652,0.71,62.52,0,2025,2,1,6,0
2025-02-10,Russia,Europe/Asia,0.798,0.709,2.235,69.0,2.82,129.2674,0.01,54.0,43.4,21.8,0,No Event,-0.61,High,10.0,0.7250000000000001,0.0570942747174822,0.703,62.88,0,2025,2,1,7,0
2025-02-17,Russia,Europe/Asia,0.773,0.695,2.392,68.61,3.06,129.962,3.09,61.3,52.7,20.3,0,No Event,0.02,High,10.0,0.746,0.0588493235325606,0.798,69.0,0,2025,2,1,8,0
2025-02-24,Russia,Europe/Asia,0.762,0.681,1.95,67.88,3.58,126.5295,4.29,50.2,62.8,24.9,0,No Event,0.18,High,10.0,0.759,0.0589189290717064,0.773,68.61,0,2025,2,1,9,0
2025-03-03,Russia,Europe/Asia,0.803,0.706,1.825,71.55,2.34,130.7327,-0.54,70.2,49.6,29.9,0,No Event,0.76,High,10.0,0.784,0.0595858952454552,0.762,67.88,0,2025,3,1,10,0
2025-03-10,Russia,Europe/Asia,0.77,0.707,1.862,68.46,3.61,129.2102,4.04,51.5,54.8,28.7,0,No Event,-0.3,High,10.0,0.7770000000000001,0.0612683898240292,0.803,71.55,0,2025,3,1,11,0
2025-03-17,Russia,Europe/Asia,0.771,0.712,2.433,70.09,2.47,127.2269,1.07,40.0,38.3,27.2,0,No Event,0.09,High,10.0,0.7765000000000001,0.061271970482945,0.77,68.46,0,2025,3,1,12,0
2025-03-24,Russia,Europe/Asia,0.767,0.695,1.996,68.14,3.66,130.8276,3.36,45.7,50.8,26.4,0,No Event,-0.44,High,10.0,0.77775,0.0595454085030179,0.771,70.09,0,2025,3,1,13,0
2025-03-31,Russia,Europe/Asia,0.797,0.678,2.179,68.34,3.41,128.4975,1.08,70.3,55.4,27.5,0,No Event,-0.35,High,10.0,0.77625,0.0569366721103846,0.767,68.14,0,2025,3,1,14,0
2025-04-07,Russia,Europe/Asia,0.777,0.697,2.077,70.12,2.88,127.4088,1.2,68.9,45.1,25.9,0,No Event,0.37,High,10.0,0.778,0.0527202415098204,0.797,68.34,0,2025,4,2,15,0
2025-04-14,Russia,Europe/Asia,0.752,0.668,2.154,66.79,2.42,127.5592,3.59,56.1,54.6,29.4,0,No Event,-0.51,High,10.0,0.77325,0.0499374465394708,0.777,70.12,0,2025,4,2,16,0
2025-04-21,Russia,Europe/Asia,0.757,0.684,1.686,67.73,2.46,130.3811,0.05,48.8,50.1,29.0,0,No Event,-0.08,High,10.0,0.77075,0.049451298914601,0.752,66.79,0,2025,4,2,17,0
2025-04-28,Russia,Europe/Asia,0.797,0.727,2.305,70.81,2.81,127.7494,2.02,48.6,30.0,21.3,0,No Event,0.37,High,10.0,0.77075,0.0508670755694964,0.757,67.73,0,2025,4,2,18,0
2025-05-05,Russia,Europe/Asia,0.767,0.697,2.374,68.49,3.02,129.1563,-0.7,23.8,36.3,27.1,0,No Event,-0.51,High,10.0,0.76825,0.0345798844102672,0.797,70.81,1,2025,5,2,19,0
2025-05-12,Russia,Europe/Asia,0.807,0.718,2.345,70.95,3.15,128.9515,3.58,66.4,45.6,26.8,0,No Event,0.63,High,10.0,0.782,0.036644210048633,0.767,68.49,0,2025,5,2,20,0
2025-05-19,Russia,Europe/Asia,0.733,0.674,1.919,63.66,3.97,128.4156,0.12,51.6,41.9,27.2,0,No Event,0.66,High,10.0,0.776,0.0458533222741055,0.807,70.95,0,2025,5,2,21,0
2025-05-26,Russia,Europe/Asia,0.749,0.669,1.645,66.28,3.28,128.5107,2.9,56.5,40.0,20.4,0,No Event,-0.19,High,10.0,0.764,0.0431486968025377,0.733,63.66,0,2025,5,2,22,0
2025-06-02,Russia,Europe/Asia,0.722,0.665,1.689,66.4,3.08,125.8351,-0.54,58.4,61.1,25.7,0,No Event,0.07,High,10.0,0.75275,0.0427870246016966,0.749,66.28,0,2025,6,2,23,0
2025-06-09,Russia,Europe/Asia,0.656,0.592,1.7,57.3,2.39,130.0153,1.91,48.2,48.0,28.1,0,No Event,-0.21,High,10.0,0.715,0.049490590251668,0.722,66.4,0,2025,6,2,24,0
2025-06-16,Russia,Europe/Asia,0.699,0.636,1.934,61.28,3.16,131.2381,2.46,78.0,47.7,22.7,0,No Event,-0.63,High,10.0,0.7064999999999999,0.0543761944259382,0.656,57.3,0,2025,6,2,25,0
2025-06-23,Russia,Europe/Asia,0.684,0.639,2.108,62.23,3.35,130.031,0.7,53.3,38.8,28.0,0,No Event,-0.18,High,10.0,0.69025,0.0525553658365156,0.699,61.28,0,2025,6,2,26,0
2025-06-30,Russia,Europe/Asia,0.652,0.606,1.812,58.44,3.41,129.0515,4.72,38.3,42.8,23.3,0,No Event,0.5,High,10.0,0.67275,0.0534356422051582,0.684,62.23,1,2025,6,2,27,0
2025-07-07,Russia,Europe/Asia,0.679,0.634,1.942,60.65,2.37,125.1923,1.89,59.2,43.3,24.8,0,No Event,-0.19,High,10.0,0.6785000000000001,0.055249573062647,0.652,58.44,0,2025,7,3,28,0
2025-07-14,Russia,Europe/Asia,0.627,0.574,1.5,55.19,3.36,126.0284,3.21,59.0,49.2,24.2,0,No Event,-0.43,High,10.0,0.6605000000000001,0.0585020426408469,0.679,60.65,0,2025,7,3,29,0
2025-07-21,Russia,Europe/Asia,0.637,0.585,1.859,56.59,2.11,127.8276,2.15,38.0,26.7,27.5,0,No Event,0.29,High,10.0,0.64875,0.0555667035088485,0.627,55.19,0,2025,7,3,30,0
2025-07-28,Russia,Europe/Asia,0.64,0.593,1.51,56.53,3.6,126.8868,1.67,48.9,52.0,21.1,0,No Event,0.55,High,10.0,0.64575,0.0554856516328252,0.637,56.59,0,2025,7,3,31,0
2025-08-04,Russia,Europe/Asia,0.634,0.596,1.922,57.4,2.48,128.0148,4.12,49.4,46.9,21.5,0,No Event,0.81,High,10.0,0.6345000000000001,0.0515687893633378,0.64,56.53,0,2025,8,3,32,0
2025-08-11,Russia,Europe/Asia,0.641,0.586,1.514,56.52,3.75,125.3231,3.13,51.1,49.5,23.4,0,No Event,0.41,High,10.0,0.638,0.0466326758900422,0.634,57.4,0,2025,8,3,33,0
2025-08-18,Russia,Europe/Asia,0.589,0.544,1.547,52.75,3.83,125.799,-0.08,45.5,46.2,29.5,0,No Event,0.39,High,10.0,0.626,0.0496009160403149,0.641,56.52,0,2025,8,3,34,0
2025-08-25,Russia,Europe/Asia,0.591,0.533,1.5,52.88,2.78,127.1683,1.46,46.2,57.4,27.8,0,No Event,0.33,High,10.0,0.61375,0.0496520310832172,0.589,52.75,0,2025,8,3,35,0
2025-09-01,Russia,Europe/Asia,0.573,0.518,1.5,51.26,2.86,124.9482,1.65,45.0,60.2,20.8,0,No Event,0.44,High,10.0,0.5985,0.0439591804615417,0.591,52.88,0,2025,9,3,36,0
2025-09-08,Russia,Europe/Asia,0.56,0.517,1.5,50.43,2.87,126.3946,1.82,37.1,35.0,23.3,0,No Event,0.63,High,10.0,0.5782499999999999,0.0369351512539157,0.573,51.26,0,2025,9,3,37,0
2025-09-15,Russia,Europe/Asia,0.565,0.519,1.5,52.36,3.25,124.7417,-0.53,44.0,56.6,27.3,0,No Event,0.11,High,10.0,0.5722499999999999,0.0376853499048919,0.56,50.43,0,2025,9,3,38,0
2025-09-22,Russia,Europe/Asia,0.567,0.533,1.79,50.48,3.78,127.3256,2.25,53.5,44.7,24.1,0,No Event,0.51,High,10.0,0.5662499999999999,0.0366280300827801,0.565,52.36,0,2025,9,3,39,0
2025-09-29,Russia,Europe/Asia,0.565,0.501,1.625,50.53,3.03,124.0776,1.0,39.4,58.2,21.1,0,No Event,-0.28,High,10.0,0.5642499999999999,0.032896505469504,0.567,50.48,1,2025,9,3,40,0
2025-10-06,Russia,Europe/Asia,0.614,0.539,1.799,55.31,3.06,127.8926,0.5,39.7,49.1,27.1,0,No Event,0.08,High,10.0,0.57775,0.0382971736893547,0.565,50.53,1,2025,10,4,41,0
2025-10-13,Russia,Europe/Asia,0.614,0.553,1.922,53.59,3.78,125.9731,1.26,48.0,59.0,20.5,0,No Event,0.22,High,10.0,0.59,0.0379276852413541,0.614,55.31,0,2025,10,4,42,0
2025-10-20,Russia,Europe/Asia,0.57,0.537,1.585,51.5,2.24,124.9929,0.61,49.8,51.2,24.9,0,No Event,-0.37,High,10.0,0.59075,0.0427293321812037,0.614,53.59,0,2025,10,4,43,0
2025-10-27,Russia,Europe/Asia,0.592,0.568,1.5,54.44,3.99,127.6833,3.66,41.3,55.8,23.7,0,No Event,0.37,High,10.0,0.5974999999999999,0.0448582472356835,0.57,51.5,0,2025,10,4,44,0
2025-11-03,Russia,Europe/Asia,0.625,0.552,1.5,54.88,3.13,124.1589,0.47,52.7,67.8,26.7,0,No Event,-0.75,High,10.0,0.60025,0.0480342163147196,0.592,54.44,0,2025,11,4,45,0
2025-11-10,Russia,Europe/Asia,0.584,0.508,1.566,51.74,3.32,128.3742,2.36,39.7,54.2,22.9,0,No Event,-0.1,High,10.0,0.59275,0.0458404874720323,0.625,54.88,1,2025,11,4,46,0
2025-11-17,Russia,Europe/Asia,0.615,0.53,1.5,54.2,3.72,124.9275,3.24,40.9,62.2,27.6,0,No Event,1.45,High,10.0,0.604,0.0483270104966408,0.584,51.74,0,2025,11,4,47,0
2025-11-24,Russia,Europe/Asia,0.586,0.551,1.555,52.95,3.03,127.0219,3.92,52.5,40.9,28.9,0,No Event,-0.57,High,10.0,0.6025,0.0496440079457474,0.615,54.2,0,2025,11,4,48,0
2025-12-01,Russia,Europe/Asia,0.637,0.576,1.608,55.65,3.36,127.8593,2.7,42.6,55.9,25.8,0,No Event,0.07,High,10.0,0.6054999999999999,0.0543625900999985,0.586,52.95,0,2025,12,4,49,0
2025-12-08,Russia,Europe/Asia,0.662,0.587,1.894,57.95,2.4,127.8668,1.49,37.6,44.5,24.8,0,No Event,0.29,High,10.0,0.625,0.0549015094334814,0.637,55.65,1,2025,12,4,50,0
2025-12-15,Russia,Europe/Asia,0.698,0.645,2.05,62.2,3.61,128.2425,1.15,47.3,58.3,24.5,0,No Event,0.45,High,10.0,0.64575,0.0559169402088519,0.662,57.95,0,2025,12,4,51,0
2025-12-22,Russia,Europe/Asia,0.69,0.621,2.013,61.26,3.21,127.7015,1.88,49.9,66.0,20.9,0,No Event,0.55,High,10.0,0.67175,0.0562521977375437,0.698,62.2,0,2025,12,4,52,0
2025-12-29,Russia,Europe/Asia,0.694,0.646,2.203,62.28,3.97,130.7574,1.35,59.2,52.0,29.3,0,No Event,0.92,High,10.0,0.6859999999999999,0.051984974935691,0.69,61.26,0,2025,12,4,1,0
2026-01-05,Russia,Europe/Asia,0.701,0.63,1.747,62.42,2.75,127.7305,2.53,48.1,52.3,22.0,0,No Event,0.06,High,10.0,0.69575,0.0518635308221907,0.694,62.28,0,2026,1,1,2,0
2026-01-12,Russia,Europe/Asia,0.687,0.61,1.898,61.9,3.16,126.598,1.82,53.3,46.5,29.1,0,No Event,-0.3,High,10.0,0.6930000000000001,0.0460762216602766,0.701,62.42,0,2026,1,1,3,0
2026-01-19,Russia,Europe/Asia,0.753,0.683,2.341,66.93,2.63,128.6825,1.56,57.4,55.5,27.1,0,No Event,-0.42,High,10.0,0.70875,0.0512605029327619,0.687,61.9,0,2026,1,1,4,0
2026-01-26,Russia,Europe/Asia,0.756,0.716,2.447,69.76,2.35,130.9242,3.02,62.3,59.0,22.1,0,No Event,0.36,High,10.0,0.7242500000000001,0.0502796844905706,0.753,66.93,0,2026,1,1,5,0
2026-02-02,Russia,Europe/Asia,0.715,0.635,1.575,62.97,3.26,128.2855,0.28,52.5,45.9,23.1,0,No Event,-0.43,High,10.0,0.72775,0.0486604886071058,0.756,69.76,0,2026,2,1,6,0
2026-02-09,Russia,Europe/Asia,0.862,0.732,2.187,72.15,2.33,126.8607,1.44,54.8,44.3,21.5,0,No Event,-0.39,High,10.0,0.7715000000000001,0.0726429928481477,0.715,62.97,0,2026,2,1,7,0
2026-02-16,Russia,Europe/Asia,0.816,0.724,2.467,71.33,3.37,131.1531,1.76,62.9,63.1,23.1,0,No Event,-0.26,High,10.0,0.78725,0.0732680764154693,0.862,72.15,0,2026,2,1,8,0
2026-02-23,Russia,Europe/Asia,0.803,0.713,1.743,69.82,2.06,129.9501,2.4,51.2,50.0,24.1,0,No Event,-1.15,High,10.0,0.7989999999999999,0.0720342731696702,0.816,71.33,0,2026,2,1,9,0
2026-03-02,Russia,Europe/Asia,0.761,0.692,2.46,69.67,3.56,129.7574,0.47,49.2,35.7,20.8,0,No Event,0.24,High,10.0,0.8105,0.074800008452688,0.803,69.82,0,2026,3,1,10,0
2026-03-09,Russia,Europe/Asia,0.874,0.816,2.584,77.32,3.34,129.1463,4.26,43.8,45.5,29.2,0,No Event,-0.14,High,10.0,0.8135,0.0838038386763299,0.761,69.67,0,2026,3,1,11,0
2026-03-16,Russia,Europe/Asia,0.781,0.692,2.459,69.31,3.19,129.2128,0.97,37.8,47.6,20.3,0,No Event,1.44,High,10.0,0.8047500000000001,0.0913792187950819,0.874,77.32,1,2026,3,1,12,0
2026-03-23,Russia,Europe/Asia,0.805,0.751,2.529,72.4,2.83,130.152,2.29,64.4,44.5,24.2,0,No Event,0.15,High,10.0,0.80525,0.0914595615299528,0.781,69.31,0,2026,3,1,13,0
2015-01-05,South Africa,Africa,0.608,0.559,1.5,50.27,2.55,14.881,2.14,50.2,52.3,24.2,0,No Event,0.09,Medium,18.0,0.608,0.0267785018494686,0.608,50.27,0,2015,1,1,2,0
2015-01-12,South Africa,Africa,0.633,0.584,1.5,51.23,1.86,14.8605,0.69,54.7,60.8,28.5,0,No Event,-0.16,Medium,18.0,0.6205,0.0267785018494686,0.608,50.27,0,2015,1,1,3,0
2015-01-19,South Africa,Africa,0.683,0.654,1.78,55.61,2.23,15.1247,4.18,60.5,68.5,27.8,0,No Event,0.19,Medium,18.0,0.6413333333333333,0.0267785018494686,0.633,51.23,0,2015,1,1,4,0
2015-01-26,South Africa,Africa,0.71,0.65,1.931,57.92,2.26,15.002,0.71,47.4,65.5,23.1,0,No Event,-0.48,Medium,18.0,0.6585,0.0223367637065492,0.683,55.61,0,2015,1,1,5,0
2015-02-02,South Africa,Africa,0.665,0.624,1.585,54.82,0.99,15.1242,1.88,56.3,66.6,21.7,0,No Event,-0.25,Medium,18.0,0.67275,0.0610828611523804,0.71,57.92,0,2015,2,1,6,0
2015-02-09,South Africa,Africa,0.67,0.627,1.904,53.36,1.65,14.7625,0.36,70.2,51.2,27.8,0,No Event,0.22,Medium,18.0,0.6819999999999999,0.0534143232528364,0.665,54.82,0,2015,2,1,7,0
2015-02-16,South Africa,Africa,0.713,0.653,1.625,58.77,2.13,14.7873,1.94,36.9,51.5,30.0,0,No Event,-0.49,Medium,18.0,0.6895,0.050958224021275,0.67,53.36,1,2015,2,1,8,0
2015-02-23,South Africa,Africa,0.715,0.642,1.792,57.87,2.72,15.4329,1.63,54.4,57.2,20.8,0,No Event,-0.52,Medium,18.0,0.69075,0.0474824379928622,0.713,58.77,0,2015,2,1,9,0
2015-03-02,South Africa,Africa,0.677,0.623,1.806,56.54,2.22,14.9546,-0.09,47.6,68.7,21.9,0,No Event,-0.33,Medium,18.0,0.6937500000000001,0.0518081219112986,0.715,57.87,0,2015,3,1,10,0
2015-03-09,South Africa,Africa,0.772,0.647,1.667,59.63,2.03,15.1651,3.74,47.1,65.8,25.9,0,No Event,0.25,Medium,18.0,0.7192500000000001,0.0640471291809841,0.677,56.54,0,2015,3,1,11,0
2015-03-16,South Africa,Africa,0.74,0.683,1.5,59.69,3.31,15.1976,3.83,63.6,47.1,23.0,0,No Event,-0.22,Medium,18.0,0.726,0.0643257695867848,0.772,59.63,0,2015,3,1,12,0
2015-03-23,South Africa,Africa,0.739,0.66,1.5,58.93,2.04,15.0447,2.29,51.9,55.6,24.3,0,No Event,0.51,Medium,18.0,0.7320000000000001,0.0614175550162198,0.74,59.69,0,2015,3,1,13,0
2015-03-30,South Africa,Africa,0.782,0.685,2.183,61.41,1.43,15.0182,0.88,61.8,42.9,23.3,0,No Event,0.37,Medium,18.0,0.7582500000000001,0.0596116180639171,0.739,58.93,0,2015,3,1,14,0
2015-04-06,South Africa,Africa,0.676,0.631,1.952,54.97,1.26,15.1348,-2.99,54.6,45.9,23.0,0,No Event,0.15,Medium,18.0,0.7342500000000001,0.0746013762777029,0.782,61.41,0,2015,4,2,15,0
2015-04-13,South Africa,Africa,0.663,0.628,1.653,56.33,1.58,14.9127,0.8,44.6,55.4,25.8,0,No Event,0.06,Medium,18.0,0.715,0.0714320499970803,0.676,54.97,0,2015,4,2,16,0
2015-04-20,South Africa,Africa,0.73,0.658,1.549,59.62,2.35,15.1712,1.35,48.0,56.1,25.4,0,No Event,-0.33,Medium,18.0,0.71275,0.0765613549816167,0.663,56.33,0,2015,4,2,17,0
2015-04-27,South Africa,Africa,0.731,0.677,1.5,58.69,1.68,15.178,2.65,53.5,51.7,25.0,0,No Event,1.22,Medium,18.0,0.7,0.0735257596945799,0.73,59.62,0,2015,4,2,18,0
2015-05-04,South Africa,Africa,0.773,0.7,1.839,62.94,1.4,15.2265,0.92,58.5,34.5,25.2,0,No Event,0.92,Medium,18.0,0.72425,0.074751266316454,0.731,58.69,0,2015,5,2,19,0
2015-05-11,South Africa,Africa,0.704,0.655,1.82,57.57,2.14,15.0264,3.28,58.9,49.7,23.2,0,No Event,0.66,Medium,18.0,0.7344999999999999,0.0785195191970701,0.773,62.94,0,2015,5,2,20,0
2015-05-18,South Africa,Africa,0.671,0.596,1.759,53.32,2.09,15.0214,1.28,49.0,35.7,22.3,0,No Event,0.36,Medium,18.0,0.71975,0.0797597353074393,0.704,57.57,0,2015,5,2,21,0
2015-05-25,South Africa,Africa,0.745,0.67,1.946,58.84,2.55,14.8487,3.52,52.0,56.9,26.4,0,No Event,-0.55,Medium,18.0,0.7232500000000001,0.0841348316360844,0.671,53.32,0,2015,5,2,22,0
2015-06-01,South Africa,Africa,0.667,0.606,1.833,54.58,2.03,15.0851,3.29,60.5,46.3,24.2,0,No Event,0.15,Medium,18.0,0.69675,0.079569368419482,0.745,58.84,0,2015,6,2,23,0
2015-06-08,South Africa,Africa,0.685,0.614,1.919,54.97,1.16,15.1876,3.71,42.7,41.6,21.7,0,No Event,0.34,Medium,18.0,0.6920000000000001,0.0794980722999813,0.667,54.58,0,2015,6,2,24,0
2015-06-15,South Africa,Africa,0.631,0.57,1.793,50.24,1.61,15.0741,3.24,43.9,55.0,23.9,0,No Event,0.15,Medium,18.0,0.682,0.0824037705892388,0.685,54.97,0,2015,6,2,25,0
2015-06-22,South Africa,Africa,0.656,0.58,1.692,51.69,2.35,15.0591,3.29,55.7,55.0,28.3,0,No Event,0.56,Medium,18.0,0.6597500000000001,0.0811737181413865,0.631,50.24,0,2015,6,2,26,0
2015-06-29,South Africa,Africa,0.63,0.561,1.512,51.96,2.14,15.3252,2.08,59.3,44.7,26.2,0,No Event,-0.2,Medium,18.0,0.6505000000000001,0.0720556948125488,0.656,51.69,0,2015,6,2,27,0
2015-07-06,South Africa,Africa,0.621,0.558,1.5,49.25,2.24,14.9993,2.52,60.9,57.0,26.3,0,No Event,-0.26,Medium,18.0,0.6345000000000001,0.0719715192223437,0.63,51.96,0,2015,7,3,28,0
2015-07-13,South Africa,Africa,0.637,0.57,1.5,50.88,1.22,14.9106,1.08,48.7,42.5,26.2,0,No Event,-0.43,Medium,18.0,0.636,0.0650147238133122,0.621,49.25,0,2015,7,3,29,0
2015-07-20,South Africa,Africa,0.556,0.502,1.5,45.18,2.31,14.9822,0.18,54.2,41.0,22.5,0,No Event,-0.39,Medium,18.0,0.611,0.0731656525529463,0.637,50.88,0,2015,7,3,30,0
2015-07-27,South Africa,Africa,0.554,0.546,1.5,46.4,2.24,14.9026,2.4,48.4,41.4,28.4,0,No Event,-0.14,Medium,18.0,0.5920000000000001,0.069306918911938,0.556,45.18,0,2015,7,3,31,0
2015-08-03,South Africa,Africa,0.553,0.514,1.5,44.43,1.28,14.9747,2.02,47.7,60.4,27.2,0,No Event,-0.71,Medium,18.0,0.5750000000000001,0.0664922955380014,0.554,46.4,0,2015,8,3,32,0
2015-08-10,South Africa,Africa,0.6,0.554,1.5,49.58,1.79,14.981,5.48,53.2,42.0,22.3,0,No Event,0.04,Medium,18.0,0.5657500000000001,0.071933637644973,0.553,44.43,0,2015,8,3,33,0
2015-08-17,South Africa,Africa,0.549,0.49,1.5,43.54,1.72,14.7659,2.48,45.0,42.8,23.0,0,No Event,-0.18,Medium,18.0,0.5640000000000001,0.0647532583896754,0.6,49.58,0,2015,8,3,34,0
2015-08-24,South Africa,Africa,0.498,0.46,1.5,40.85,2.07,14.7145,2.84,49.1,47.2,23.2,0,No Event,0.28,Medium,18.0,0.55,0.0634789725072741,0.549,43.54,0,2015,8,3,35,0
2015-08-31,South Africa,Africa,0.544,0.505,1.5,44.58,1.55,14.6807,2.25,43.2,44.6,24.4,0,No Event,-0.5,Medium,18.0,0.54775,0.0704982013639295,0.498,40.85,0,2015,8,3,36,0
2015-09-07,South Africa,Africa,0.503,0.447,1.5,39.92,1.03,14.956,0.35,47.9,52.1,25.9,0,No Event,0.35,Medium,18.0,0.5235,0.0702272220663807,0.544,44.58,0,2015,9,3,37,0
2015-09-14,South Africa,Africa,0.564,0.483,1.5,44.36,0.7,15.0567,0.94,40.1,45.9,25.3,0,No Event,-0.05,Medium,18.0,0.52725,0.0794944742251573,0.503,39.92,0,2015,9,3,38,0
2015-09-21,South Africa,Africa,0.482,0.44,1.5,38.66,1.89,14.9691,0.96,42.1,38.9,25.6,0,No Event,-0.1,Medium,18.0,0.52325,0.0884797700734041,0.564,44.36,0,2015,9,3,39,0
2015-09-28,South Africa,Africa,0.443,0.389,1.5,36.46,2.13,14.999,2.0,36.9,42.3,23.8,0,No Event,0.77,Medium,18.0,0.498,0.0902687932737321,0.482,38.66,1,2015,9,3,40,0
2015-10-05,South Africa,Africa,0.513,0.486,1.5,42.14,2.0,15.0217,2.83,48.5,47.1,23.7,0,No Event,-0.18,Medium,18.0,0.5005,0.1039326528451833,0.443,36.46,0,2015,10,4,41,0
2015-10-12,South Africa,Africa,0.524,0.473,1.5,42.45,2.7,14.6538,3.17,52.9,48.1,28.2,0,No Event,0.97,Medium,18.0,0.4905,0.0977580637879429,0.513,42.14,0,2015,10,4,42,0
2015-10-19,South Africa,Africa,0.533,0.479,1.5,42.26,2.4,15.1049,2.7,64.6,51.9,25.1,0,No Event,0.1,Medium,18.0,0.50325,0.0978834888706298,0.524,42.45,0,2015,10,4,43,0
2015-10-26,South Africa,Africa,0.5,0.46,1.5,40.9,2.1,14.7845,1.76,29.3,66.2,26.3,0,No Event,-0.67,Medium,18.0,0.5175,0.0995723076943671,0.533,42.26,1,2015,10,4,44,0
2015-11-02,South Africa,Africa,0.52,0.473,1.5,42.42,1.75,14.8133,0.68,47.3,51.0,20.3,0,No Event,-0.22,Medium,18.0,0.51925,0.0967294226213825,0.5,40.9,0,2015,11,4,45,0
2015-11-09,South Africa,Africa,0.501,0.449,1.5,39.52,1.97,14.6166,-0.49,44.5,42.2,25.5,0,No Event,-0.01,Medium,18.0,0.5135000000000001,0.0941823252166293,0.52,42.42,0,2015,11,4,46,0
2015-11-16,South Africa,Africa,0.516,0.468,1.5,41.9,2.97,14.8868,1.32,48.0,55.0,22.1,0,No Event,0.26,Medium,18.0,0.50925,0.0901805487110568,0.501,39.52,0,2015,11,4,47,0
2015-11-23,South Africa,Africa,0.53,0.491,1.5,42.64,1.76,14.7956,3.58,35.0,49.9,22.4,0,No Event,0.09,Medium,18.0,0.51675,0.0864333788340124,0.516,41.9,1,2015,11,4,48,0
2015-11-30,South Africa,Africa,0.588,0.527,1.5,46.74,1.9,15.0041,-0.09,43.0,52.2,24.5,0,No Event,-0.07,Medium,18.0,0.5337500000000001,0.0879928087488811,0.53,42.64,0,2015,11,4,49,0
2015-12-07,South Africa,Africa,0.599,0.553,1.5,48.04,1.79,14.9104,1.24,44.8,61.5,23.7,0,No Event,0.11,Medium,18.0,0.55825,0.0816585794674517,0.588,46.74,0,2015,12,4,50,0
2015-12-14,South Africa,Africa,0.517,0.478,1.5,42.73,1.76,14.9477,2.72,54.2,55.3,27.0,0,No Event,-0.12,Medium,18.0,0.5585,0.0802313692674472,0.599,48.04,0,2015,12,4,51,0
2015-12-21,South Africa,Africa,0.604,0.551,1.5,49.55,1.77,14.9952,1.7,52.8,67.4,22.7,0,No Event,-1.06,Medium,18.0,0.577,0.0868743736948049,0.517,42.73,0,2015,12,4,52,0
2015-12-28,South Africa,Africa,0.628,0.551,1.5,49.39,2.37,14.9321,0.38,46.6,63.6,28.5,0,No Event,0.4,Medium,18.0,0.587,0.0771405108692583,0.604,49.55,0,2015,12,4,53,0
2016-01-04,South Africa,Africa,0.612,0.555,1.5,49.09,2.37,15.061,3.83,38.3,71.9,20.3,0,No Event,0.13,Medium,18.0,0.59025,0.0782260939853643,0.628,49.39,1,2016,1,1,1,0
2016-01-11,South Africa,Africa,0.662,0.597,1.849,53.56,1.49,15.1668,2.15,53.2,62.5,20.2,0,No Event,0.85,Medium,18.0,0.6265000000000001,0.0805135032210898,0.612,49.09,0,2016,1,1,2,0
2016-01-18,South Africa,Africa,0.667,0.593,1.868,52.6,1.58,14.797,3.92,54.5,43.5,23.3,0,No Event,-0.72,Medium,18.0,0.64225,0.0763879718322591,0.662,53.56,0,2016,1,1,3,0
2016-01-25,South Africa,Africa,0.729,0.649,1.922,56.7,1.96,15.2365,2.06,52.9,45.9,21.0,0,No Event,-0.39,Medium,18.0,0.6675,0.0787039041367127,0.667,52.6,0,2016,1,1,4,0
2016-02-01,South Africa,Africa,0.67,0.608,1.797,53.02,1.61,15.0098,2.5,61.3,57.2,27.9,0,No Event,0.14,Medium,18.0,0.6819999999999999,0.0831067619847422,0.729,56.7,0,2016,2,1,5,0
2016-02-08,South Africa,Africa,0.704,0.645,1.529,56.39,1.63,14.8774,1.78,37.3,43.1,24.8,0,No Event,0.04,Medium,18.0,0.6925,0.0833748685503466,0.67,53.02,1,2016,2,1,6,0
2016-02-15,South Africa,Africa,0.723,0.656,1.956,58.86,1.86,15.0515,4.1,59.3,46.9,28.1,0,No Event,-0.5,Medium,18.0,0.7064999999999999,0.0833752345550797,0.704,56.39,0,2016,2,1,7,0
2016-02-22,South Africa,Africa,0.726,0.654,1.747,59.54,2.29,14.9262,3.37,56.5,41.6,23.7,0,No Event,0.0,Medium,18.0,0.70575,0.0796435128561003,0.723,58.86,0,2016,2,1,8,0
2016-02-29,South Africa,Africa,0.699,0.639,1.969,57.67,2.52,15.1103,3.12,41.7,47.1,29.0,0,No Event,0.06,Medium,18.0,0.7129999999999999,0.0813815723510321,0.726,59.54,0,2016,2,1,9,0
2016-03-07,South Africa,Africa,0.708,0.623,1.651,57.29,1.54,15.2725,2.34,61.9,44.7,29.9,0,No Event,-0.25,Medium,18.0,0.714,0.0657999817746888,0.699,57.67,0,2016,3,1,10,0
2016-03-14,South Africa,Africa,0.742,0.676,1.71,59.03,0.99,15.3914,3.34,50.0,51.0,24.6,0,No Event,-0.55,Medium,18.0,0.71875,0.04977360539243,0.708,57.29,0,2016,3,1,11,0
2016-03-21,South Africa,Africa,0.739,0.654,2.068,58.81,2.13,14.9914,0.34,46.3,31.1,29.6,0,No Event,-0.45,Medium,18.0,0.722,0.0496741020201459,0.742,59.03,0,2016,3,1,12,0
2016-03-28,South Africa,Africa,0.769,0.714,1.85,62.44,2.44,14.989,1.72,59.1,59.6,26.5,0,No Event,-0.27,Medium,18.0,0.7395,0.048453162895441,0.739,58.81,0,2016,3,1,13,0
2016-04-04,South Africa,Africa,0.81,0.708,2.024,62.54,1.68,15.0232,3.6,51.5,49.9,29.6,0,No Event,-0.22,Medium,18.0,0.765,0.0458029152808834,0.769,62.44,0,2016,4,2,14,0
2016-04-11,South Africa,Africa,0.729,0.661,2.066,59.36,2.05,15.1372,4.5,52.0,54.1,22.9,0,No Event,0.25,Medium,18.0,0.76175,0.057136642009171,0.81,62.54,0,2016,4,2,15,0
2016-04-18,South Africa,Africa,0.787,0.717,1.988,63.96,2.49,15.2438,0.12,59.3,55.3,27.1,0,No Event,0.08,Medium,18.0,0.77375,0.0554527783433354,0.729,59.36,0,2016,4,2,16,0
2016-04-25,South Africa,Africa,0.754,0.667,2.033,58.92,2.42,15.1966,1.22,57.8,48.9,25.7,0,No Event,0.54,Medium,18.0,0.77,0.0507174738277415,0.787,63.96,0,2016,4,2,17,0
2016-05-02,South Africa,Africa,0.746,0.677,1.5,60.41,2.32,15.2596,2.96,48.5,44.8,21.5,0,No Event,0.23,Medium,18.0,0.754,0.0494327326297655,0.754,58.92,0,2016,5,2,18,0
2016-05-09,South Africa,Africa,0.744,0.671,1.563,59.97,2.45,15.2465,1.81,57.0,40.6,27.3,0,No Event,-0.63,Medium,18.0,0.7577499999999999,0.0490266245057984,0.746,60.41,0,2016,5,2,19,0
2016-05-16,South Africa,Africa,0.789,0.72,1.817,63.69,2.2,15.3508,0.12,45.9,44.2,24.0,0,No Event,0.04,Medium,18.0,0.75825,0.051717221031173,0.744,59.97,0,2016,5,2,20,0
2016-05-23,South Africa,Africa,0.71,0.652,1.964,57.92,2.4,15.1404,-1.81,43.9,52.0,28.6,0,No Event,0.03,Medium,18.0,0.74725,0.0593645947701047,0.789,63.69,0,2016,5,2,21,0
2016-05-30,South Africa,Africa,0.752,0.685,2.001,60.64,1.4,14.7571,0.66,49.4,38.7,27.4,0,No Event,-0.26,Medium,18.0,0.74875,0.0615313836316365,0.71,57.92,0,2016,5,2,22,0
2016-06-06,South Africa,Africa,0.646,0.563,1.5,51.83,3.19,14.7512,1.6,45.7,57.8,28.6,0,No Event,-0.19,Medium,18.0,0.7242500000000001,0.0731179121096648,0.752,60.64,0,2016,6,2,23,0
2016-06-13,South Africa,Africa,0.72,0.631,1.57,57.12,1.89,15.0998,3.5,54.2,42.5,24.4,0,No Event,-0.21,Medium,18.0,0.7070000000000001,0.0813866859497059,0.646,51.83,0,2016,6,2,24,0
2016-06-20,South Africa,Africa,0.665,0.581,1.5,53.34,1.92,14.9329,1.26,48.8,46.5,29.5,0,No Event,0.21,Medium,18.0,0.6957500000000001,0.0831919783401292,0.72,57.12,0,2016,6,2,25,0
2016-06-27,South Africa,Africa,0.651,0.57,1.5,51.12,2.71,14.9393,4.45,44.7,38.7,27.4,0,No Event,0.49,Medium,18.0,0.6705,0.0808817558133415,0.665,53.34,0,2016,6,2,26,0
2016-07-04,South Africa,Africa,0.668,0.605,1.898,53.43,2.08,14.9436,6.29,53.9,41.9,23.0,0,No Event,0.95,Medium,18.0,0.676,0.0769299148998711,0.651,51.12,0,2016,7,3,27,0
2016-07-11,South Africa,Africa,0.583,0.538,1.5,47.6,2.27,15.1123,2.91,52.1,44.9,23.6,0,No Event,0.23,Medium,18.0,0.64175,0.0795101285056253,0.668,53.43,0,2016,7,3,28,0
2016-07-18,South Africa,Africa,0.632,0.57,1.5,49.61,2.48,15.1251,2.28,66.5,38.5,21.2,0,No Event,-1.68,Medium,18.0,0.6335,0.0847441741203589,0.583,47.6,0,2016,7,3,29,0
2016-07-25,South Africa,Africa,0.599,0.539,1.699,48.77,2.32,15.0064,2.95,53.0,29.1,26.4,0,No Event,-0.18,Medium,18.0,0.6205,0.0855638093788778,0.632,49.61,0,2016,7,3,30,0
2016-08-01,South Africa,Africa,0.636,0.546,1.5,48.43,1.57,14.8639,2.54,51.8,50.4,29.7,0,No Event,0.35,Medium,18.0,0.6124999999999999,0.0883633532653736,0.599,48.77,0,2016,8,3,31,0
2016-08-08,South Africa,Africa,0.558,0.494,1.5,45.44,1.57,15.0088,4.12,44.9,44.9,26.5,0,No Event,0.07,Medium,18.0,0.6062500000000001,0.0909858847487874,0.636,48.43,0,2016,8,3,32,0
2016-08-15,South Africa,Africa,0.559,0.501,1.5,44.39,3.33,14.94,0.71,55.0,45.1,28.8,0,No Event,0.7,Medium,18.0,0.5880000000000001,0.0880009401063708,0.558,45.44,0,2016,8,3,33,0
2016-08-22,South Africa,Africa,0.53,0.475,1.5,42.55,2.13,14.9715,2.57,38.7,38.2,27.8,0,No Event,0.15,Medium,18.0,0.5707500000000001,0.0851616719534996,0.559,44.39,0,2016,8,3,34,0
2016-08-29,South Africa,Africa,0.529,0.498,1.5,43.88,1.89,14.9053,0.84,63.0,46.1,26.8,0,No Event,0.17,Medium,18.0,0.544,0.0770767812465176,0.53,42.55,0,2016,8,3,35,0
2016-09-05,South Africa,Africa,0.563,0.51,1.5,45.08,2.16,14.8247,1.48,47.3,41.8,21.2,0,No Event,0.05,Medium,18.0,0.54525,0.0705591164491189,0.529,43.88,0,2016,9,3,36,0
2016-09-12,South Africa,Africa,0.48,0.459,1.5,41.1,1.65,15.0011,1.95,54.6,54.9,20.4,0,No Event,0.23,Medium,18.0,0.5255,0.0784471714128854,0.563,45.08,0,2016,9,3,37,0
2016-09-19,South Africa,Africa,0.573,0.503,1.5,43.97,3.78,14.4641,0.2,50.0,57.6,24.2,0,No Event,-0.17,Medium,18.0,0.53625,0.1005420741376691,0.48,41.1,0,2016,9,3,38,0
2016-09-26,South Africa,Africa,0.514,0.485,1.5,41.77,1.73,14.5963,2.57,55.0,47.9,21.4,0,No Event,0.03,Medium,18.0,0.5325,0.1036551785683072,0.573,43.97,0,2016,9,3,39,0
2016-10-03,South Africa,Africa,0.542,0.492,1.505,44.28,1.37,14.7782,3.1,36.4,54.2,23.5,0,No Event,-0.39,Medium,18.0,0.52725,0.099219178883466,0.514,41.77,1,2016,10,4,40,0
2016-10-10,South Africa,Africa,0.518,0.452,1.5,41.4,1.9,15.0328,1.58,50.5,40.2,26.7,0,No Event,0.47,Medium,18.0,0.53675,0.0960155588263889,0.542,44.28,0,2016,10,4,41,0
2016-10-17,South Africa,Africa,0.524,0.478,1.5,41.6,2.42,14.7828,0.77,39.5,48.1,23.4,0,No Event,0.31,Medium,18.0,0.5245,0.0953667434889609,0.518,41.4,1,2016,10,4,42,0
2016-10-24,South Africa,Africa,0.542,0.48,1.5,42.95,1.6,14.7855,3.23,38.7,43.0,24.0,0,No Event,0.12,Medium,18.0,0.5315000000000001,0.0938875325851733,0.524,41.6,1,2016,10,4,43,0
2016-10-31,South Africa,Africa,0.518,0.461,1.5,41.48,2.89,14.8901,1.46,49.1,52.2,22.8,0,No Event,0.62,Medium,18.0,0.5255,0.0878115021357379,0.542,42.95,0,2016,10,4,44,0
2016-11-07,South Africa,Africa,0.552,0.494,1.5,44.41,2.56,15.0949,2.75,37.0,46.3,27.4,0,No Event,0.74,Medium,18.0,0.534,0.0900154306194801,0.518,41.48,1,2016,11,4,45,0
2016-11-14,South Africa,Africa,0.58,0.521,1.5,45.64,3.12,14.9335,2.38,53.2,49.6,22.1,0,No Event,-1.0,Medium,18.0,0.548,0.0892385901728581,0.552,44.41,0,2016,11,4,46,0
2016-11-21,South Africa,Africa,0.552,0.527,1.5,45.13,1.83,14.8626,1.27,47.1,51.4,28.9,0,No Event,-0.17,Medium,18.0,0.5505,0.0908455836516464,0.58,45.64,0,2016,11,4,47,0
2016-11-28,South Africa,Africa,0.558,0.503,1.5,46.04,2.48,14.9135,4.31,39.5,38.8,29.1,0,No Event,0.1,Medium,18.0,0.5605,0.0890919146027632,0.552,45.13,0,2016,11,4,48,0
2016-12-05,South Africa,Africa,0.546,0.492,1.5,43.56,2.25,15.2229,0.3,51.8,43.3,22.3,0,No Event,0.19,Medium,18.0,0.559,0.0762777887801013,0.558,46.04,0,2016,12,4,49,0
2016-12-12,South Africa,Africa,0.629,0.543,1.5,48.91,1.32,14.9495,2.31,46.8,46.5,29.1,0,No Event,0.03,Medium,18.0,0.57125,0.0677824444535429,0.546,43.56,0,2016,12,4,50,0
2016-12-19,South Africa,Africa,0.627,0.574,1.5,48.8,2.54,14.7482,3.52,51.6,63.8,29.9,0,No Event,0.26,Medium,18.0,0.5900000000000001,0.0581135050910841,0.629,48.91,0,2016,12,4,51,0
2016-12-26,South Africa,Africa,0.568,0.556,1.5,47.57,2.13,14.7712,1.89,39.1,49.2,23.3,0,No Event,-0.72,Medium,18.0,0.5925,0.0650859839785691,0.627,48.8,1,2016,12,4,52,0
2017-01-02,South Africa,Africa,0.61,0.536,1.5,48.24,2.68,14.9694,1.05,50.0,56.2,24.9,0,No Event,-0.36,Medium,18.0,0.6085,0.0657610004762689,0.568,47.57,0,2017,1,1,1,0
2017-01-09,South Africa,Africa,0.647,0.577,1.544,52.55,1.97,14.6987,4.57,38.9,67.1,25.5,0,No Event,0.43,Medium,18.0,0.613,0.0669993447052753,0.61,48.24,1,2017,1,1,2,0
2017-01-16,South Africa,Africa,0.717,0.609,2.0,56.9,1.9,14.9294,3.5,60.7,50.3,24.8,0,No Event,0.82,Medium,18.0,0.6355,0.0716900953515499,0.647,52.55,0,2017,1,1,3,0
2017-01-23,South Africa,Africa,0.695,0.613,1.975,56.24,1.92,15.0352,1.55,53.0,51.3,22.3,0,No Event,-0.05,Medium,18.0,0.6672499999999999,0.0705790219767397,0.717,56.9,0,2017,1,1,4,0
2017-01-30,South Africa,Africa,0.701,0.642,1.981,57.28,2.26,14.8558,2.41,69.5,41.8,23.4,0,No Event,-0.62,Medium,18.0,0.69,0.0696562375550041,0.695,56.24,0,2017,1,1,5,0
2017-02-06,South Africa,Africa,0.723,0.68,1.714,58.73,1.53,15.1176,-0.5,52.7,46.1,23.9,0,No Event,-0.23,Medium,18.0,0.7089999999999999,0.0691600828248937,0.701,57.28,0,2017,2,1,6,0
2017-02-13,South Africa,Africa,0.694,0.597,1.821,56.83,2.6,14.8906,2.25,54.0,66.3,25.4,0,No Event,0.1,Medium,18.0,0.7032499999999999,0.0684567621965378,0.723,58.73,0,2017,2,1,7,0
2017-02-20,South Africa,Africa,0.768,0.689,2.02,60.69,3.23,15.091,2.21,46.8,62.7,21.9,0,No Event,-0.21,Medium,18.0,0.7214999999999999,0.0725818515392989,0.694,56.83,0,2017,2,1,8,0
2017-02-27,South Africa,Africa,0.768,0.712,1.553,61.82,2.63,15.1137,3.83,52.7,52.0,29.0,0,No Event,0.33,Medium,18.0,0.7382500000000001,0.0714697410240757,0.768,60.69,0,2017,2,1,9,0
2017-03-06,South Africa,Africa,0.817,0.742,1.719,66.6,2.2,15.2644,3.53,46.0,45.6,26.5,0,No Event,0.16,Medium,18.0,0.76175,0.0617843764472717,0.768,61.82,0,2017,3,1,10,0
2017-03-13,South Africa,Africa,0.774,0.686,2.093,61.09,0.78,15.2531,-0.52,60.5,69.4,28.9,0,No Event,-0.76,Medium,18.0,0.78175,0.0652943784308537,0.817,66.6,0,2017,3,1,11,0
2017-03-20,South Africa,Africa,0.755,0.709,1.634,61.92,2.46,15.0511,3.05,50.5,47.6,27.3,0,No Event,-0.18,Medium,18.0,0.7785,0.0568166424466578,0.774,61.09,0,2017,3,1,12,0
2017-03-27,South Africa,Africa,0.721,0.663,2.025,58.52,1.82,15.4129,0.35,64.2,51.4,28.5,0,No Event,-0.12,Medium,18.0,0.76675,0.0579524641887113,0.755,61.92,0,2017,3,1,13,0
2017-04-03,South Africa,Africa,0.735,0.654,1.5,59.65,2.35,14.8236,-1.03,49.6,39.6,27.7,0,No Event,0.56,Medium,18.0,0.74625,0.056229997151341,0.721,58.52,0,2017,4,2,14,0
2017-04-10,South Africa,Africa,0.832,0.745,1.887,65.91,1.38,15.2968,0.97,70.8,55.3,27.5,0,No Event,0.18,Medium,18.0,0.76075,0.0602036581898934,0.735,59.65,0,2017,4,2,15,0
2017-04-17,South Africa,Africa,0.79,0.713,1.659,63.37,2.31,14.9389,3.94,53.9,50.0,20.0,0,No Event,0.29,Medium,18.0,0.7695000000000001,0.0617918267263797,0.832,65.91,0,2017,4,2,16,0
2017-04-24,South Africa,Africa,0.762,0.699,2.105,64.12,2.14,15.2246,-0.9,47.1,42.5,24.7,0,No Event,0.28,Medium,18.0,0.7797499999999999,0.0633282346068975,0.79,63.37,0,2017,4,2,17,0
2017-05-01,South Africa,Africa,0.731,0.664,1.5,58.6,2.68,15.0495,3.71,50.4,44.5,25.4,0,No Event,-0.51,Medium,18.0,0.77875,0.0643944447593422,0.762,64.12,0,2017,5,2,18,0
2017-05-08,South Africa,Africa,0.797,0.729,1.686,63.52,2.87,15.1164,1.49,51.5,45.8,26.6,0,No Event,0.21,Medium,18.0,0.77,0.067436316818649,0.731,58.6,0,2017,5,2,19,0
2017-05-15,South Africa,Africa,0.731,0.64,1.609,58.1,2.02,15.0736,4.67,44.1,53.8,24.0,0,No Event,-0.36,Medium,18.0,0.7552500000000001,0.06583532521163,0.797,63.52,0,2017,5,2,20,0
2017-05-22,South Africa,Africa,0.771,0.695,1.5,62.08,2.37,15.3,1.48,57.1,47.9,24.0,0,No Event,-0.44,Medium,18.0,0.7575000000000001,0.0678637569033843,0.731,58.1,0,2017,5,2,21,0
2017-05-29,South Africa,Africa,0.798,0.724,1.871,62.36,2.08,15.1578,1.35,58.0,46.5,27.0,0,No Event,0.52,Medium,18.0,0.77425,0.065977997181153,0.771,62.08,0,2017,5,2,22,0
2017-06-05,South Africa,Africa,0.697,0.64,1.601,56.37,2.96,15.0466,-0.55,46.3,47.1,23.6,0,No Event,0.57,Medium,18.0,0.74925,0.0742690935600625,0.798,62.36,0,2017,6,2,23,0
2017-06-12,South Africa,Africa,0.672,0.616,1.522,54.02,2.84,15.0418,3.62,52.3,54.4,28.6,0,No Event,0.27,Medium,18.0,0.7344999999999999,0.0745948005263503,0.697,56.37,0,2017,6,2,24,0
2017-06-19,South Africa,Africa,0.679,0.62,1.5,54.41,2.96,15.1727,1.58,39.5,49.8,25.0,0,No Event,0.4,Medium,18.0,0.7115,0.0737455025738451,0.672,54.02,1,2017,6,2,25,0
2017-06-26,South Africa,Africa,0.677,0.579,1.56,52.34,2.56,15.3531,-0.04,45.4,52.1,25.0,0,No Event,0.14,Medium,18.0,0.68125,0.0734231021379227,0.679,54.41,0,2017,6,2,26,0
2017-07-03,South Africa,Africa,0.586,0.545,1.5,48.05,2.15,14.9211,2.68,45.1,44.2,28.6,0,No Event,-0.87,Medium,18.0,0.6535,0.0685646571549929,0.677,52.34,0,2017,7,3,27,0
2017-07-10,South Africa,Africa,0.63,0.565,1.771,50.99,2.19,15.1526,0.16,39.4,40.1,27.6,0,No Event,-0.67,Medium,18.0,0.643,0.0739526577687353,0.586,48.05,1,2017,7,3,28,0
2017-07-17,South Africa,Africa,0.614,0.54,1.5,47.85,2.13,15.109,-0.6,57.7,31.2,27.0,0,No Event,-0.13,Medium,18.0,0.62675,0.0737704214018519,0.63,50.99,0,2017,7,3,29,0
2017-07-24,South Africa,Africa,0.644,0.571,1.5,50.6,2.24,14.9216,6.22,64.3,37.3,23.5,0,No Event,-0.08,Medium,18.0,0.6185,0.0754744427545163,0.614,47.85,0,2017,7,3,30,0
2017-07-31,South Africa,Africa,0.571,0.518,1.585,45.0,2.36,14.9971,1.95,51.8,53.2,23.0,0,No Event,0.39,Medium,18.0,0.61475,0.0742994566526242,0.644,50.6,0,2017,7,3,31,0
2017-08-07,South Africa,Africa,0.641,0.582,1.5,51.38,2.59,14.8899,3.81,50.1,51.7,29.0,0,No Event,0.37,Medium,18.0,0.6174999999999999,0.0828778243473779,0.571,45.0,0,2017,8,3,32,0
2017-08-14,South Africa,Africa,0.551,0.511,1.5,44.66,1.66,15.0863,1.65,46.3,47.4,23.1,0,No Event,0.55,Medium,18.0,0.60175,0.0884798757125764,0.641,51.38,0,2017,8,3,33,0
2017-08-21,South Africa,Africa,0.55,0.515,1.587,44.97,1.95,14.8715,1.59,51.9,47.0,23.4,0,No Event,-0.04,Medium,18.0,0.57825,0.0868738144036241,0.551,44.66,0,2017,8,3,34,0
2017-08-28,South Africa,Africa,0.56,0.519,1.5,45.59,2.59,14.6758,3.23,46.7,35.5,28.9,0,No Event,0.78,Medium,18.0,0.5755,0.0816840304226417,0.55,44.97,0,2017,8,3,35,0
2017-09-04,South Africa,Africa,0.497,0.459,1.5,40.48,1.94,14.7304,1.85,51.1,44.8,26.6,0,No Event,0.34,Medium,18.0,0.5395000000000001,0.0863336161403837,0.56,45.59,0,2017,9,3,36,0
2017-09-11,South Africa,Africa,0.532,0.482,1.5,43.41,2.65,14.7657,1.57,53.2,40.5,22.9,0,No Event,0.02,Medium,18.0,0.5347500000000001,0.0899981925121893,0.497,40.48,0,2017,9,3,37,0
2017-09-18,South Africa,Africa,0.579,0.52,1.622,46.4,3.13,14.8541,2.03,57.1,59.8,28.0,0,No Event,-0.59,Medium,18.0,0.542,0.0949524875435114,0.532,43.41,0,2017,9,3,38,0
2017-09-25,South Africa,Africa,0.508,0.451,1.5,40.46,2.59,14.7145,-0.5,60.5,62.2,21.3,0,No Event,0.21,Medium,18.0,0.529,0.09358440232838,0.579,46.4,0,2017,9,3,39,0
2017-10-02,South Africa,Africa,0.564,0.493,1.5,43.5,1.25,14.7402,1.18,57.9,52.6,20.1,0,No Event,-0.14,Medium,18.0,0.54575,0.0969030659136531,0.508,40.46,0,2017,10,4,40,0
2017-10-09,South Africa,Africa,0.532,0.478,1.534,43.48,2.38,14.751,1.09,56.6,55.2,21.1,0,No Event,-0.16,Medium,18.0,0.54575,0.0979259537854379,0.564,43.5,0,2017,10,4,41,0
2017-10-16,South Africa,Africa,0.539,0.489,1.529,43.65,2.49,14.6999,2.47,31.5,47.0,20.5,0,No Event,-0.22,Medium,18.0,0.53575,0.0965945837061584,0.532,43.48,1,2017,10,4,42,0
2017-10-23,South Africa,Africa,0.511,0.457,1.5,40.6,3.02,14.7092,3.37,44.4,59.2,21.6,0,No Event,-0.62,Medium,18.0,0.5365,0.0921683600011239,0.539,43.65,0,2017,10,4,43,0
2017-10-30,South Africa,Africa,0.527,0.467,1.5,40.63,2.41,14.85,3.1,40.6,54.4,25.4,0,No Event,0.21,Medium,18.0,0.52725,0.0840683881935895,0.511,40.6,0,2017,10,4,44,0
2017-11-06,South Africa,Africa,0.553,0.508,1.5,45.06,2.48,15.1222,3.3,45.0,42.3,21.5,0,No Event,0.48,Medium,18.0,0.5325,0.0752840006657969,0.527,40.63,0,2017,11,4,45,0
2017-11-13,South Africa,Africa,0.613,0.522,1.558,47.93,2.46,14.83,-0.98,57.2,52.1,23.5,0,No Event,0.73,Medium,18.0,0.551,0.0811558154944281,0.553,45.06,0,2017,11,4,46,0
2017-11-20,South Africa,Africa,0.585,0.514,1.5,46.9,2.36,14.9681,1.7,37.1,61.2,21.0,0,No Event,-0.39,Medium,18.0,0.5695,0.0828006360387566,0.613,47.93,1,2017,11,4,47,0
2017-11-27,South Africa,Africa,0.571,0.541,1.5,46.31,0.9,14.8645,2.82,46.0,60.0,28.0,0,No Event,-1.62,Medium,18.0,0.5805,0.0747543771612693,0.585,46.9,0,2017,11,4,48,0
2017-12-04,South Africa,Africa,0.599,0.539,1.64,47.01,2.59,14.7792,1.24,48.7,56.8,26.5,0,No Event,0.16,Medium,18.0,0.592,0.073537165825815,0.571,46.31,0,2017,12,4,49,0
2017-12-11,South Africa,Africa,0.622,0.565,1.5,49.45,3.26,14.9841,1.36,36.7,51.9,21.8,0,No Event,-0.36,Medium,18.0,0.59425,0.0701859462697703,0.599,47.01,1,2017,12,4,50,0
2017-12-18,South Africa,Africa,0.644,0.587,1.543,51.71,2.96,14.7829,-0.26,60.2,57.6,25.3,0,No Event,0.24,Medium,18.0,0.609,0.0569786656313867,0.622,49.45,0,2017,12,4,51,0
2017-12-25,South Africa,Africa,0.628,0.579,1.796,50.23,2.7,14.6857,3.75,46.3,43.8,26.6,0,No Event,-0.18,Medium,18.0,0.62325,0.0508509453171898,0.644,51.71,0,2017,12,4,52,0
2018-01-01,South Africa,Africa,0.714,0.663,2.037,57.83,1.52,14.8825,1.1,46.9,53.9,21.0,0,No Event,-0.07,Medium,18.0,0.652,0.0579301946452907,0.628,50.23,0,2018,1,1,1,0
2018-01-08,South Africa,Africa,0.714,0.616,1.661,55.76,2.44,15.0692,-0.56,48.5,50.9,25.5,0,No Event,-0.35,Medium,18.0,0.675,0.058324825020871,0.714,57.83,0,2018,1,1,2,0
2018-01-15,South Africa,Africa,0.65,0.609,1.5,52.56,1.28,14.9859,2.97,53.9,53.1,20.2,0,No Event,0.5,Medium,18.0,0.6765,0.0636305372652725,0.714,55.76,0,2018,1,1,3,0
2018-01-22,South Africa,Africa,0.734,0.668,1.855,57.97,1.61,15.1335,1.93,48.8,45.0,25.8,0,No Event,-0.26,Medium,18.0,0.7030000000000001,0.070798629112959,0.65,52.56,0,2018,1,1,4,0
2018-01-29,South Africa,Africa,0.723,0.628,1.972,56.58,2.74,14.9807,2.83,41.0,54.9,21.0,0,No Event,-0.2,Medium,18.0,0.7052499999999999,0.0716501706230253,0.734,57.97,0,2018,1,1,5,0
2018-02-05,South Africa,Africa,0.763,0.699,1.622,60.78,1.38,14.86,0.3,63.4,57.5,21.1,0,No Event,0.29,Medium,18.0,0.7175,0.0675337824820615,0.723,56.58,0,2018,2,1,6,0
2018-02-12,South Africa,Africa,0.758,0.649,1.65,59.53,2.52,14.9963,2.57,49.4,52.3,24.5,0,No Event,-0.61,Medium,18.0,0.7444999999999999,0.0649467534805716,0.763,60.78,0,2018,2,1,7,0
2018-02-19,South Africa,Africa,0.709,0.642,1.514,57.42,2.36,14.9111,4.19,65.1,60.4,24.7,0,No Event,0.17,Medium,18.0,0.73825,0.0686203561465257,0.758,59.53,0,2018,2,1,8,0
2018-02-26,South Africa,Africa,0.766,0.694,1.566,62.4,2.99,15.0099,1.87,50.4,66.1,25.7,0,No Event,0.54,Medium,18.0,0.749,0.0703883626491365,0.709,57.42,0,2018,2,1,9,0
2018-03-05,South Africa,Africa,0.803,0.723,2.088,64.08,2.14,15.0608,1.0,61.2,40.5,23.1,0,No Event,0.24,Medium,18.0,0.759,0.0706440339906168,0.766,62.4,0,2018,3,1,10,0
2018-03-12,South Africa,Africa,0.815,0.732,2.21,64.82,2.31,15.0162,-0.93,53.3,51.2,23.6,0,No Event,0.6,Medium,18.0,0.77325,0.0705844441958969,0.803,64.08,0,2018,3,1,11,0
2018-03-19,South Africa,Africa,0.809,0.73,2.219,65.06,2.64,15.3794,1.51,53.1,60.7,24.4,0,No Event,-0.85,Medium,18.0,0.79825,0.0697036843445742,0.815,64.82,0,2018,3,1,12,0
2018-03-26,South Africa,Africa,0.765,0.684,2.084,62.22,2.3,15.2256,3.17,55.2,36.9,23.5,0,No Event,-0.26,Medium,18.0,0.798,0.0629502220487392,0.809,65.06,0,2018,3,1,13,0
2018-04-02,South Africa,Africa,0.752,0.689,1.644,61.79,2.21,14.9454,-0.53,56.2,55.0,26.9,0,No Event,-0.8,Medium,18.0,0.78525,0.0633255869763303,0.765,62.22,0,2018,4,2,14,0
2018-04-09,South Africa,Africa,0.795,0.7,2.042,62.49,2.03,15.3016,1.27,50.9,38.1,23.2,0,No Event,0.08,Medium,18.0,0.7802500000000001,0.057007515942175,0.752,61.79,0,2018,4,2,15,0
2018-04-16,South Africa,Africa,0.781,0.709,1.914,62.7,2.12,15.1518,1.16,62.6,59.3,28.3,0,No Event,-0.22,Medium,18.0,0.77325,0.0456830101847986,0.795,62.49,0,2018,4,2,16,0
2018-04-23,South Africa,Africa,0.793,0.672,2.169,61.58,1.87,15.224,2.38,48.3,41.4,21.5,0,No Event,0.39,Medium,18.0,0.78025,0.0452454622944397,0.781,62.7,0,2018,4,2,17,0
2018-04-30,South Africa,Africa,0.806,0.73,1.931,63.99,2.59,15.061,4.44,45.2,29.5,23.5,0,No Event,-0.61,Medium,18.0,0.7937500000000001,0.0429321009979526,0.793,61.58,0,2018,4,2,18,0
2018-05-07,South Africa,Africa,0.824,0.727,1.632,65.42,2.54,15.0607,-0.06,64.0,54.4,23.5,0,No Event,1.09,Medium,18.0,0.8009999999999999,0.0430095242877369,0.806,63.99,0,2018,5,2,19,0
2018-05-14,South Africa,Africa,0.749,0.69,2.057,61.57,2.56,14.8638,3.81,60.0,61.6,21.6,0,No Event,-0.51,Medium,18.0,0.793,0.04749028677844,0.824,65.42,0,2018,5,2,20,0
2018-05-21,South Africa,Africa,0.739,0.669,1.604,58.95,2.18,14.8,4.17,55.9,51.9,24.5,0,No Event,0.8,Medium,18.0,0.7795,0.0413921649804107,0.749,61.57,0,2018,5,2,21,0
2018-05-28,South Africa,Africa,0.796,0.719,1.878,63.57,3.29,15.1515,3.11,40.9,48.8,28.3,0,No Event,-0.09,Medium,18.0,0.777,0.0452459368239284,0.739,58.95,0,2018,5,2,22,0
2018-06-04,South Africa,Africa,0.733,0.663,2.066,58.92,2.16,15.0585,2.34,51.3,37.8,22.3,0,No Event,-0.94,Medium,18.0,0.7542500000000001,0.0503291504006202,0.796,63.57,0,2018,6,2,23,0
2018-06-11,South Africa,Africa,0.788,0.718,2.025,63.46,2.6,14.8933,2.67,41.4,44.1,24.6,0,No Event,0.25,Medium,18.0,0.764,0.0557017237867783,0.733,58.92,0,2018,6,2,24,0
2018-06-18,South Africa,Africa,0.709,0.62,1.5,56.99,2.31,14.6234,0.32,51.9,49.2,22.3,0,No Event,0.19,Medium,18.0,0.7565000000000001,0.0610347248037714,0.788,63.46,0,2018,6,2,25,0
2018-06-25,South Africa,Africa,0.678,0.603,1.5,53.39,3.82,14.9621,3.63,45.0,47.3,22.9,0,No Event,-0.93,Medium,18.0,0.727,0.0620090175046515,0.709,56.99,0,2018,6,2,26,0
2018-07-02,South Africa,Africa,0.627,0.553,1.5,50.55,2.58,14.9562,2.8,46.8,51.2,23.3,0,No Event,-0.63,Medium,18.0,0.7004999999999999,0.0613646979991326,0.678,53.39,0,2018,7,3,27,0
2018-07-09,South Africa,Africa,0.707,0.613,1.5,55.66,1.77,15.0626,2.31,53.3,39.2,26.6,0,No Event,0.6,Medium,18.0,0.68025,0.0743547884440327,0.627,50.55,0,2018,7,3,28,0
2018-07-16,South Africa,Africa,0.629,0.592,1.5,51.33,3.31,15.2725,3.1,37.6,53.3,27.7,0,No Event,0.41,Medium,18.0,0.66025,0.0797675156340663,0.707,55.66,1,2018,7,3,29,0
2018-07-23,South Africa,Africa,0.632,0.577,1.5,51.16,2.33,14.8906,1.64,50.7,38.5,21.0,0,No Event,-0.35,Medium,18.0,0.6487499999999999,0.0794053148116464,0.629,51.33,0,2018,7,3,30,0
2018-07-30,South Africa,Africa,0.607,0.548,1.682,48.59,2.71,15.0213,2.34,56.9,53.1,23.0,0,No Event,-0.07,Medium,18.0,0.64375,0.0786114288427684,0.632,51.16,0,2018,7,3,31,0
2018-08-06,South Africa,Africa,0.602,0.544,1.5,48.78,2.59,14.9563,-1.98,47.6,31.2,25.3,0,No Event,0.09,Medium,18.0,0.6175,0.0756115348308997,0.607,48.59,0,2018,8,3,32,0
2018-08-13,South Africa,Africa,0.536,0.507,1.55,45.02,2.09,14.9141,1.56,52.1,58.1,22.5,0,No Event,0.24,Medium,18.0,0.5942500000000001,0.0803309742908187,0.602,48.78,0,2018,8,3,33,0
2018-08-20,South Africa,Africa,0.528,0.468,1.5,42.59,2.21,15.0121,0.86,31.4,48.4,29.7,0,No Event,0.19,Medium,18.0,0.56825,0.0739969046625452,0.536,45.02,1,2018,8,3,34,0
2018-08-27,South Africa,Africa,0.571,0.499,1.5,45.14,3.26,14.8925,2.7,36.2,58.4,29.0,0,No Event,-0.39,Medium,18.0,0.55925,0.0788843726731622,0.528,42.59,1,2018,8,3,35,0
2018-09-03,South Africa,Africa,0.569,0.52,1.5,46.09,2.47,14.5363,3.86,58.4,46.1,22.4,0,No Event,0.88,Medium,18.0,0.551,0.0735648847616881,0.571,45.14,0,2018,9,3,36,0
2018-09-10,South Africa,Africa,0.581,0.521,1.623,46.61,2.25,14.8711,1.71,66.1,35.5,29.1,0,No Event,-0.22,Medium,18.0,0.56225,0.0704489053430389,0.569,46.09,0,2018,9,3,37,0
2018-09-17,South Africa,Africa,0.52,0.471,1.5,41.57,2.62,14.9497,3.26,38.8,36.9,28.9,0,No Event,0.13,Medium,18.0,0.56025,0.0748658336672449,0.581,46.61,0,2018,9,3,38,0
2018-09-24,South Africa,Africa,0.539,0.49,1.5,43.37,2.73,14.6495,0.77,65.0,54.7,27.2,0,No Event,-0.36,Medium,18.0,0.5522499999999999,0.0742244390081192,0.52,41.57,0,2018,9,3,39,0
2018-10-01,South Africa,Africa,0.556,0.491,1.5,44.05,1.82,15.0155,3.33,54.6,48.3,26.4,0,No Event,0.28,Medium,18.0,0.5489999999999999,0.0622540847179582,0.539,43.37,0,2018,10,4,40,0
2018-10-08,South Africa,Africa,0.534,0.463,1.5,42.67,1.4,14.6532,2.39,50.8,52.5,23.3,0,No Event,-0.17,Medium,18.0,0.53725,0.0557208136663779,0.556,44.05,0,2018,10,4,41,0
2018-10-15,South Africa,Africa,0.597,0.513,1.619,46.27,2.77,14.8293,-0.16,45.9,57.2,24.8,0,No Event,0.41,Medium,18.0,0.5565,0.067229223158084,0.534,42.67,0,2018,10,4,42,0
2018-10-22,South Africa,Africa,0.585,0.521,1.5,45.87,1.72,14.7277,2.11,28.5,37.5,29.6,0,No Event,0.19,Medium,18.0,0.5680000000000001,0.0664888270616817,0.597,46.27,1,2018,10,4,43,0
2018-10-29,South Africa,Africa,0.545,0.491,1.5,43.61,2.31,14.8256,-1.87,50.8,53.4,23.7,0,No Event,-0.52,Medium,18.0,0.56525,0.0692888634294898,0.585,45.87,0,2018,10,4,44,0
2018-11-05,South Africa,Africa,0.582,0.527,1.5,47.18,2.82,14.8845,0.27,50.5,43.6,23.0,0,No Event,-0.55,Medium,18.0,0.57725,0.0639026056179359,0.545,43.61,0,2018,11,4,45,0
2018-11-12,South Africa,Africa,0.597,0.525,1.5,48.18,1.98,14.7646,0.92,34.8,49.8,27.5,0,No Event,-0.3,Medium,18.0,0.57725,0.0636111315311751,0.582,47.18,1,2018,11,4,46,0
2018-11-19,South Africa,Africa,0.604,0.54,1.5,49.28,2.77,15.0342,2.11,51.5,34.3,25.6,0,No Event,-0.39,Medium,18.0,0.582,0.0597747557640879,0.597,48.18,0,2018,11,4,47,0
2018-11-26,South Africa,Africa,0.605,0.567,1.5,50.13,3.26,14.8708,1.4,45.7,62.3,26.7,0,No Event,0.22,Medium,18.0,0.597,0.0597161144074754,0.604,49.28,0,2018,11,4,48,0
2018-12-03,South Africa,Africa,0.612,0.519,1.56,47.47,3.22,15.1772,2.32,44.5,55.4,22.6,0,No Event,0.03,Medium,18.0,0.6045,0.0595715450998343,0.605,50.13,0,2018,12,4,49,0
2018-12-10,South Africa,Africa,0.579,0.53,1.5,48.09,2.68,14.9808,4.4,55.9,59.2,26.6,0,No Event,0.25,Medium,18.0,0.6,0.0523048201600786,0.612,47.47,0,2018,12,4,50,0
2018-12-17,South Africa,Africa,0.7,0.613,1.588,54.45,1.81,15.0568,4.1,50.3,39.0,23.1,0,No Event,-0.58,Medium,18.0,0.6239999999999999,0.0777099180964981,0.579,48.09,0,2018,12,4,51,0
2018-12-24,South Africa,Africa,0.661,0.61,1.572,53.2,3.38,15.1015,1.2,49.8,67.4,24.4,0,No Event,0.66,Medium,18.0,0.6379999999999999,0.0810129868016786,0.7,54.45,0,2018,12,4,52,0
2018-12-31,South Africa,Africa,0.707,0.632,1.664,55.8,3.2,15.0308,-1.39,43.1,60.4,29.3,0,No Event,0.08,Medium,18.0,0.66175,0.0801681395842107,0.661,53.2,0,2018,12,4,1,0
2019-01-07,South Africa,Africa,0.8,0.725,1.884,63.53,2.1,15.1796,1.54,54.3,60.1,20.1,0,No Event,0.25,Medium,18.0,0.717,0.0816581976544807,0.707,55.8,0,2019,1,1,2,0
2019-01-14,South Africa,Africa,0.704,0.665,1.764,57.86,1.87,14.8995,1.01,52.7,56.1,21.8,0,No Event,-0.01,Medium,18.0,0.718,0.0914617231416254,0.8,63.53,0,2019,1,1,3,0
2019-01-21,South Africa,Africa,0.747,0.66,1.916,59.61,3.08,15.227,2.08,42.4,53.2,28.2,0,No Event,0.37,Medium,18.0,0.7395,0.0877489441991627,0.704,57.86,0,2019,1,1,4,0
2019-01-28,South Africa,Africa,0.748,0.687,1.936,61.2,1.92,15.11,4.89,52.3,57.0,25.6,0,No Event,-0.9,Medium,18.0,0.74975,0.0872391157315547,0.747,59.61,0,2019,1,1,5,0
2019-02-04,South Africa,Africa,0.735,0.665,1.864,59.6,2.43,15.0943,1.77,51.7,49.4,29.4,0,No Event,-0.31,Medium,18.0,0.7334999999999999,0.0880659237798388,0.748,61.2,0,2019,2,1,6,0
2019-02-11,South Africa,Africa,0.691,0.648,1.647,59.05,3.29,15.1287,2.9,65.4,46.2,20.7,0,No Event,0.11,Medium,18.0,0.7302500000000001,0.0911139502364469,0.735,59.6,0,2019,2,1,7,0
2019-02-18,South Africa,Africa,0.805,0.718,2.155,64.25,2.55,15.2308,3.43,57.9,49.8,22.6,0,No Event,0.24,Medium,18.0,0.74475,0.1006534769510245,0.691,59.05,0,2019,2,1,8,0
2019-02-25,South Africa,Africa,0.748,0.68,1.837,60.31,2.57,15.0946,3.19,50.8,46.9,22.9,0,No Event,-0.48,Medium,18.0,0.74475,0.1046444024084727,0.805,64.25,0,2019,2,1,9,0
2019-03-04,South Africa,Africa,0.759,0.692,1.81,62.08,3.27,15.0541,1.42,45.5,59.2,24.4,0,No Event,0.15,Medium,18.0,0.75075,0.1019801091403787,0.748,60.31,0,2019,3,1,10,0
2019-03-11,South Africa,Africa,0.806,0.715,2.228,63.94,3.1,15.0652,3.91,57.1,46.6,27.5,0,No Event,0.56,Medium,18.0,0.7795000000000001,0.0857103385043651,0.759,62.08,0,2019,3,1,11,0
2019-03-18,South Africa,Africa,0.77,0.712,1.681,63.56,2.38,15.237,2.73,48.1,62.9,26.5,0,No Event,-0.77,Medium,18.0,0.77075,0.0849360969021843,0.806,63.94,0,2019,3,1,12,0
2019-03-25,South Africa,Africa,0.837,0.782,1.759,68.2,1.37,15.2695,3.21,71.5,47.0,22.8,0,No Event,0.27,Medium,18.0,0.7929999999999999,0.0860759493256296,0.77,63.56,0,2019,3,1,13,0
2019-04-01,South Africa,Africa,0.754,0.672,1.5,59.76,3.18,15.0493,1.81,46.3,47.0,27.5,0,No Event,-0.58,Medium,18.0,0.79175,0.0840259903125058,0.837,68.2,0,2019,4,2,14,0
2019-04-08,South Africa,Africa,0.805,0.752,1.859,66.51,2.08,15.143,2.92,54.3,39.6,21.4,0,No Event,-0.46,Medium,18.0,0.7915,0.0771991663798467,0.754,59.76,0,2019,4,2,15,0
2019-04-15,South Africa,Africa,0.762,0.7,1.841,61.56,2.34,15.1786,3.08,58.6,58.3,23.8,0,No Event,-0.28,Medium,18.0,0.7895,0.0779101525975061,0.805,66.51,0,2019,4,2,16,0
2019-04-22,South Africa,Africa,0.781,0.722,2.256,63.9,2.11,15.1892,-1.44,45.2,62.4,23.6,0,No Event,-0.02,Medium,18.0,0.7755,0.0781244688274933,0.762,61.56,0,2019,4,2,17,0
2019-04-29,South Africa,Africa,0.792,0.737,2.009,66.83,2.93,14.9103,1.59,41.3,37.9,25.8,0,No Event,0.44,Medium,18.0,0.7849999999999999,0.0777838295413346,0.781,63.9,0,2019,4,2,18,0
2019-05-06,South Africa,Africa,0.775,0.72,1.6,61.79,2.81,15.1268,2.27,56.4,37.1,28.7,0,No Event,0.42,Medium,18.0,0.7775000000000001,0.0754505380650153,0.792,66.83,0,2019,5,2,19,0
2019-05-13,South Africa,Africa,0.763,0.707,2.1,63.94,2.4,15.2702,3.2,46.8,47.6,27.1,0,No Event,-0.57,Medium,18.0,0.77775,0.058241454658555,0.775,61.79,0,2019,5,2,20,0
2019-05-20,South Africa,Africa,0.773,0.725,1.951,63.49,2.2,15.1394,3.26,51.2,49.5,27.3,0,No Event,0.67,Medium,18.0,0.77575,0.0542463451334499,0.763,63.94,0,2019,5,2,21,0
2019-05-27,South Africa,Africa,0.84,0.78,2.425,68.77,2.25,14.9898,2.62,48.3,43.7,20.6,0,No Event,-0.64,Medium,18.0,0.78775,0.0592711226513619,0.773,63.49,0,2019,5,2,22,0
2019-06-03,South Africa,Africa,0.84,0.726,2.212,64.47,2.81,14.8786,2.24,38.5,47.7,26.8,0,No Event,-0.21,Medium,18.0,0.8039999999999999,0.0570010608908578,0.84,68.77,1,2019,6,2,23,0
2019-06-10,South Africa,Africa,0.806,0.729,1.998,65.76,2.7,14.8405,0.25,54.3,51.0,24.6,0,No Event,0.21,Medium,18.0,0.81475,0.0566816114063015,0.84,64.47,0,2019,6,2,24,0
2019-06-17,South Africa,Africa,0.86,0.732,2.12,68.02,1.93,15.1059,1.15,74.8,41.7,26.8,0,No Event,0.13,Medium,18.0,0.8365,0.0543026330629735,0.806,65.76,0,2019,6,2,25,0
2019-06-24,South Africa,Africa,0.828,0.739,2.148,65.52,1.03,15.1354,0.44,42.4,43.4,24.9,0,No Event,0.09,Medium,18.0,0.8335,0.0459439353659425,0.86,68.02,0,2019,6,2,26,0
2019-07-01,South Africa,Africa,0.882,0.777,1.947,71.23,3.45,14.9757,2.67,49.3,45.4,20.1,0,No Event,-0.07,Medium,18.0,0.8440000000000001,0.0456663654117628,0.828,65.52,0,2019,7,3,27,0
2019-07-08,South Africa,Africa,0.84,0.747,2.241,68.47,1.8,15.107,1.64,58.9,42.9,26.9,0,No Event,-0.05,Medium,18.0,0.8525,0.0449763485637164,0.882,71.23,0,2019,7,3,28,0
2019-07-15,South Africa,Africa,0.781,0.703,1.915,63.76,1.28,14.8899,1.33,51.4,37.4,28.8,0,No Event,-0.08,Medium,18.0,0.8327499999999999,0.0500305685190828,0.84,68.47,0,2019,7,3,29,0
2019-07-22,South Africa,Africa,0.878,0.795,1.901,71.13,2.84,15.1562,3.28,53.5,34.0,26.5,0,No Event,-0.54,Medium,18.0,0.84525,0.061423260182874,0.781,63.76,0,2019,7,3,30,0
2019-07-29,South Africa,Africa,0.859,0.791,2.091,68.7,2.73,14.7263,1.71,45.3,54.4,20.7,0,No Event,0.06,Medium,18.0,0.8394999999999999,0.0614315309664563,0.878,71.13,0,2019,7,3,31,0
2019-08-05,South Africa,Africa,0.829,0.806,1.728,69.2,2.26,14.9983,3.22,36.5,47.1,28.8,0,No Event,0.51,Medium,18.0,0.83675,0.0624214942231607,0.859,68.7,1,2019,8,3,32,0
2019-08-12,South Africa,Africa,0.846,0.76,2.282,67.95,3.15,14.9759,1.48,47.7,46.4,23.5,0,No Event,0.46,Medium,18.0,0.853,0.0625057628898384,0.829,69.2,0,2019,8,3,33,0
2019-08-19,South Africa,Africa,0.887,0.797,2.064,70.26,1.45,15.0555,3.93,54.5,45.0,23.0,0,No Event,0.4,Medium,18.0,0.8552500000000001,0.0590847805951009,0.846,67.95,0,2019,8,3,34,0
2019-08-26,South Africa,Africa,0.893,0.797,2.381,72.14,2.05,15.0691,5.72,58.6,45.5,20.7,0,No Event,0.95,Medium,18.0,0.86375,0.0590534851063809,0.887,70.26,0,2019,8,3,35,0
2019-09-02,South Africa,Africa,0.623,0.545,1.5,48.86,2.02,14.8299,4.52,45.6,49.4,26.5,0,No Event,0.07,Medium,18.0,0.8122499999999999,0.1069907584063654,0.893,72.14,0,2019,9,3,36,0
2019-09-09,South Africa,Africa,0.541,0.485,1.5,42.43,2.26,14.9412,1.78,51.9,44.7,24.7,0,No Event,0.83,Medium,18.0,0.736,0.1084795798942421,0.623,48.86,0,2019,9,3,37,0
2019-09-16,South Africa,Africa,0.59,0.522,1.5,46.9,2.34,14.9996,-0.45,41.2,60.0,25.0,0,No Event,1.02,Medium,18.0,0.6617500000000001,0.1140202402129651,0.541,42.43,0,2019,9,3,38,0
2019-09-23,South Africa,Africa,0.54,0.497,1.5,43.93,2.09,14.9174,3.11,35.8,44.1,21.4,0,No Event,0.05,Medium,18.0,0.5735,0.1119033792876222,0.59,46.9,1,2019,9,3,39,0
2019-09-30,South Africa,Africa,0.568,0.499,1.597,45.18,2.56,15.0496,2.38,35.1,41.5,24.9,0,No Event,0.34,Medium,18.0,0.55975,0.1144224932167789,0.54,43.93,1,2019,9,3,40,0
2019-10-07,South Africa,Africa,0.599,0.568,1.5,48.74,2.25,14.9342,2.26,42.6,47.1,20.7,0,No Event,0.6,Medium,18.0,0.57425,0.1156291881579943,0.568,45.18,0,2019,10,4,41,0
2019-10-14,South Africa,Africa,0.593,0.527,1.546,46.35,2.44,14.8129,3.25,43.7,47.0,23.6,0,No Event,0.24,Medium,18.0,0.575,0.1071342746439018,0.599,48.74,0,2019,10,4,42,0
2019-10-21,South Africa,Africa,0.577,0.518,1.5,44.4,2.28,15.0236,3.36,46.2,53.6,21.6,0,No Event,0.22,Medium,18.0,0.5842499999999999,0.1071253966044921,0.593,46.35,0,2019,10,4,43,0
2019-10-28,South Africa,Africa,0.609,0.536,1.572,48.3,2.65,14.9357,2.75,39.6,49.3,28.2,0,No Event,-0.01,Medium,18.0,0.5944999999999999,0.1096268474111534,0.577,44.4,1,2019,10,4,44,0
2019-11-04,South Africa,Africa,0.644,0.579,1.717,50.64,0.99,14.7516,2.14,39.6,37.8,23.5,0,No Event,0.13,Medium,18.0,0.60575,0.1113425364477918,0.609,48.3,0,2019,11,4,45,0
2019-11-11,South Africa,Africa,0.575,0.555,1.546,49.16,3.39,14.8692,4.33,40.5,41.2,28.2,0,No Event,0.66,Medium,18.0,0.6012500000000001,0.1122253950552964,0.644,50.64,0,2019,11,4,46,0
2019-11-18,South Africa,Africa,0.551,0.506,1.5,44.08,2.32,14.8032,4.11,44.3,53.3,22.9,0,No Event,1.05,Medium,18.0,0.59475,0.1116984306821601,0.575,49.16,0,2019,11,4,47,0
2019-11-25,South Africa,Africa,0.577,0.514,1.5,46.29,2.17,14.6394,0.31,57.3,47.9,29.9,0,No Event,-0.27,Medium,18.0,0.58675,0.0743837859079158,0.551,44.08,0,2019,11,4,48,0
2019-12-02,South Africa,Africa,0.653,0.628,1.761,54.51,1.8,15.1367,2.87,50.9,51.9,29.5,0,No Event,0.09,Medium,18.0,0.589,0.0720410752572063,0.577,46.29,0,2019,12,4,49,0
2019-12-09,South Africa,Africa,0.635,0.571,1.5,51.31,2.48,15.1167,1.74,41.9,63.0,27.2,0,No Event,-0.36,Medium,18.0,0.604,0.0692681701978694,0.653,54.51,0,2019,12,4,50,0
2019-12-16,South Africa,Africa,0.667,0.596,1.715,53.6,3.01,15.0708,1.28,40.0,47.0,21.3,0,No Event,-0.01,Medium,18.0,0.633,0.0635042790979874,0.635,51.31,0,2019,12,4,51,0
2019-12-23,South Africa,Africa,0.683,0.619,1.5,56.22,2.52,14.892,2.31,51.6,67.3,24.1,0,No Event,0.26,Medium,18.0,0.6595,0.0627224423617129,0.667,53.6,0,2019,12,4,52,0
2019-12-30,South Africa,Africa,0.651,0.585,1.592,52.72,2.86,15.0914,3.17,59.1,56.8,27.1,0,No Event,-0.31,Medium,18.0,0.659,0.0640592298996939,0.683,56.22,0,2019,12,4,1,0
2020-01-06,South Africa,Africa,0.691,0.63,1.836,55.39,3.07,15.0974,4.81,63.9,65.7,22.3,0,No Event,0.95,Medium,18.0,0.673,0.0654546445386619,0.651,52.72,0,2020,1,1,2,0
2020-01-13,South Africa,Africa,0.672,0.614,1.618,54.36,2.58,15.1562,2.3,60.9,55.0,22.0,0,No Event,0.17,Medium,18.0,0.67425,0.0654846745635578,0.691,55.39,0,2020,1,1,3,0
2020-01-20,South Africa,Africa,0.718,0.64,1.944,58.02,3.26,15.0903,1.59,49.0,62.9,21.3,0,No Event,0.2,Medium,18.0,0.683,0.0663212547368097,0.672,54.36,0,2020,1,1,4,0
2020-01-27,South Africa,Africa,0.772,0.678,2.083,60.28,2.86,15.0344,4.13,58.0,44.3,21.1,0,No Event,0.75,Medium,18.0,0.7132499999999999,0.0675207343025696,0.718,58.02,0,2020,1,1,5,0
2020-02-03,South Africa,Africa,0.758,0.679,1.676,60.34,3.26,15.2246,1.35,64.2,47.4,23.6,0,No Event,-0.21,Medium,18.0,0.73,0.0566159498026353,0.772,60.28,0,2020,2,1,6,0
2020-02-10,South Africa,Africa,0.899,0.786,2.216,68.56,2.82,15.2609,-0.88,49.1,54.3,27.8,0,No Event,0.43,Medium,18.0,0.78675,0.0691094611397608,0.758,60.34,0,2020,2,1,7,0
2020-02-17,South Africa,Africa,0.79,0.7,1.561,62.57,2.68,14.9935,1.43,57.8,50.9,41.9,1,COVID-19 Pandemic,-0.21,Medium,18.0,0.80475,0.0838651114512078,0.899,68.56,0,2020,2,1,8,0
2020-02-24,South Africa,Africa,0.834,0.781,1.704,67.67,2.44,15.2951,3.07,48.9,53.6,20.2,0,No Event,-0.06,Medium,18.0,0.82025,0.0781303712679748,0.79,62.57,0,2020,2,1,9,0
2020-03-02,South Africa,Africa,0.898,0.799,2.073,70.29,5.23,15.1696,3.76,57.6,44.4,34.8,1,COVID-19 Pandemic,-0.07,Medium,18.0,0.8552500000000001,0.0777551097098071,0.834,67.67,0,2020,3,1,10,0
2020-03-09,South Africa,Africa,0.946,0.836,2.139,75.64,3.49,15.2286,2.48,48.8,53.1,44.5,1,COVID-19 Pandemic,0.48,Medium,18.0,0.867,0.0778258003516067,0.898,70.29,0,2020,3,1,11,0
2020-03-16,South Africa,Africa,0.897,0.81,2.117,71.86,4.95,15.2058,4.3,62.6,56.7,49.4,1,COVID-19 Pandemic,-0.07,Medium,18.0,0.89375,0.0815451960001079,0.946,75.64,0,2020,3,1,12,0
2020-03-23,South Africa,Africa,1.022,0.913,2.799,81.64,3.43,15.1053,2.69,61.5,46.1,43.4,1,COVID-19 Pandemic,0.99,Medium,18.0,0.94075,0.084107114944348,0.897,71.86,0,2020,3,1,13,0
2020-03-30,South Africa,Africa,1.001,0.876,2.759,79.44,5.17,15.5432,-0.46,74.1,45.2,47.8,1,COVID-19 Pandemic,-0.14,Medium,18.0,0.9665,0.0856535133562493,1.022,81.64,0,2020,3,1,14,0
2020-04-06,South Africa,Africa,0.966,0.866,2.086,77.1,1.87,15.237,1.12,51.0,55.8,35.5,1,COVID-19 Pandemic,-0.29,Medium,18.0,0.9715,0.0861716414642962,1.001,79.44,0,2020,4,2,15,0
2020-04-13,South Africa,Africa,0.997,0.908,2.271,79.61,5.49,15.2682,2.63,48.6,52.1,42.1,1,COVID-19 Pandemic,-0.98,Medium,18.0,0.9965,0.0854873427602835,0.966,77.1,0,2020,4,2,16,0
2020-04-20,South Africa,Africa,1.071,0.952,2.099,85.38,1.31,14.9353,-1.15,67.4,52.4,45.9,1,COVID-19 Pandemic,0.27,Medium,18.0,1.00875,0.0854414266830814,0.997,79.61,0,2020,4,2,17,0
2020-04-27,South Africa,Africa,1.02,0.944,2.516,83.51,3.11,15.1287,1.76,63.8,53.3,37.6,1,COVID-19 Pandemic,-0.61,Medium,18.0,1.0135,0.0873818137146877,1.071,85.38,0,2020,4,2,18,0
2020-05-04,South Africa,Africa,1.096,0.965,3.027,85.65,4.52,15.2225,-0.32,66.1,58.6,37.6,1,COVID-19 Pandemic,0.01,Medium,18.0,1.0459999999999998,0.0740084050458116,1.02,83.51,0,2020,5,2,19,0
2020-05-11,South Africa,Africa,1.043,0.948,2.24,84.38,3.33,15.2392,1.05,52.1,62.6,48.9,1,COVID-19 Pandemic,-0.54,Medium,18.0,1.0575,0.063712547157675,1.096,85.65,0,2020,5,2,20,0
2020-05-18,South Africa,Africa,1.053,0.97,2.74,85.42,2.08,14.9379,-0.09,52.1,51.7,41.4,1,COVID-19 Pandemic,-0.11,Medium,18.0,1.053,0.0630956218453503,1.043,84.38,0,2020,5,2,21,0
2020-05-25,South Africa,Africa,1.179,1.023,2.519,90.35,3.3,15.3533,-0.09,43.2,56.5,46.1,1,COVID-19 Pandemic,0.38,Medium,18.0,1.09275,0.0675757898678324,1.053,85.42,0,2020,5,2,22,0
2020-06-01,South Africa,Africa,0.794,0.722,2.161,64.03,3.04,15.0593,1.4,58.8,41.4,52.7,1,COVID-19 Pandemic,0.3,Medium,18.0,1.01725,0.1209614376257131,1.179,90.35,0,2020,6,2,23,0
2020-06-08,South Africa,Africa,0.685,0.643,1.5,55.9,5.46,15.0319,0.85,42.8,51.8,39.7,1,COVID-19 Pandemic,-0.75,Medium,18.0,0.92775,0.1262596688735041,0.794,64.03,0,2020,6,2,24,0
2020-06-15,South Africa,Africa,0.776,0.717,2.195,62.71,1.37,14.9786,1.34,46.8,57.9,36.6,1,COVID-19 Pandemic,0.63,Medium,18.0,0.8585,0.1255540418259923,0.685,55.9,0,2020,6,2,25,0
2020-06-22,South Africa,Africa,0.662,0.588,1.607,51.97,3.01,14.9168,-0.55,49.9,44.3,21.0,0,No Event,0.56,Medium,18.0,0.7292500000000001,0.1312874024884563,0.776,62.71,0,2020,6,2,26,0
2020-06-29,South Africa,Africa,0.636,0.619,1.5,53.23,5.17,15.0158,4.03,51.1,42.3,45.3,1,COVID-19 Pandemic,-0.93,Medium,18.0,0.6897500000000001,0.1313233402541296,0.662,51.97,0,2020,6,2,27,0
2020-07-06,South Africa,Africa,0.689,0.606,1.815,55.44,4.04,14.8971,2.84,59.1,46.3,42.0,1,COVID-19 Pandemic,-0.06,Medium,18.0,0.69075,0.1341600609401298,0.636,53.23,0,2020,7,3,28,0
2020-07-13,South Africa,Africa,0.678,0.603,1.942,54.22,5.28,14.9735,0.08,43.6,44.1,32.5,1,COVID-19 Pandemic,-0.13,Medium,18.0,0.66625,0.1308263593720497,0.689,55.44,0,2020,7,3,29,0
2020-07-20,South Africa,Africa,0.648,0.561,1.702,50.05,3.69,14.8604,4.72,51.5,49.5,30.4,1,COVID-19 Pandemic,-0.03,Medium,18.0,0.6627500000000001,0.1307851868134084,0.678,54.22,0,2020,7,3,30,0
2020-07-27,South Africa,Africa,0.625,0.593,1.5,50.44,5.81,15.0805,1.66,46.7,62.3,34.1,1,COVID-19 Pandemic,-0.32,Medium,18.0,0.66,0.1267221111816453,0.648,50.05,0,2020,7,3,31,0
2020-08-03,South Africa,Africa,0.631,0.563,1.5,49.97,4.67,14.9941,2.29,68.0,62.4,34.4,1,COVID-19 Pandemic,-0.61,Medium,18.0,0.6455,0.1273688156528762,0.625,50.44,0,2020,8,3,32,0
2020-08-10,South Africa,Africa,0.62,0.538,1.506,50.54,3.28,14.9602,-0.52,51.4,51.4,32.3,1,COVID-19 Pandemic,0.64,Medium,18.0,0.631,0.1267935559034793,0.631,49.97,0,2020,8,3,33,0
2020-08-17,South Africa,Africa,0.638,0.605,1.503,51.02,4.85,14.8984,-0.12,43.2,39.7,46.2,1,COVID-19 Pandemic,0.69,Medium,18.0,0.6285,0.1192300353070767,0.62,50.54,0,2020,8,3,34,0
2020-08-24,South Africa,Africa,0.556,0.526,1.635,46.67,2.08,14.8773,1.94,34.4,47.5,37.8,1,COVID-19 Pandemic,0.37,Medium,18.0,0.61125,0.0851568510340729,0.638,51.02,1,2020,8,3,35,0
2020-08-31,South Africa,Africa,0.544,0.525,1.5,45.07,2.98,15.114,0.37,51.9,44.8,28.7,0,No Event,0.09,Medium,18.0,0.5895,0.0776103223319162,0.556,46.67,0,2020,8,3,36,0
2020-09-07,South Africa,Africa,0.616,0.55,1.527,48.88,1.56,14.9486,3.07,49.6,27.3,22.0,0,No Event,1.09,Medium,18.0,0.5885,0.0775241886756719,0.544,45.07,0,2020,9,3,37,0
2020-09-14,South Africa,Africa,0.558,0.53,1.5,46.42,3.27,15.1737,3.34,35.4,43.1,22.4,0,No Event,-0.51,Medium,18.0,0.5685,0.0706316350303827,0.616,48.88,1,2020,9,3,38,0
2020-09-21,South Africa,Africa,0.6,0.558,1.5,47.86,1.36,15.1458,1.13,58.2,48.0,20.1,0,No Event,0.57,Medium,18.0,0.5795,0.0742381836727884,0.558,46.42,0,2020,9,3,39,0
2020-09-28,South Africa,Africa,0.587,0.53,1.571,47.05,3.44,14.7365,2.62,49.4,49.4,23.2,0,No Event,0.0,Medium,18.0,0.59025,0.0692451732983778,0.6,47.86,0,2020,9,3,40,0
2020-10-05,South Africa,Africa,0.567,0.502,1.5,44.27,1.99,14.7457,3.47,32.7,53.0,29.0,0,No Event,-0.08,Medium,18.0,0.578,0.0695581452873877,0.587,47.05,1,2020,10,4,41,0
2020-10-12,South Africa,Africa,0.562,0.509,1.5,45.47,2.98,14.8425,4.26,57.3,51.1,26.4,0,No Event,0.27,Medium,18.0,0.579,0.0688398499799501,0.567,44.27,0,2020,10,4,42,0
2020-10-19,South Africa,Africa,0.614,0.548,1.672,48.88,2.08,15.0837,-0.09,39.1,47.0,27.1,0,No Event,-0.52,Medium,18.0,0.5825,0.0741791762348561,0.562,45.47,1,2020,10,4,43,0
2020-10-26,South Africa,Africa,0.634,0.565,1.522,50.07,2.37,14.9113,2.31,63.6,57.4,25.9,0,No Event,0.13,Medium,18.0,0.5942500000000001,0.0747145894435303,0.614,48.88,0,2020,10,4,44,0
2020-11-02,South Africa,Africa,0.611,0.534,1.639,48.17,2.61,15.0655,5.41,48.5,62.9,26.5,0,No Event,0.34,Medium,18.0,0.60525,0.0753772569452572,0.634,50.07,0,2020,11,4,45,0
2020-11-09,South Africa,Africa,0.623,0.55,1.5,48.68,2.31,15.0064,2.65,51.9,47.1,26.3,0,No Event,0.11,Medium,18.0,0.6205,0.0751124091765249,0.611,48.17,0,2020,11,4,46,0
2020-11-16,South Africa,Africa,0.669,0.581,1.5,52.27,2.12,14.7453,0.55,42.0,65.4,29.6,0,No Event,-0.49,Medium,18.0,0.63425,0.0655992046456419,0.623,48.68,0,2020,11,4,47,0
2020-11-23,South Africa,Africa,0.572,0.534,1.5,48.18,2.36,15.0482,-0.28,32.2,55.3,23.9,0,No Event,-0.78,Medium,18.0,0.61875,0.0803035715219822,0.669,52.27,1,2020,11,4,48,0
2020-11-30,South Africa,Africa,0.632,0.566,1.579,51.29,2.27,15.1176,-0.42,42.1,60.1,30.0,0,No Event,-0.23,Medium,18.0,0.624,0.0767242417473274,0.572,48.18,0,2020,11,4,49,0
2020-12-07,South Africa,Africa,0.636,0.594,1.5,52.26,3.0,14.9013,2.95,63.2,49.0,23.9,0,No Event,0.14,Medium,18.0,0.6272500000000001,0.0701310195520258,0.632,51.29,0,2020,12,4,50,0
2020-12-14,South Africa,Africa,0.654,0.583,1.666,52.07,2.24,14.6976,1.9,40.4,43.1,29.4,0,No Event,0.07,Medium,18.0,0.6235,0.0676221176298224,0.636,52.26,0,2020,12,4,51,0
2020-12-21,South Africa,Africa,0.7,0.637,1.985,56.46,2.2,15.0915,2.31,45.7,70.5,22.2,0,No Event,-0.34,Medium,18.0,0.6555,0.068986840281051,0.654,52.07,0,2020,12,4,52,0
2020-12-28,South Africa,Africa,0.707,0.655,2.015,57.46,2.62,15.0412,1.63,49.0,54.9,29.8,0,No Event,0.05,Medium,18.0,0.67425,0.0671685917294555,0.7,56.46,0,2020,12,4,53,0
2021-01-04,South Africa,Africa,0.753,0.672,2.043,61.59,2.7,15.179,1.76,46.5,55.0,20.8,0,No Event,-0.09,Medium,18.0,0.7034999999999999,0.0676020115815213,0.707,57.46,0,2021,1,1,1,0
2021-01-11,South Africa,Africa,0.744,0.692,1.546,60.33,3.24,14.7579,-0.69,47.3,61.7,29.0,0,No Event,0.44,Medium,18.0,0.726,0.0650548313102987,0.753,61.59,0,2021,1,1,2,0
2021-01-18,South Africa,Africa,0.716,0.669,1.868,60.38,2.59,15.0241,0.06,69.4,59.9,26.0,0,No Event,0.26,Medium,18.0,0.73,0.0667737050747463,0.744,60.33,0,2021,1,1,3,0
2021-01-25,South Africa,Africa,0.757,0.676,2.075,61.5,1.92,15.0098,4.03,45.7,49.6,23.0,0,No Event,-0.28,Medium,18.0,0.7425,0.0660437557923457,0.716,60.38,0,2021,1,1,4,0
2021-02-01,South Africa,Africa,0.755,0.658,1.585,60.09,2.81,14.9821,4.55,60.7,63.8,28.4,0,No Event,0.36,Medium,18.0,0.743,0.066369998624398,0.757,61.5,0,2021,2,1,5,0
2021-02-08,South Africa,Africa,0.791,0.723,2.037,64.55,2.4,15.1228,2.16,58.7,67.4,26.6,0,No Event,1.03,Medium,18.0,0.75475,0.0647886782545807,0.755,60.09,0,2021,2,1,6,0
2021-02-15,South Africa,Africa,0.841,0.73,1.728,64.78,3.75,14.8992,0.63,66.0,54.7,27.2,0,No Event,0.22,Medium,18.0,0.786,0.0413946156514472,0.791,64.55,0,2021,2,1,7,0
2021-02-22,South Africa,Africa,0.796,0.721,1.948,64.3,2.43,15.4049,3.06,67.6,47.6,24.7,0,No Event,0.29,Medium,18.0,0.79575,0.041779195883822,0.841,64.78,0,2021,2,1,8,0
2021-03-01,South Africa,Africa,0.84,0.741,1.652,67.23,3.46,15.3091,3.05,53.0,48.3,21.9,0,No Event,0.65,Medium,18.0,0.8170000000000001,0.0426810574713612,0.796,64.3,0,2021,3,1,9,0
2021-03-08,South Africa,Africa,0.777,0.707,2.041,61.84,2.83,15.3204,-0.38,64.2,53.4,28.9,0,No Event,-0.62,Medium,18.0,0.8135000000000001,0.0513367841014529,0.84,67.23,0,2021,3,1,10,0
2021-03-15,South Africa,Africa,0.884,0.787,2.051,70.11,2.89,15.3077,1.07,61.2,42.9,25.9,0,No Event,0.08,Medium,18.0,0.82425,0.0606902502766323,0.777,61.84,0,2021,3,1,11,0
2021-03-22,South Africa,Africa,0.822,0.719,2.017,66.61,2.89,15.0354,1.56,48.1,49.9,24.4,0,No Event,-0.07,Medium,18.0,0.8307500000000001,0.0662037336528877,0.884,70.11,0,2021,3,1,12,0
2021-03-29,South Africa,Africa,0.771,0.711,2.122,62.6,2.49,15.1886,0.21,64.1,48.2,21.5,0,No Event,0.34,Medium,18.0,0.8135,0.0675522869811792,0.822,66.61,0,2021,3,1,13,0
2021-04-05,South Africa,Africa,0.872,0.816,2.526,71.14,2.5,15.0626,0.36,50.0,49.5,27.1,0,No Event,0.91,Medium,18.0,0.83725,0.0764926257392497,0.771,62.6,0,2021,4,2,14,0
2021-04-12,South Africa,Africa,0.872,0.778,2.011,70.26,2.1,15.0248,1.86,44.1,45.7,21.1,0,No Event,-0.16,Medium,18.0,0.8342499999999999,0.0748506556361507,0.872,71.14,0,2021,4,2,15,0
2021-04-19,South Africa,Africa,0.825,0.758,2.29,65.75,3.24,15.179,1.66,48.6,49.6,22.3,0,No Event,0.35,Medium,18.0,0.835,0.0765532240546644,0.872,70.26,0,2021,4,2,16,0
2021-04-26,South Africa,Africa,0.861,0.766,1.722,69.15,2.37,15.2708,4.08,59.0,52.8,26.5,0,No Event,-0.39,Medium,18.0,0.8574999999999999,0.0770334050692698,0.825,65.75,0,2021,4,2,17,0
2021-05-03,South Africa,Africa,0.791,0.73,2.128,64.95,2.25,15.2411,2.63,30.8,50.6,21.3,0,No Event,0.34,Medium,18.0,0.83725,0.0807630819910609,0.861,69.15,1,2021,5,2,18,0
2021-05-10,South Africa,Africa,0.767,0.728,1.957,63.04,2.35,15.0644,1.57,47.6,41.1,28.0,0,No Event,-0.77,Medium,18.0,0.811,0.0789072525287838,0.791,64.95,0,2021,5,2,19,0
2021-05-17,South Africa,Africa,0.808,0.727,1.858,63.57,2.3,15.0814,3.34,54.5,29.5,27.3,0,No Event,0.4,Medium,18.0,0.80675,0.0789566354877589,0.767,63.04,0,2021,5,2,20,0
2021-05-24,South Africa,Africa,0.739,0.66,1.587,60.79,2.32,14.9904,2.58,39.6,40.8,21.2,0,No Event,0.3,Medium,18.0,0.7762500000000001,0.0810708421712763,0.808,63.57,1,2021,5,2,21,0
2021-05-31,South Africa,Africa,0.757,0.696,2.049,61.91,1.26,15.1139,0.63,43.9,35.9,24.7,0,No Event,-0.31,Medium,18.0,0.7677499999999999,0.0786081495081637,0.739,60.79,0,2021,5,2,22,0
2021-06-07,South Africa,Africa,0.771,0.676,1.57,60.74,1.89,14.9521,2.17,46.9,35.7,21.1,0,No Event,0.46,Medium,18.0,0.76875,0.0662676359704425,0.757,61.91,0,2021,6,2,23,0
2021-06-14,South Africa,Africa,0.718,0.642,1.779,58.15,2.74,15.0132,3.64,44.1,59.0,27.0,0,No Event,-0.04,Medium,18.0,0.7462500000000001,0.0661525219610582,0.771,60.74,0,2021,6,2,24,0
2021-06-21,South Africa,Africa,0.696,0.64,1.569,56.52,2.66,15.2204,1.89,54.6,45.9,22.1,0,No Event,0.26,Medium,18.0,0.7355,0.0644732296549319,0.718,58.15,0,2021,6,2,25,0
2021-06-28,South Africa,Africa,0.739,0.657,1.834,58.13,1.83,14.9544,-1.05,46.6,34.8,22.2,0,No Event,0.78,Medium,18.0,0.731,0.0531431197694345,0.696,56.52,0,2021,6,2,26,0
2021-07-05,South Africa,Africa,0.692,0.615,1.537,55.49,2.08,14.9246,3.13,64.8,61.4,24.8,0,No Event,0.62,Medium,18.0,0.7112499999999999,0.0549370056020602,0.739,58.13,0,2021,7,3,27,0
2021-07-12,South Africa,Africa,0.652,0.586,1.716,53.04,1.55,14.7177,3.4,47.6,62.6,22.1,0,No Event,-1.39,Medium,18.0,0.69475,0.0551820112776311,0.692,55.49,0,2021,7,3,28,0
2021-07-19,South Africa,Africa,0.655,0.593,1.5,53.1,2.6,14.672,3.26,58.6,49.4,28.3,0,No Event,0.49,Medium,18.0,0.6845,0.052292661624592,0.652,53.04,0,2021,7,3,29,0
2021-07-26,South Africa,Africa,0.653,0.601,1.822,53.73,1.82,14.9328,3.48,59.9,46.6,20.2,0,No Event,0.75,Medium,18.0,0.663,0.0488934791398477,0.655,53.1,0,2021,7,3,30,0
2021-08-02,South Africa,Africa,0.629,0.577,1.5,50.0,2.07,14.9698,1.49,47.0,56.8,22.0,0,No Event,-0.2,Medium,18.0,0.64725,0.0491140152191005,0.653,53.73,0,2021,8,3,31,0
2021-08-09,South Africa,Africa,0.653,0.583,1.608,50.41,2.8,14.8869,1.8,54.1,43.0,20.2,0,No Event,0.96,Medium,18.0,0.6475,0.047333999786902,0.629,50.0,0,2021,8,3,32,0
2021-08-16,South Africa,Africa,0.616,0.534,1.5,48.69,3.12,14.939,2.85,47.6,56.1,25.7,0,No Event,0.92,Medium,18.0,0.63775,0.0441546146885191,0.653,50.41,0,2021,8,3,33,0
2021-08-23,South Africa,Africa,0.595,0.54,1.623,47.25,2.56,14.8245,3.41,52.8,56.6,29.3,0,No Event,0.15,Medium,18.0,0.62325,0.042720504703103,0.616,48.69,0,2021,8,3,34,0
2021-08-30,South Africa,Africa,0.579,0.493,1.5,45.11,2.03,14.8756,1.92,45.1,54.8,28.1,0,No Event,-0.65,Medium,18.0,0.61075,0.0410741093360429,0.595,47.25,0,2021,8,3,35,0
2021-09-06,South Africa,Africa,0.591,0.53,1.5,46.3,2.5,15.0284,4.31,44.4,53.4,28.1,0,No Event,0.18,Medium,18.0,0.59525,0.0400864086902187,0.579,45.11,0,2021,9,3,36,0
2021-09-13,South Africa,Africa,0.584,0.53,1.5,47.15,3.44,14.926,1.75,58.1,51.2,21.4,0,No Event,-0.45,Medium,18.0,0.5872499999999999,0.0398009342685292,0.591,46.3,0,2021,9,3,37,0
2021-09-20,South Africa,Africa,0.595,0.553,1.616,48.93,3.12,14.8393,2.36,29.2,64.7,25.2,0,No Event,-0.38,Medium,18.0,0.58725,0.033878470295799,0.584,47.15,1,2021,9,3,38,0
2021-09-27,South Africa,Africa,0.63,0.57,1.766,51.1,3.63,14.8564,2.6,49.5,52.0,27.8,0,No Event,0.1,Medium,18.0,0.6,0.036980784261447,0.595,48.93,0,2021,9,3,39,0
2021-10-04,South Africa,Africa,0.613,0.535,1.519,48.18,2.42,14.9499,1.02,34.3,58.1,23.1,0,No Event,0.12,Medium,18.0,0.6055,0.0341022948056306,0.63,51.1,1,2021,10,4,40,0
2021-10-11,South Africa,Africa,0.59,0.531,1.5,47.54,2.23,15.0268,3.71,43.2,53.5,29.9,0,No Event,0.44,Medium,18.0,0.607,0.0352191979129581,0.613,48.18,0,2021,10,4,41,0
2021-10-18,South Africa,Africa,0.58,0.532,1.544,47.91,2.19,14.6686,3.24,47.1,48.1,29.2,0,No Event,0.21,Medium,18.0,0.60325,0.0352664196761214,0.59,47.54,0,2021,10,4,42,0
2021-10-25,South Africa,Africa,0.585,0.524,1.5,47.51,2.91,14.6445,3.43,58.3,47.1,21.8,0,No Event,-0.46,Medium,18.0,0.592,0.0344745564069942,0.58,47.91,0,2021,10,4,43,0
2021-11-01,South Africa,Africa,0.634,0.535,1.5,49.1,3.12,14.864,7.18,46.2,75.9,23.9,0,No Event,-0.45,Medium,18.0,0.5972500000000001,0.0415168073787413,0.585,47.51,0,2021,11,4,44,0
2021-11-08,South Africa,Africa,0.623,0.557,1.772,49.56,2.54,15.0227,2.19,45.1,62.9,29.8,0,No Event,0.18,Medium,18.0,0.6054999999999999,0.038202805829696,0.634,49.1,0,2021,11,4,45,0
2021-11-15,South Africa,Africa,0.6,0.556,1.782,49.85,2.11,14.9931,2.95,46.6,66.5,22.2,0,No Event,0.0,Medium,18.0,0.6104999999999999,0.0384508042851678,0.623,49.56,0,2021,11,4,46,0
2021-11-22,South Africa,Africa,0.621,0.538,1.602,49.08,2.16,14.7461,2.25,47.4,57.7,23.3,0,No Event,-0.16,Medium,18.0,0.6194999999999999,0.0384678871097235,0.6,49.85,0,2021,11,4,47,0
2021-11-29,South Africa,Africa,0.699,0.611,1.5,55.47,2.87,15.2354,3.91,52.3,64.3,27.5,0,No Event,-0.45,Medium,18.0,0.63575,0.0516463647884905,0.621,49.08,0,2021,11,4,48,0
2021-12-06,South Africa,Africa,0.719,0.651,1.5,58.7,2.49,14.8408,1.17,52.7,64.8,24.5,0,No Event,-0.29,Medium,18.0,0.65975,0.0510332724273607,0.699,55.47,0,2021,12,4,49,0
2021-12-13,South Africa,Africa,0.672,0.642,1.5,56.17,2.59,15.0652,4.24,44.0,52.5,26.7,0,No Event,0.18,Medium,18.0,0.67775,0.0564984666526211,0.719,58.7,0,2021,12,4,50,0
2021-12-20,South Africa,Africa,0.704,0.631,1.653,55.58,2.87,14.861,0.64,48.8,45.2,27.3,0,No Event,-0.8,Medium,18.0,0.6984999999999999,0.0557347094409394,0.672,56.17,0,2021,12,4,51,0
2021-12-27,South Africa,Africa,0.757,0.678,1.557,60.76,3.57,14.989,0.29,47.5,51.3,23.7,0,No Event,0.29,Medium,18.0,0.713,0.0572506857351498,0.704,55.58,0,2021,12,4,52,0
2022-01-03,South Africa,Africa,0.709,0.653,1.609,56.36,3.42,15.2066,1.71,65.5,55.5,29.8,0,No Event,0.08,Medium,18.0,0.7105,0.0600038548601234,0.757,60.76,0,2022,1,1,1,0
2022-01-10,South Africa,Africa,0.77,0.693,2.142,61.11,2.3,14.918,2.78,39.1,62.1,25.8,0,No Event,-0.03,Medium,18.0,0.735,0.0620308371603092,0.709,56.36,1,2022,1,1,2,0
2022-01-17,South Africa,Africa,0.769,0.679,2.082,60.91,3.33,14.999,1.3,47.0,49.6,24.4,0,No Event,-0.02,Medium,18.0,0.75125,0.0623433303339652,0.77,61.11,0,2022,1,1,3,0
2022-01-24,South Africa,Africa,0.749,0.681,2.144,60.54,3.24,14.9253,0.1,42.2,44.5,27.8,0,No Event,-0.51,Medium,18.0,0.74925,0.060942656145202,0.769,60.91,0,2022,1,1,4,0
2022-01-31,South Africa,Africa,0.771,0.657,1.531,61.09,4.02,15.0672,0.49,53.5,47.4,25.9,0,No Event,-0.24,Medium,18.0,0.76475,0.0601297276308814,0.749,60.54,0,2022,1,1,5,0
2022-02-07,South Africa,Africa,0.856,0.736,1.603,66.41,2.69,15.1325,3.77,47.8,46.8,26.9,0,No Event,0.14,Medium,18.0,0.78625,0.0625268105269053,0.771,61.09,0,2022,2,1,6,0
2022-02-14,South Africa,Africa,0.881,0.797,1.996,69.95,2.08,15.5728,1.18,61.4,62.9,21.8,0,No Event,-0.08,Medium,18.0,0.8142499999999999,0.0625222897303979,0.856,66.41,0,2022,2,1,7,0
2022-02-21,South Africa,Africa,0.932,0.812,2.543,73.85,1.85,15.2198,0.93,50.6,49.1,29.1,0,No Event,0.15,Medium,18.0,0.8600000000000001,0.0559499701494192,0.881,69.95,0,2022,2,1,8,0
2022-02-28,South Africa,Africa,0.985,0.857,2.035,75.37,2.47,15.2608,0.15,54.1,47.3,22.6,0,No Event,0.43,Medium,18.0,0.9135,0.0566743383977512,0.932,73.85,0,2022,2,1,9,0
2022-03-07,South Africa,Africa,0.979,0.874,2.374,77.55,2.77,15.2395,3.98,51.2,54.8,29.1,0,No Event,0.92,Medium,18.0,0.94425,0.0499810766176909,0.985,75.37,0,2022,3,1,10,0
2022-03-14,South Africa,Africa,0.972,0.91,2.757,78.29,2.94,15.1055,0.14,40.7,51.3,21.3,0,No Event,0.45,Medium,18.0,0.967,0.0510124081832333,0.979,77.55,0,2022,3,1,11,0
2022-03-21,South Africa,Africa,1.082,0.947,2.736,82.91,3.73,14.7891,2.13,62.7,50.0,22.3,0,No Event,-0.27,Medium,18.0,1.0045,0.0551790673887025,0.972,78.29,0,2022,3,1,12,0
2022-03-28,South Africa,Africa,0.97,0.873,2.104,79.54,2.4,14.9016,0.01,62.6,54.5,27.0,0,No Event,-0.48,Medium,18.0,1.00075,0.0622197142965468,1.082,82.91,0,2022,3,1,13,0
2022-04-04,South Africa,Africa,1.05,1.003,2.482,85.57,7.12,15.236,2.02,55.5,44.9,43.1,1,Russia-Ukraine War,-0.01,Medium,18.0,1.0185,0.0619266194784467,0.97,79.54,0,2022,4,2,14,0
2022-04-11,South Africa,Africa,0.971,0.925,2.244,80.57,3.08,15.0283,4.2,61.8,58.3,26.3,0,No Event,0.83,Medium,18.0,1.01825,0.0684356100117398,1.05,85.57,0,2022,4,2,15,0
2022-04-18,South Africa,Africa,0.994,0.876,2.546,79.7,2.65,15.0699,1.84,63.4,52.7,23.1,0,No Event,-0.19,Medium,18.0,0.99625,0.066764888295472,0.971,80.57,0,2022,4,2,16,0
2022-04-25,South Africa,Africa,0.973,0.9,1.938,80.06,3.11,15.2465,5.28,59.1,50.2,28.1,0,No Event,-0.49,Medium,18.0,0.997,0.068104861712794,0.994,79.7,0,2022,4,2,17,0
2022-05-02,South Africa,Africa,1.008,0.904,2.845,79.81,8.15,14.9967,3.32,60.8,43.1,40.2,1,Russia-Ukraine War,-0.42,Medium,18.0,0.9865,0.0624679519615177,0.973,80.06,0,2022,5,2,18,0
2022-05-09,South Africa,Africa,1.055,0.962,2.531,86.28,2.68,15.1868,0.48,55.7,33.2,22.6,0,No Event,-0.3,Medium,18.0,1.0074999999999998,0.0630151716925787,1.008,79.81,0,2022,5,2,19,0
2022-05-16,South Africa,Africa,1.065,0.998,2.661,85.7,2.91,14.934,3.59,64.2,45.1,24.5,0,No Event,0.25,Medium,18.0,1.02525,0.0616927199928232,1.055,86.28,0,2022,5,2,20,0
2022-05-23,South Africa,Africa,1.129,1.0,2.516,90.18,3.07,14.974,0.44,47.2,41.9,22.9,0,No Event,0.27,Medium,18.0,1.06425,0.0619083052089546,1.065,85.7,0,2022,5,2,21,0
2022-05-30,South Africa,Africa,0.762,0.678,1.626,61.56,2.4,14.9357,2.05,52.1,44.2,20.1,0,No Event,0.32,Medium,18.0,1.00275,0.1158884028182258,1.129,90.18,0,2022,5,2,22,0
2022-06-06,South Africa,Africa,0.809,0.736,1.931,65.48,3.36,14.9847,3.62,56.9,38.9,24.4,0,No Event,0.37,Medium,18.0,0.94125,0.1179106293500826,0.762,61.56,0,2022,6,2,23,0
2022-06-13,South Africa,Africa,0.754,0.676,1.569,61.83,3.17,15.1192,2.79,50.6,39.8,23.7,0,No Event,0.26,Medium,18.0,0.8635,0.1125092495010397,0.809,65.48,0,2022,6,2,24,0
2022-06-20,South Africa,Africa,0.701,0.651,1.918,56.41,3.06,15.2052,0.91,54.6,41.0,28.4,0,No Event,-0.41,Medium,18.0,0.7565,0.1107359409265966,0.754,61.83,0,2022,6,2,25,0
2022-06-27,South Africa,Africa,0.679,0.618,1.5,54.45,2.31,14.9421,4.32,31.5,41.1,24.9,0,No Event,-0.22,Medium,18.0,0.73575,0.1059335182049185,0.701,56.41,1,2022,6,2,26,0
2022-07-04,South Africa,Africa,0.701,0.619,1.943,56.33,2.34,15.0008,3.61,47.7,41.9,28.1,0,No Event,0.34,Medium,18.0,0.70875,0.1062617792074834,0.679,54.45,0,2022,7,3,27,0
2022-07-11,South Africa,Africa,0.637,0.594,1.852,52.51,4.37,15.1153,1.38,41.3,52.5,47.4,1,Russia-Ukraine War,-0.31,Medium,18.0,0.6795,0.1070967841596335,0.701,56.33,0,2022,7,3,28,0
2022-07-18,South Africa,Africa,0.723,0.678,1.5,59.47,3.08,15.0693,2.17,53.0,47.3,24.8,0,No Event,-0.1,Medium,18.0,0.685,0.1172827702456094,0.637,52.51,0,2022,7,3,29,0
2022-07-25,South Africa,Africa,0.677,0.59,1.528,54.25,3.36,14.722,1.33,49.7,40.1,23.1,0,No Event,-0.38,Medium,18.0,0.6845,0.1167110811517101,0.723,59.47,0,2022,7,3,30,0
2022-08-01,South Africa,Africa,0.648,0.57,1.732,52.53,2.75,15.0717,1.34,44.9,37.5,23.1,0,No Event,-0.26,Medium,18.0,0.67125,0.1145314337732447,0.677,54.25,0,2022,8,3,31,0
2022-08-08,South Africa,Africa,0.604,0.525,1.5,48.69,2.09,15.0465,0.58,51.9,43.9,23.4,0,No Event,0.69,Medium,18.0,0.663,0.1141110661450146,0.648,52.53,0,2022,8,3,32,0
2022-08-15,South Africa,Africa,0.655,0.588,1.863,54.26,2.54,14.7218,3.58,57.0,49.4,21.6,0,No Event,-0.47,Medium,18.0,0.646,0.1162346454907327,0.604,48.69,0,2022,8,3,33,0
2022-08-22,South Africa,Africa,0.633,0.588,1.5,50.88,3.12,14.8292,1.08,35.1,42.3,28.7,0,No Event,0.67,Medium,18.0,0.635,0.073052782659327,0.655,54.26,1,2022,8,3,34,0
2022-08-29,South Africa,Africa,0.617,0.552,1.5,50.02,3.44,14.7959,2.19,41.6,41.0,25.5,0,No Event,0.2,Medium,18.0,0.62725,0.0691876732766907,0.633,50.88,0,2022,8,3,35,0
2022-09-05,South Africa,Africa,0.58,0.524,1.5,45.55,3.29,14.9568,2.12,45.0,65.0,29.7,0,No Event,0.12,Medium,18.0,0.62125,0.0687213578629134,0.617,50.02,0,2022,9,3,36,0
2022-09-12,South Africa,Africa,0.596,0.555,1.504,47.61,2.74,14.8998,-0.88,49.7,46.7,21.6,0,No Event,0.16,Medium,18.0,0.6065,0.0679525749877377,0.58,45.55,0,2022,9,3,37,0
2022-09-19,South Africa,Africa,0.603,0.535,1.5,47.74,3.14,14.7113,1.25,67.3,56.8,23.9,0,No Event,-0.67,Medium,18.0,0.599,0.0679383702923616,0.596,47.61,0,2022,9,3,38,0
2022-09-26,South Africa,Africa,0.622,0.556,1.706,49.7,7.89,14.9407,1.21,55.3,52.7,61.1,1,Russia-Ukraine War,0.81,Medium,18.0,0.60025,0.0678909149015934,0.603,47.74,0,2022,9,3,39,0
2022-10-03,South Africa,Africa,0.61,0.546,1.671,47.79,2.5,14.6795,2.18,61.0,39.1,27.2,0,No Event,-0.06,Medium,18.0,0.60775,0.0628391041229056,0.622,49.7,0,2022,10,4,40,0
2022-10-10,South Africa,Africa,0.615,0.572,1.5,49.84,7.52,15.0252,0.63,61.3,68.9,46.5,1,Russia-Ukraine War,-0.04,Medium,18.0,0.6125,0.0461884031947979,0.61,47.79,0,2022,10,4,41,0
2022-10-17,South Africa,Africa,0.582,0.521,1.5,45.79,2.81,14.8824,2.21,48.0,54.6,23.3,0,No Event,-0.39,Medium,18.0,0.60725,0.0452643952773359,0.615,49.84,0,2022,10,4,42,0
2022-10-24,South Africa,Africa,0.598,0.53,1.5,48.29,3.1,14.9419,2.79,41.6,53.7,23.1,0,No Event,-0.1,Medium,18.0,0.6012500000000001,0.0454032461699933,0.582,45.79,0,2022,10,4,43,0
2022-10-31,South Africa,Africa,0.62,0.564,1.663,49.55,1.69,14.8772,1.74,31.3,54.4,23.6,0,No Event,0.23,Medium,18.0,0.60375,0.0423240396969555,0.598,48.29,1,2022,10,4,44,0
2022-11-07,South Africa,Africa,0.619,0.571,1.656,50.67,5.59,14.8598,3.53,45.7,36.1,62.3,1,Russia-Ukraine War,-1.11,Medium,18.0,0.60475,0.0336781472052454,0.62,49.55,0,2022,11,4,45,0
2022-11-14,South Africa,Africa,0.645,0.595,1.5,52.25,3.83,14.8228,2.03,54.9,62.8,21.1,0,No Event,0.13,Medium,18.0,0.6205,0.0347291710921553,0.619,50.67,0,2022,11,4,46,0
2022-11-21,South Africa,Africa,0.634,0.589,1.827,51.29,3.16,14.9743,1.35,54.9,61.3,25.3,0,No Event,-0.22,Medium,18.0,0.6295,0.0342167174774318,0.645,52.25,0,2022,11,4,47,0
2022-11-28,South Africa,Africa,0.639,0.581,1.5,50.97,2.98,14.971,2.65,57.2,48.7,23.4,0,No Event,0.26,Medium,18.0,0.63425,0.0279276912412497,0.634,51.29,0,2022,11,4,48,0
2022-12-05,South Africa,Africa,0.731,0.663,1.863,58.85,2.98,14.8401,5.59,33.2,52.5,25.1,0,No Event,-0.04,Medium,18.0,0.66225,0.0480982009439402,0.639,50.97,1,2022,12,4,49,0
2022-12-12,South Africa,Africa,0.69,0.601,1.732,54.72,3.32,14.7456,2.64,56.3,59.4,26.5,0,No Event,0.06,Medium,18.0,0.6735,0.0526882501999913,0.731,58.85,0,2022,12,4,50,0
2022-12-19,South Africa,Africa,0.748,0.654,2.007,58.75,3.07,14.8568,4.01,43.5,65.0,28.0,0,No Event,0.43,Medium,18.0,0.702,0.0564594605082843,0.69,54.72,0,2022,12,4,51,0
2022-12-26,South Africa,Africa,0.797,0.7,1.669,62.8,3.06,14.9257,2.65,54.9,55.1,28.6,0,No Event,-0.03,Medium,18.0,0.7415,0.0568246475155256,0.748,58.75,0,2022,12,4,52,0
2023-01-02,South Africa,Africa,0.746,0.692,1.763,60.11,2.75,14.6315,2.22,46.2,51.9,29.5,0,No Event,-0.31,Medium,18.0,0.74525,0.0622105039095962,0.797,62.8,0,2023,1,1,1,0
2023-01-09,South Africa,Africa,0.771,0.694,1.601,62.68,4.32,15.1298,3.16,47.7,60.9,50.8,1,Russia-Ukraine War,0.74,Medium,18.0,0.7655000000000001,0.0580392649137087,0.746,60.11,0,2023,1,1,2,0
2023-01-16,South Africa,Africa,0.749,0.692,1.952,59.85,2.41,15.639,2.67,49.8,52.6,24.5,0,No Event,-0.64,Medium,18.0,0.7657499999999999,0.0600571031451864,0.771,62.68,0,2023,1,1,3,0
2023-01-23,South Africa,Africa,0.842,0.772,1.974,67.94,10.29,15.0589,0.57,55.9,47.4,52.2,1,Russia-Ukraine War,0.71,Medium,18.0,0.777,0.067091392549246,0.749,59.85,0,2023,1,1,4,0
2023-01-30,South Africa,Africa,0.831,0.732,2.162,66.6,2.11,14.9285,4.47,38.2,62.1,20.5,0,No Event,0.2,Medium,18.0,0.79825,0.0676273699590653,0.842,67.94,1,2023,1,1,5,0
2023-02-06,South Africa,Africa,0.831,0.729,2.334,65.75,3.25,14.9753,1.94,52.1,51.8,20.6,0,No Event,-0.31,Medium,18.0,0.8132499999999999,0.0678592112786367,0.831,66.6,0,2023,2,1,6,0
2023-02-13,South Africa,Africa,0.826,0.773,2.073,67.0,2.13,14.9195,2.83,55.7,50.2,22.7,0,No Event,-0.87,Medium,18.0,0.8324999999999999,0.067334329917916,0.831,65.75,0,2023,2,1,7,0
2023-02-20,South Africa,Africa,0.873,0.774,2.352,68.28,11.14,15.3373,2.02,60.3,51.6,63.9,1,Russia-Ukraine War,0.28,Medium,18.0,0.8402499999999999,0.0677346216395144,0.826,67.0,0,2023,2,1,8,0
2023-02-27,South Africa,Africa,0.834,0.783,2.052,69.1,1.91,15.0986,0.25,59.3,56.7,26.8,0,No Event,-1.28,Medium,18.0,0.841,0.0599033355623655,0.873,68.28,0,2023,2,1,9,0
2023-03-06,South Africa,Africa,0.796,0.729,2.178,64.49,2.92,15.2997,1.88,53.2,38.1,21.5,0,No Event,1.36,Medium,18.0,0.83225,0.0588737333217452,0.834,69.1,0,2023,3,1,10,0
2023-03-13,South Africa,Africa,0.863,0.763,2.151,67.74,3.1,15.1226,0.95,38.2,56.6,28.1,0,No Event,-0.3,Medium,18.0,0.8415,0.0588860354297309,0.796,64.49,1,2023,3,1,11,0
2023-03-20,South Africa,Africa,0.868,0.789,2.35,70.64,2.73,15.4018,1.63,51.4,51.1,28.2,0,No Event,-0.17,Medium,18.0,0.84025,0.0565723573733153,0.863,67.74,0,2023,3,1,12,0
2023-03-27,South Africa,Africa,0.798,0.756,2.004,63.94,2.14,15.295,4.15,59.8,50.5,22.1,0,No Event,-0.18,Medium,18.0,0.83125,0.0586791284293366,0.868,70.64,0,2023,3,1,13,0
2023-04-03,South Africa,Africa,0.842,0.75,1.95,66.1,2.31,15.2962,0.42,51.5,44.8,27.0,0,No Event,1.32,Medium,18.0,0.84275,0.0598814426363971,0.798,63.94,0,2023,4,2,14,0
2023-04-10,South Africa,Africa,0.83,0.724,1.983,64.95,2.56,14.9806,1.7,56.5,49.2,21.9,0,No Event,-0.09,Medium,18.0,0.8345,0.059206310124473,0.842,66.1,0,2023,4,2,15,0
2023-04-17,South Africa,Africa,0.883,0.779,1.809,68.87,3.5,15.0857,2.06,54.0,36.5,22.5,0,No Event,-0.37,Medium,18.0,0.8382499999999999,0.0505806468587102,0.83,64.95,0,2023,4,2,16,0
2023-04-24,South Africa,Africa,0.89,0.784,2.108,69.66,2.99,15.1876,2.54,44.2,37.4,20.9,0,No Event,-0.22,Medium,18.0,0.86125,0.0502558966655515,0.883,68.87,0,2023,4,2,17,0
2023-05-01,South Africa,Africa,0.938,0.865,2.397,74.68,3.64,15.3314,3.14,47.0,26.1,26.5,0,No Event,0.08,Medium,18.0,0.88525,0.0519665522344621,0.89,69.66,0,2023,5,2,18,0
2023-05-08,South Africa,Africa,0.793,0.771,1.656,67.17,1.76,15.382,4.33,45.2,38.0,21.2,0,No Event,-0.46,Medium,18.0,0.8760000000000001,0.0707801068523216,0.938,74.68,0,2023,5,2,19,0
2023-05-15,South Africa,Africa,0.865,0.788,1.945,71.26,3.94,14.9409,-0.35,59.8,51.1,27.9,0,No Event,-0.07,Medium,18.0,0.8715,0.0739078366171449,0.793,67.17,0,2023,5,2,20,0
2023-05-22,South Africa,Africa,0.743,0.709,2.037,62.62,3.22,15.0643,2.98,45.8,56.6,22.2,0,No Event,0.04,Medium,18.0,0.83475,0.0839699632082244,0.865,71.26,0,2023,5,2,21,0
2023-05-29,South Africa,Africa,0.752,0.701,1.514,60.98,3.3,14.9135,1.9,66.5,27.0,28.5,0,No Event,-0.23,Medium,18.0,0.78825,0.083159137926966,0.743,62.62,0,2023,5,2,22,0
2023-06-05,South Africa,Africa,0.764,0.663,1.538,60.44,2.72,15.1059,2.99,65.3,32.8,22.3,0,No Event,0.58,Medium,18.0,0.781,0.0790057893610692,0.752,60.98,0,2023,6,2,23,0
2023-06-12,South Africa,Africa,0.791,0.722,2.196,62.56,2.4,15.0472,2.36,39.6,40.0,24.1,0,No Event,0.88,Medium,18.0,0.7625,0.079898973792159,0.764,60.44,1,2023,6,2,24,0
2023-06-19,South Africa,Africa,0.726,0.693,1.759,59.91,2.0,14.8918,3.19,43.2,45.7,23.1,0,No Event,-0.49,Medium,18.0,0.7582500000000001,0.0800323655684696,0.791,62.56,0,2023,6,2,25,0
2023-06-26,South Africa,Africa,0.666,0.615,1.601,54.29,2.31,14.9046,2.2,47.6,38.3,20.5,0,No Event,-0.58,Medium,18.0,0.73675,0.0805414463060683,0.726,59.91,0,2023,6,2,26,0
2023-07-03,South Africa,Africa,0.685,0.609,1.694,54.4,2.3,15.1655,3.9,66.2,45.4,24.7,0,No Event,-0.28,Medium,18.0,0.7170000000000001,0.0815771665818014,0.666,54.29,0,2023,7,3,27,0
2023-07-10,South Africa,Africa,0.711,0.636,1.5,54.85,2.94,14.8654,3.45,61.6,36.0,25.6,0,No Event,0.31,Medium,18.0,0.697,0.0796893666559509,0.685,54.4,0,2023,7,3,28,0
2023-07-17,South Africa,Africa,0.728,0.645,2.048,57.72,2.43,14.8198,0.62,49.4,49.0,26.1,0,No Event,-0.56,Medium,18.0,0.6975,0.0802358825040548,0.711,54.85,0,2023,7,3,29,0
2023-07-24,South Africa,Africa,0.701,0.616,1.738,56.2,3.17,15.0308,1.33,58.7,51.4,22.6,0,No Event,0.6,Medium,18.0,0.7062499999999999,0.0775394059565931,0.728,57.72,0,2023,7,3,30,0
2023-07-31,South Africa,Africa,0.658,0.587,1.583,51.56,2.41,15.0396,0.97,45.2,55.4,26.3,0,No Event,-0.97,Medium,18.0,0.6995,0.0668842656186133,0.701,56.2,0,2023,7,3,31,0
2023-08-07,South Africa,Africa,0.668,0.58,1.5,52.3,3.25,15.0732,0.75,36.4,49.6,21.7,0,No Event,-1.27,Medium,18.0,0.68875,0.0593201304659595,0.658,51.56,1,2023,8,3,32,0
2023-08-14,South Africa,Africa,0.593,0.548,1.555,48.21,2.11,14.9356,3.04,45.9,51.0,24.8,0,No Event,-0.11,Medium,18.0,0.655,0.054339058786916,0.668,52.3,0,2023,8,3,33,0
2023-08-21,South Africa,Africa,0.65,0.576,1.5,50.8,2.9,14.8547,2.04,57.2,37.9,27.5,0,No Event,0.63,Medium,18.0,0.64225,0.0631564592628229,0.593,48.21,0,2023,8,3,34,0
2023-08-28,South Africa,Africa,0.674,0.594,1.701,52.55,2.79,14.9626,1.45,50.7,45.9,20.1,0,No Event,-0.27,Medium,18.0,0.64625,0.0642270514189854,0.65,50.8,0,2023,8,3,35,0
2023-09-04,South Africa,Africa,0.609,0.514,1.5,48.21,2.51,14.7935,3.0,33.6,49.6,25.1,0,No Event,0.32,Medium,18.0,0.6315,0.0672514899252521,0.674,52.55,1,2023,9,3,36,0
2023-09-11,South Africa,Africa,0.606,0.538,1.5,48.93,3.17,14.9745,-0.87,55.7,51.5,26.5,0,No Event,0.56,Medium,18.0,0.6347499999999999,0.0643348808621406,0.609,48.21,0,2023,9,3,37,0
2023-09-18,South Africa,Africa,0.615,0.564,1.656,49.77,2.08,14.6723,2.13,44.4,63.1,20.4,0,No Event,-0.76,Medium,18.0,0.626,0.0608001275867818,0.606,48.93,0,2023,9,3,38,0
2023-09-25,South Africa,Africa,0.64,0.552,1.718,51.04,1.64,14.9362,1.39,25.8,69.0,26.5,0,No Event,0.94,Medium,18.0,0.6175,0.0615023257994568,0.615,49.77,1,2023,9,3,39,0
2023-10-02,South Africa,Africa,0.672,0.588,1.718,54.17,8.08,15.4168,1.38,45.1,43.1,47.1,1,Middle East Crisis,0.65,Medium,18.0,0.6332500000000001,0.062339534848922,0.64,51.04,0,2023,10,4,40,0
2023-10-09,South Africa,Africa,0.653,0.585,1.5,51.94,2.53,15.0907,1.53,58.1,56.2,21.2,0,No Event,-0.1,Medium,18.0,0.645,0.062121480961663,0.672,54.17,0,2023,10,4,41,0
2023-10-16,South Africa,Africa,0.686,0.617,1.5,56.15,5.2,16.1538,2.45,39.6,63.1,40.5,1,Middle East Crisis,0.39,Medium,18.0,0.6627500000000001,0.0634271973040835,0.653,51.94,1,2023,10,4,42,0
2023-10-23,South Africa,Africa,0.718,0.645,1.5,57.31,3.43,15.6286,0.49,51.9,50.8,25.0,0,No Event,0.57,Medium,18.0,0.68225,0.0615527345952697,0.686,56.15,0,2023,10,4,43,0
2023-10-30,South Africa,Africa,0.809,0.776,2.002,67.49,2.96,15.9422,1.77,47.5,49.6,27.9,0,No Event,0.23,Medium,18.0,0.7165000000000001,0.070353005161963,0.718,57.31,0,2023,10,4,44,0
2023-11-06,South Africa,Africa,0.822,0.74,2.098,65.34,9.22,16.4026,1.12,41.2,59.4,50.6,1,Middle East Crisis,-0.2,Medium,18.0,0.7587499999999999,0.057213222460434,0.809,67.49,0,2023,11,4,45,0
2023-11-13,South Africa,Africa,0.803,0.703,1.631,64.3,6.24,17.2939,3.13,44.3,60.6,39.2,1,Middle East Crisis,0.89,Medium,18.0,0.788,0.0548142627378963,0.822,65.34,0,2023,11,4,46,0
2023-11-20,South Africa,Africa,0.91,0.801,1.826,70.18,2.75,17.2012,1.87,42.4,46.2,26.4,0,No Event,-0.51,Medium,18.0,0.836,0.0639478198273661,0.803,64.3,0,2023,11,4,47,0
2023-11-27,South Africa,Africa,0.877,0.793,2.25,71.42,3.13,16.5764,4.14,50.0,49.2,25.5,0,No Event,0.33,Medium,18.0,0.8530000000000001,0.0551245659664588,0.91,70.18,0,2023,11,4,48,0
2023-12-04,South Africa,Africa,0.945,0.855,2.489,75.4,2.99,17.1976,2.95,51.6,46.3,20.8,0,No Event,-0.47,Medium,18.0,0.88375,0.0552181702779062,0.877,71.42,0,2023,12,4,49,0
2023-12-11,South Africa,Africa,0.952,0.871,2.263,78.04,9.82,17.2547,2.24,42.7,41.2,59.6,1,Middle East Crisis,-0.14,Medium,18.0,0.921,0.0555555540558717,0.945,75.4,0,2023,12,4,50,0
2023-12-18,South Africa,Africa,1.069,0.964,2.296,84.28,2.82,17.5814,3.97,59.4,52.5,23.9,0,No Event,-0.1,Medium,18.0,0.96075,0.0606904369319374,0.952,78.04,0,2023,12,4,51,0
2023-12-25,South Africa,Africa,1.026,0.938,2.256,82.95,7.77,17.9014,2.15,63.4,44.6,49.4,1,Middle East Crisis,0.16,Medium,18.0,0.998,0.0654551376152222,1.069,84.28,0,2023,12,4,52,0
2024-01-01,South Africa,Africa,1.046,0.952,2.483,85.15,1.99,17.6775,-0.52,59.4,56.7,29.6,0,No Event,0.07,Medium,18.0,1.02325,0.0624576031159872,1.026,82.95,0,2024,1,1,1,0
2024-01-08,South Africa,Africa,0.809,0.72,2.052,62.94,3.04,17.6803,0.97,59.5,48.0,27.8,0,No Event,-0.2,Medium,18.0,0.9875,0.0992849676407591,1.046,85.15,0,2024,1,1,2,0
2024-01-15,South Africa,Africa,0.737,0.647,2.03,57.95,2.75,18.1229,1.48,44.5,45.0,24.8,0,No Event,-0.86,Medium,18.0,0.9045,0.1034430463533834,0.809,62.94,0,2024,1,1,3,0
2024-01-22,South Africa,Africa,0.72,0.674,2.139,60.51,7.26,18.3594,3.4,41.8,68.4,51.6,1,Middle East Crisis,-0.54,Medium,18.0,0.8280000000000001,0.0965337148306054,0.737,57.95,0,2024,1,1,4,0
2024-01-29,South Africa,Africa,0.868,0.755,2.274,67.48,2.57,18.3253,3.11,56.2,50.7,22.1,0,No Event,-0.58,Medium,18.0,0.7835,0.1141984558655845,0.72,60.51,0,2024,1,1,5,0
2024-02-05,South Africa,Africa,0.915,0.799,1.782,71.28,3.89,18.107,0.41,61.1,49.4,28.6,0,No Event,-0.06,Medium,18.0,0.8099999999999999,0.1142992306108442,0.868,67.48,0,2024,2,1,6,0
2024-02-12,South Africa,Africa,0.836,0.709,1.896,65.75,7.14,18.5912,2.16,57.3,55.3,37.4,1,Middle East Crisis,0.58,Medium,18.0,0.8347500000000001,0.1115577187923246,0.915,71.28,0,2024,2,1,7,0
2024-02-19,South Africa,Africa,0.849,0.761,1.644,67.68,7.0,18.7277,-0.01,55.4,56.2,38.2,1,Middle East Crisis,-0.06,Medium,18.0,0.867,0.1110790095620782,0.836,65.75,0,2024,2,1,8,0
2024-02-26,South Africa,Africa,0.874,0.775,1.949,68.87,3.21,18.8408,0.83,40.6,57.8,25.1,0,No Event,0.26,Medium,18.0,0.8685,0.1089979220077958,0.849,67.68,0,2024,2,1,9,0
2024-03-04,South Africa,Africa,0.957,0.896,2.173,77.75,2.73,18.9927,3.02,49.8,51.7,22.1,0,No Event,-0.35,Medium,18.0,0.879,0.1124790879766211,0.874,68.87,0,2024,3,1,10,0
2024-03-11,South Africa,Africa,0.912,0.816,2.147,73.2,7.35,19.9137,2.75,62.4,56.8,51.1,1,Middle East Crisis,0.52,Medium,18.0,0.8979999999999999,0.1070446859573921,0.957,77.75,0,2024,3,1,11,0
2024-03-18,South Africa,Africa,0.848,0.783,2.378,71.37,2.52,19.9436,3.01,59.1,42.0,23.3,0,No Event,0.5,Medium,18.0,0.89775,0.1082133637336318,0.912,73.2,0,2024,3,1,12,0
2024-03-25,South Africa,Africa,0.848,0.768,2.143,66.68,2.54,19.8585,2.81,51.1,55.1,24.7,0,No Event,0.55,Medium,18.0,0.89125,0.1078720317021067,0.848,71.37,0,2024,3,1,13,0
2024-04-01,South Africa,Africa,0.828,0.744,1.895,66.24,3.07,19.6521,1.95,50.4,41.1,27.1,0,No Event,-0.82,Medium,18.0,0.859,0.0845344144109962,0.848,66.68,0,2024,4,2,14,0
2024-04-08,South Africa,Africa,0.859,0.754,2.404,67.17,8.03,20.5998,1.37,53.2,58.8,40.7,1,Middle East Crisis,-0.82,Medium,18.0,0.84575,0.0794761166134823,0.828,66.24,0,2024,4,2,15,0
2024-04-15,South Africa,Africa,0.842,0.748,2.147,67.26,6.7,21.3948,1.31,52.2,56.1,37.7,1,Middle East Crisis,0.06,Medium,18.0,0.8442500000000001,0.0793368143885352,0.859,67.17,0,2024,4,2,16,0
2024-04-22,South Africa,Africa,0.797,0.699,2.113,63.87,4.35,22.0534,0.83,39.7,50.3,53.2,1,Middle East Crisis,-0.74,Medium,18.0,0.8314999999999999,0.0543229072861031,0.842,67.26,1,2024,4,2,17,0
2024-04-29,South Africa,Africa,0.775,0.713,1.657,64.12,1.73,22.0728,2.13,52.8,50.0,26.3,0,No Event,-0.67,Medium,18.0,0.81825,0.0511649153669621,0.797,63.87,0,2024,4,2,18,0
2024-05-06,South Africa,Africa,0.82,0.758,2.197,64.33,3.22,22.4007,-0.26,65.5,47.9,25.3,0,No Event,-0.15,Medium,18.0,0.8085,0.0491743064901864,0.775,64.12,0,2024,5,2,19,0
2024-05-13,South Africa,Africa,0.841,0.82,1.719,69.97,3.81,22.0061,3.13,60.4,57.2,21.2,0,No Event,-0.49,Medium,18.0,0.8082499999999999,0.0495572865341763,0.82,64.33,0,2024,5,2,20,0
2024-05-20,South Africa,Africa,0.841,0.732,1.672,67.03,3.96,21.9752,0.88,41.5,36.5,26.3,0,No Event,-0.55,Medium,18.0,0.81925,0.0487059730890397,0.841,69.97,0,2024,5,2,21,0
2024-05-27,South Africa,Africa,0.824,0.74,1.982,66.02,2.6,21.7636,2.12,51.9,44.4,21.9,0,No Event,0.19,Medium,18.0,0.8314999999999999,0.0380063257543762,0.841,67.03,0,2024,5,2,22,0
2024-06-03,South Africa,Africa,0.842,0.787,1.706,68.19,3.06,22.0019,0.23,50.8,41.5,20.1,0,No Event,-0.01,Medium,18.0,0.837,0.037386623063582,0.824,66.02,0,2024,6,2,23,0
2024-06-10,South Africa,Africa,0.793,0.72,1.668,65.18,3.43,21.9196,2.21,68.2,34.5,26.2,0,No Event,-0.86,Medium,18.0,0.825,0.0356356691072578,0.842,68.19,0,2024,6,2,24,0
2024-06-17,South Africa,Africa,0.755,0.675,2.184,61.14,7.15,22.0799,2.24,57.2,50.1,31.9,1,Middle East Crisis,-0.41,Medium,18.0,0.8035,0.0376534831457583,0.793,65.18,0,2024,6,2,25,0
2024-06-24,South Africa,Africa,0.777,0.688,1.676,61.68,2.94,22.0795,1.4,46.9,50.3,29.5,0,No Event,-0.32,Medium,18.0,0.7917500000000001,0.0388517323823191,0.755,61.14,0,2024,6,2,26,0
2024-07-01,South Africa,Africa,0.742,0.657,1.64,59.14,7.11,22.6579,0.35,49.8,58.4,44.5,1,Middle East Crisis,-0.46,Medium,18.0,0.76675,0.0380278967189198,0.777,61.68,0,2024,7,3,27,0
2024-07-08,South Africa,Africa,0.679,0.607,1.872,54.09,3.74,22.4504,1.76,53.6,45.3,22.7,0,No Event,-1.07,Medium,18.0,0.73825,0.0435665687401524,0.742,59.14,0,2024,7,3,28,0
2024-07-15,South Africa,Africa,0.73,0.667,1.993,58.63,2.54,22.8752,1.9,41.8,42.9,28.0,0,No Event,0.09,Medium,18.0,0.732,0.0492017582355719,0.679,54.09,0,2024,7,3,29,0
2024-07-22,South Africa,Africa,0.648,0.59,1.511,52.3,2.9,22.6855,4.06,52.9,50.3,29.4,0,No Event,0.3,Medium,18.0,0.69975,0.0578713237205713,0.73,58.63,0,2024,7,3,30,0
2024-07-29,South Africa,Africa,0.636,0.583,1.5,51.58,2.84,22.7115,2.14,59.7,61.7,23.4,0,No Event,-0.78,Medium,18.0,0.67325,0.0533387928824841,0.648,52.3,0,2024,7,3,31,0
2024-08-05,South Africa,Africa,0.72,0.626,1.5,56.24,2.82,22.7906,1.45,28.9,54.0,29.9,0,No Event,0.51,Medium,18.0,0.6835,0.068301593553262,0.636,51.58,1,2024,8,3,32,0
2024-08-12,South Africa,Africa,0.692,0.638,1.871,55.38,3.55,22.3353,1.76,39.9,52.8,22.1,0,No Event,-1.03,Medium,18.0,0.674,0.0686669648428089,0.72,56.24,1,2024,8,3,33,0
2024-08-19,South Africa,Africa,0.617,0.553,1.563,48.51,2.74,22.1098,1.94,25.3,52.6,21.4,0,No Event,0.5,Medium,18.0,0.66625,0.0739105156990815,0.692,55.38,1,2024,8,3,34,0
2024-08-26,South Africa,Africa,0.64,0.576,1.5,51.09,2.56,22.6369,3.64,50.3,37.9,22.5,0,No Event,-0.28,Medium,18.0,0.6672499999999999,0.0748583165160731,0.617,48.51,0,2024,8,3,35,0
2024-09-02,South Africa,Africa,0.605,0.548,1.5,48.73,7.58,23.4106,1.41,51.0,43.2,54.4,1,Middle East Crisis,0.24,Medium,18.0,0.6385000000000001,0.0747025246432704,0.64,51.09,0,2024,9,3,36,0
2024-09-09,South Africa,Africa,0.617,0.558,1.768,50.45,7.53,24.336,0.39,34.1,48.1,48.2,1,Middle East Crisis,0.74,Medium,18.0,0.61975,0.0749404936713273,0.605,48.73,1,2024,9,3,37,0
2024-09-16,South Africa,Africa,0.662,0.569,1.504,50.44,6.39,24.6626,0.85,51.6,47.3,44.6,1,Middle East Crisis,-0.61,Medium,18.0,0.631,0.0782322381208169,0.617,50.45,0,2024,9,3,38,0
2024-09-23,South Africa,Africa,0.58,0.533,1.5,47.77,2.97,25.445,1.56,52.2,57.4,24.7,0,No Event,0.21,Medium,18.0,0.616,0.0844610451375262,0.662,50.44,0,2024,9,3,39,0
2024-09-30,South Africa,Africa,0.616,0.579,1.574,50.75,3.28,25.2079,0.11,49.8,52.6,24.2,0,No Event,0.32,Medium,18.0,0.61875,0.0843797871877957,0.58,47.77,0,2024,9,3,40,0
2024-10-07,South Africa,Africa,0.597,0.541,1.674,48.02,3.51,25.1522,2.4,46.6,42.7,28.6,0,No Event,-0.66,Medium,18.0,0.61375,0.0807243040524233,0.616,50.75,0,2024,10,4,41,0
2024-10-14,South Africa,Africa,0.664,0.562,1.647,51.49,2.5,24.5464,0.7,53.3,48.1,24.5,0,No Event,0.59,Medium,18.0,0.61425,0.0817804221077044,0.597,48.02,0,2024,10,4,42,0
2024-10-21,South Africa,Africa,0.663,0.572,1.5,52.35,3.68,24.745,4.47,54.2,45.8,28.6,0,No Event,0.24,Medium,18.0,0.635,0.0814806240919511,0.664,51.49,0,2024,10,4,43,0
2024-10-28,South Africa,Africa,0.652,0.565,1.694,51.72,2.98,25.3143,3.59,46.4,47.4,25.4,0,No Event,0.74,Medium,18.0,0.644,0.0713239807743169,0.663,52.35,0,2024,10,4,44,0
2024-11-04,South Africa,Africa,0.626,0.572,1.571,51.18,2.58,24.8033,3.07,43.3,48.8,26.5,0,No Event,-0.31,Medium,18.0,0.65125,0.0713661386649143,0.652,51.72,0,2024,11,4,45,0
2024-11-11,South Africa,Africa,0.688,0.599,1.858,53.89,2.94,24.8574,1.9,40.4,45.1,22.3,0,No Event,0.21,Medium,18.0,0.65725,0.0693937836973217,0.626,51.18,0,2024,11,4,46,0
2024-11-18,South Africa,Africa,0.691,0.617,1.5,55.42,3.22,25.3824,-0.79,39.8,41.1,24.3,0,No Event,0.28,Medium,18.0,0.66425,0.0689240514519548,0.688,53.89,1,2024,11,4,47,0
2024-11-25,South Africa,Africa,0.691,0.64,1.802,57.0,3.34,25.5065,3.35,42.9,41.6,25.4,0,No Event,0.34,Medium,18.0,0.6739999999999999,0.0661102162601846,0.691,55.42,0,2024,11,4,48,0
2024-12-02,South Africa,Africa,0.656,0.6,1.629,53.5,2.75,24.9112,3.31,44.9,51.2,24.9,0,No Event,-0.46,Medium,18.0,0.6815,0.0685484807811395,0.691,57.0,0,2024,12,4,49,0
2024-12-09,South Africa,Africa,0.735,0.65,1.824,58.2,3.31,25.3395,1.34,60.7,62.6,21.4,0,No Event,-0.24,Medium,18.0,0.69325,0.0738500922708413,0.656,53.5,0,2024,12,4,50,0
2024-12-16,South Africa,Africa,0.738,0.713,1.955,61.06,2.64,25.1341,2.92,50.3,58.0,24.9,0,No Event,0.45,Medium,18.0,0.705,0.0606234503071695,0.735,58.2,0,2024,12,4,51,0
2024-12-23,South Africa,Africa,0.71,0.636,1.5,57.23,2.29,25.5631,4.0,58.6,46.8,23.7,0,No Event,-0.15,Medium,18.0,0.70975,0.0614669316237794,0.738,61.06,0,2024,12,4,52,0
2024-12-30,South Africa,Africa,0.747,0.671,1.82,61.51,2.92,25.6403,2.0,40.6,59.1,24.4,0,No Event,-0.06,Medium,18.0,0.7324999999999999,0.0606787400223327,0.71,57.23,0,2024,12,4,1,0
2025-01-06,South Africa,Africa,0.755,0.701,1.624,60.77,3.57,25.9569,4.31,36.2,57.2,23.6,0,No Event,-0.1,Medium,18.0,0.7375,0.0533587375225242,0.747,61.51,1,2025,1,1,2,0
2025-01-13,South Africa,Africa,0.824,0.71,1.828,65.38,3.8,25.5191,3.87,56.6,58.2,29.0,0,No Event,0.23,Medium,18.0,0.759,0.0577749953041138,0.755,60.77,0,2025,1,1,3,0
2025-01-20,South Africa,Africa,0.805,0.735,1.801,65.42,3.5,25.3777,2.03,64.6,52.1,20.1,0,No Event,-0.12,Medium,18.0,0.7827500000000001,0.0581736380052139,0.824,65.38,0,2025,1,1,4,0
2025-01-27,South Africa,Africa,0.754,0.707,1.789,62.63,2.64,25.3466,2.62,57.5,70.9,27.2,0,No Event,-0.13,Medium,18.0,0.7845,0.0606823123261403,0.805,65.42,0,2025,1,1,5,0
2025-02-03,South Africa,Africa,0.822,0.721,1.681,65.03,2.61,24.8986,1.98,51.8,46.6,28.7,0,No Event,0.5,Medium,18.0,0.80125,0.059642245606851,0.754,62.63,0,2025,2,1,6,0
2025-02-10,South Africa,Africa,0.902,0.812,2.172,71.26,1.83,25.2805,1.48,57.4,47.1,25.8,0,No Event,0.39,Medium,18.0,0.82075,0.0638107964151883,0.822,65.03,0,2025,2,1,7,0
2025-02-17,South Africa,Africa,0.908,0.779,2.448,70.79,2.65,24.9888,4.6,58.9,46.0,22.3,0,No Event,-0.3,Medium,18.0,0.8464999999999999,0.0636093815336937,0.902,71.26,0,2025,2,1,8,0
2025-02-24,South Africa,Africa,0.853,0.754,1.785,67.8,3.18,25.3748,2.43,65.0,53.0,24.8,0,No Event,-0.56,Medium,18.0,0.87125,0.064734108622179,0.908,70.79,0,2025,2,1,9,0
2025-03-03,South Africa,Africa,0.887,0.824,2.091,71.86,3.18,25.9239,4.42,55.3,69.7,25.5,0,No Event,-0.02,Medium,18.0,0.8875000000000001,0.0576095286094661,0.853,67.8,0,2025,3,1,10,0
2025-03-10,South Africa,Africa,0.85,0.777,2.374,68.26,3.5,25.5468,3.96,56.1,50.6,26.9,0,No Event,-0.71,Medium,18.0,0.8745,0.060029498556741,0.887,71.86,0,2025,3,1,11,0
2025-03-17,South Africa,Africa,0.873,0.811,2.408,70.05,2.96,26.153,0.41,54.1,60.8,25.9,0,No Event,-0.06,Medium,18.0,0.86575,0.0578626870246331,0.85,68.26,0,2025,3,1,12,0
2025-03-24,South Africa,Africa,0.835,0.764,1.768,66.7,2.13,25.3911,4.67,57.8,51.4,25.1,0,No Event,-0.28,Medium,18.0,0.86125,0.0594349336304568,0.873,70.05,0,2025,3,1,13,0
2025-03-31,South Africa,Africa,0.838,0.771,2.105,67.99,2.14,25.5262,0.21,47.9,47.8,29.8,0,No Event,0.33,Medium,18.0,0.849,0.0594726400532373,0.835,66.7,0,2025,3,1,14,0
2025-04-07,South Africa,Africa,0.822,0.753,1.873,68.36,2.74,25.4212,0.11,63.5,56.2,26.2,0,No Event,0.55,Medium,18.0,0.8420000000000001,0.0540894184001119,0.838,67.99,0,2025,4,2,15,0
2025-04-14,South Africa,Africa,0.861,0.772,1.848,69.51,3.73,25.508,3.28,67.2,48.9,27.6,0,No Event,-0.15,Medium,18.0,0.839,0.0550458978187999,0.822,68.36,0,2025,4,2,16,0
2025-04-21,South Africa,Africa,0.855,0.749,1.746,67.48,3.6,25.3608,0.71,47.2,36.5,22.3,0,No Event,-0.15,Medium,18.0,0.844,0.0507331733589742,0.861,69.51,0,2025,4,2,17,0
2025-04-28,South Africa,Africa,0.874,0.812,1.939,70.73,3.12,25.4473,3.7,49.5,55.3,24.6,0,No Event,0.98,Medium,18.0,0.853,0.0445955583985616,0.855,67.48,0,2025,4,2,18,0
2025-05-05,South Africa,Africa,0.817,0.762,2.347,66.68,2.49,25.5038,1.95,53.5,27.0,20.4,0,No Event,0.37,Medium,18.0,0.8517499999999999,0.0386290205871834,0.874,70.73,0,2025,5,2,19,0
2025-05-12,South Africa,Africa,0.848,0.767,2.201,69.43,2.72,24.9449,2.27,66.5,47.4,26.0,0,No Event,-0.32,Medium,18.0,0.8485,0.0406748098415997,0.817,66.68,0,2025,5,2,20,0
2025-05-19,South Africa,Africa,0.789,0.68,2.167,62.96,2.71,25.5632,-2.1,49.7,45.0,29.3,0,No Event,0.27,Medium,18.0,0.832,0.0418604814005132,0.848,69.43,0,2025,5,2,21,0
2025-05-26,South Africa,Africa,0.816,0.725,2.301,65.47,3.0,25.3968,0.38,55.2,37.5,21.5,0,No Event,0.26,Medium,18.0,0.8174999999999999,0.0413313074576872,0.789,62.96,0,2025,5,2,22,0
2025-06-02,South Africa,Africa,0.806,0.711,2.26,64.46,3.03,25.4306,3.74,51.6,54.5,20.1,0,No Event,-0.55,Medium,18.0,0.8147500000000001,0.0398751545493324,0.816,65.47,0,2025,6,2,23,0
2025-06-09,South Africa,Africa,0.729,0.664,1.865,58.62,3.01,25.3455,1.46,60.2,46.3,21.2,0,No Event,0.63,Medium,18.0,0.785,0.0464466550029469,0.806,64.46,0,2025,6,2,24,0
2025-06-16,South Africa,Africa,0.754,0.703,1.535,61.41,3.44,25.3701,1.09,56.9,37.5,25.6,0,No Event,0.56,Medium,18.0,0.77625,0.0473570849893212,0.729,58.62,0,2025,6,2,25,0
2025-06-23,South Africa,Africa,0.765,0.673,2.172,61.58,3.12,25.4762,2.73,38.3,29.5,28.5,0,No Event,-0.23,Medium,18.0,0.7635,0.047694529218889,0.754,61.41,0,2025,6,2,26,0
2025-06-30,South Africa,Africa,0.749,0.651,1.528,59.52,3.43,24.9602,2.26,64.4,35.8,28.9,0,No Event,0.28,Medium,18.0,0.7492500000000001,0.0477411598675856,0.765,61.58,0,2025,6,2,27,0
2025-07-07,South Africa,Africa,0.74,0.655,1.938,58.55,3.17,25.3566,0.49,50.0,35.4,21.9,0,No Event,-0.03,Medium,18.0,0.752,0.0445989703950555,0.749,59.52,0,2025,7,3,28,0
2025-07-14,South Africa,Africa,0.717,0.643,1.5,56.22,2.92,25.2611,2.01,49.0,30.8,21.7,0,No Event,0.7,Medium,18.0,0.74275,0.044913364457204,0.74,58.55,0,2025,7,3,29,0
2025-07-21,South Africa,Africa,0.685,0.655,1.629,55.56,3.53,25.0698,1.99,45.2,40.2,25.8,0,No Event,1.03,Medium,18.0,0.72275,0.0442052451723534,0.717,56.22,0,2025,7,3,30,0
2025-07-28,South Africa,Africa,0.728,0.633,1.5,56.65,2.86,25.6278,2.82,52.1,42.3,25.8,0,No Event,-0.24,Medium,18.0,0.7175,0.0474124401550867,0.685,55.56,0,2025,7,3,31,0
2025-08-04,South Africa,Africa,0.734,0.66,1.661,58.47,3.55,25.2089,1.39,51.0,53.6,25.6,0,No Event,-0.91,Medium,18.0,0.716,0.0455034121908218,0.728,56.65,0,2025,8,3,32,0
2025-08-11,South Africa,Africa,0.7,0.608,1.5,55.33,2.28,25.1174,3.8,51.4,27.9,23.3,0,No Event,0.58,Medium,18.0,0.71175,0.043219517629456,0.734,58.47,0,2025,8,3,33,0
2025-08-18,South Africa,Africa,0.679,0.604,1.872,54.28,2.97,25.2218,1.62,55.3,35.8,20.8,0,No Event,0.44,Medium,18.0,0.71025,0.0413078279995327,0.7,55.33,0,2025,8,3,34,0
2025-08-25,South Africa,Africa,0.647,0.573,1.683,51.51,3.27,25.41,2.22,41.0,47.2,22.2,0,No Event,-0.1,Medium,18.0,0.6900000000000001,0.0423562487167819,0.679,54.28,0,2025,8,3,35,0
2025-09-01,South Africa,Africa,0.662,0.59,1.5,51.57,3.33,24.9001,2.58,48.8,28.4,29.3,0,No Event,0.04,Medium,18.0,0.6719999999999999,0.0357784608908243,0.647,51.51,0,2025,9,3,36,0
2025-09-08,South Africa,Africa,0.63,0.559,1.5,50.9,3.34,24.9979,1.05,41.8,46.9,29.8,0,No Event,-0.33,Medium,18.0,0.6545000000000001,0.0349633293733894,0.662,51.57,0,2025,9,3,37,0
2025-09-15,South Africa,Africa,0.67,0.602,1.5,52.79,3.19,24.9393,1.41,41.6,50.7,22.1,0,No Event,-0.09,Medium,18.0,0.65225,0.0409710191223488,0.63,50.9,0,2025,9,3,38,0
2025-09-22,South Africa,Africa,0.616,0.529,1.668,48.73,2.6,25.1443,1.0,44.0,40.2,23.4,0,No Event,-0.11,Medium,18.0,0.6445000000000001,0.0457320208686052,0.67,52.79,0,2025,9,3,39,0
2025-09-29,South Africa,Africa,0.655,0.586,1.527,51.92,2.48,25.1748,1.44,28.1,42.1,25.4,0,No Event,0.32,Medium,18.0,0.64275,0.0510676483774982,0.616,48.73,1,2025,9,3,40,0
2025-10-06,South Africa,Africa,0.701,0.638,1.856,56.25,3.73,24.8504,2.48,45.3,55.4,20.1,0,No Event,-0.32,Medium,18.0,0.6605,0.0552728715533034,0.655,51.92,0,2025,10,4,41,0
2025-10-13,South Africa,Africa,0.653,0.592,1.547,52.79,3.57,24.7547,2.82,52.6,60.3,25.4,0,No Event,0.65,Medium,18.0,0.65625,0.0573921113735242,0.701,56.25,0,2025,10,4,42,0
2025-10-20,South Africa,Africa,0.628,0.585,1.831,51.52,2.19,24.7793,4.61,33.7,51.4,29.2,0,No Event,0.37,Medium,18.0,0.65925,0.0542783370204706,0.653,52.79,1,2025,10,4,43,0
2025-10-27,South Africa,Africa,0.718,0.654,1.913,57.36,2.94,25.5137,2.87,39.0,68.8,20.1,0,No Event,-0.15,Medium,18.0,0.675,0.0702589761509813,0.628,51.52,1,2025,10,4,44,0
2025-11-03,South Africa,Africa,0.696,0.616,1.842,53.87,3.32,24.4993,-0.82,42.8,56.2,20.9,0,No Event,1.12,Medium,18.0,0.67375,0.0694529115719348,0.718,57.36,0,2025,11,4,45,0
2025-11-10,South Africa,Africa,0.632,0.552,1.5,49.8,3.09,25.1317,1.48,46.9,60.1,22.6,0,No Event,0.2,Medium,18.0,0.6685,0.0741642260254101,0.696,53.87,0,2025,11,4,46,0
2025-11-17,South Africa,Africa,0.655,0.589,1.5,51.77,3.13,25.2641,2.83,37.9,46.7,28.1,0,No Event,-0.04,Medium,18.0,0.67525,0.0736137211579048,0.632,49.8,1,2025,11,4,47,0
2025-11-24,South Africa,Africa,0.668,0.606,1.5,53.62,2.5,25.2589,3.48,54.9,47.2,22.1,0,No Event,0.95,Medium,18.0,0.66275,0.0735387501823845,0.655,51.77,0,2025,11,4,48,0
2025-12-01,South Africa,Africa,0.723,0.645,1.652,58.07,2.59,25.4216,2.3,50.6,41.2,22.0,0,No Event,-0.1,Medium,18.0,0.6695,0.0748774258918656,0.668,53.62,0,2025,12,4,49,0
2025-12-08,South Africa,Africa,0.746,0.672,1.728,58.86,2.93,25.2481,1.84,46.3,59.5,24.2,0,No Event,-0.69,Medium,18.0,0.698,0.0735231574893335,0.723,58.07,0,2025,12,4,50,0
2025-12-15,South Africa,Africa,0.781,0.699,2.084,62.21,2.15,25.2501,2.72,48.5,61.5,24.5,0,No Event,0.01,Medium,18.0,0.7295,0.0680205932318809,0.746,58.86,0,2025,12,4,51,0
2025-12-22,South Africa,Africa,0.767,0.667,1.691,61.0,3.35,25.3452,2.73,57.2,41.8,20.3,0,No Event,-0.23,Medium,18.0,0.75425,0.0675837125045553,0.781,62.21,0,2025,12,4,52,0
2025-12-29,South Africa,Africa,0.743,0.678,1.784,60.29,3.11,25.5084,2.09,36.3,67.1,28.2,0,No Event,-0.31,Medium,18.0,0.75925,0.066426454705983,0.767,61.0,1,2025,12,4,1,0
2026-01-05,South Africa,Africa,0.814,0.76,2.117,66.06,2.96,25.4257,2.71,62.8,68.6,22.7,0,No Event,-0.4,Medium,18.0,0.77625,0.066397399758568,0.743,60.29,0,2026,1,1,2,0
2026-01-12,South Africa,Africa,0.727,0.658,1.778,59.34,2.53,25.7536,1.73,53.4,42.4,28.0,0,No Event,0.22,Medium,18.0,0.76275,0.0743905311325521,0.814,66.06,0,2026,1,1,3,0
2026-01-19,South Africa,Africa,0.82,0.735,2.113,65.36,2.62,25.5989,0.81,43.1,46.6,25.2,0,No Event,0.04,Medium,18.0,0.776,0.0720699627941028,0.727,59.34,0,2026,1,1,4,0
2026-01-26,South Africa,Africa,0.827,0.745,1.83,66.93,2.68,25.7917,2.83,64.7,62.4,24.8,0,No Event,-0.69,Medium,18.0,0.7969999999999999,0.0707637486769013,0.82,65.36,0,2026,1,1,5,0
2026-02-02,South Africa,Africa,0.815,0.767,1.83,66.53,2.42,25.0611,2.58,56.5,50.0,28.4,0,No Event,0.73,Medium,18.0,0.79725,0.0630583615435373,0.827,66.93,0,2026,2,1,6,0
2026-02-09,South Africa,Africa,0.894,0.793,2.306,71.14,2.92,25.656,0.56,42.2,57.6,24.0,0,No Event,0.29,Medium,18.0,0.839,0.066533492010421,0.815,66.53,0,2026,2,1,7,0
2026-02-16,South Africa,Africa,0.919,0.803,2.427,71.0,3.24,25.4269,0.63,47.2,54.6,20.6,0,No Event,0.29,Medium,18.0,0.86375,0.0664813040827081,0.894,71.14,0,2026,2,1,8,0
2026-02-23,South Africa,Africa,0.878,0.764,2.425,69.24,2.95,25.6043,0.86,60.2,48.2,25.2,0,No Event,-0.23,Medium,18.0,0.8765,0.067308950276862,0.919,71.0,0,2026,2,1,9,0
2026-03-02,South Africa,Africa,0.916,0.828,2.374,73.45,4.45,25.4826,4.3,55.7,47.5,20.2,0,No Event,0.29,Medium,18.0,0.90175,0.0675979737727459,0.878,69.24,0,2026,3,1,10,0
2026-03-09,South Africa,Africa,0.92,0.838,2.327,75.08,3.49,25.4381,2.43,55.8,62.3,29.4,0,No Event,-0.17,Medium,18.0,0.90825,0.067133413888158,0.916,73.45,0,2026,3,1,11,0
2026-03-16,South Africa,Africa,0.901,0.788,2.47,70.73,2.66,25.5218,2.33,53.6,56.9,28.8,0,No Event,-0.08,Medium,18.0,0.90375,0.0672623403702275,0.92,75.08,0,2026,3,1,12,0
2026-03-23,South Africa,Africa,0.932,0.794,2.412,71.6,3.15,25.9055,0.46,47.6,43.2,25.1,0,No Event,-1.36,Medium,18.0,0.91725,0.0657599675138294,0.901,70.73,0,2026,3,1,13,0
2015-01-05,United Kingdom,Europe,0.852,0.8,1.702,50.42,2.34,0.7582,-0.18,49.7,62.1,22.5,0,No Event,0.08,Low,38.0,0.852,0.0128522563131525,0.852,50.42,0,2015,1,1,2,0
2015-01-12,United Kingdom,Europe,0.881,0.765,1.5,50.09,1.96,0.7381,0.99,62.1,62.6,28.7,0,No Event,-0.25,Low,38.0,0.8665,0.0128522563131525,0.852,50.42,0,2015,1,1,3,0
2015-01-19,United Kingdom,Europe,0.927,0.846,1.5,54.25,1.64,0.7481,1.93,48.5,54.7,25.0,0,No Event,-0.2,Low,38.0,0.8866666666666667,0.0128522563131525,0.881,50.09,0,2015,1,1,4,0
2015-01-26,United Kingdom,Europe,0.993,0.907,1.814,58.36,2.76,0.7497,1.03,44.5,50.7,22.2,0,No Event,0.42,Low,38.0,0.91325,0.018581390849674,0.927,54.25,0,2015,1,1,5,0
2015-02-02,United Kingdom,Europe,0.974,0.832,1.506,55.45,2.21,0.7637,3.07,44.6,52.6,27.0,0,No Event,-0.18,Low,38.0,0.94375,0.0388898131104771,0.993,58.36,0,2015,2,1,6,0
2015-02-09,United Kingdom,Europe,0.953,0.845,1.713,56.9,2.06,0.752,2.33,63.2,40.0,23.0,0,No Event,-0.19,Low,38.0,0.96175,0.0420075554103138,0.974,55.45,0,2015,2,1,7,0
2015-02-16,United Kingdom,Europe,1.05,0.948,1.743,59.83,1.85,0.767,-0.28,55.7,55.5,28.1,0,No Event,0.33,Low,38.0,0.9925,0.0493659685937722,0.953,56.9,0,2015,2,1,8,0
2015-02-23,United Kingdom,Europe,1.06,0.914,1.5,60.22,1.77,0.7567,-1.08,48.3,42.7,28.6,0,No Event,-0.37,Low,38.0,1.00925,0.0461973875853,1.05,59.83,0,2015,2,1,9,0
2015-03-02,United Kingdom,Europe,0.923,0.874,1.5,57.2,1.59,0.7534,3.41,60.2,67.2,27.4,0,No Event,0.27,Low,38.0,0.9965,0.0714335324343812,1.06,60.22,0,2015,3,1,10,0
2015-03-09,United Kingdom,Europe,1.036,0.935,1.773,59.84,1.73,0.7642,3.06,60.9,65.2,20.2,0,No Event,-0.7,Low,38.0,1.01725,0.0762310985810845,0.923,57.2,0,2015,3,1,11,0
2015-03-16,United Kingdom,Europe,1.046,0.933,1.982,59.14,1.47,0.7491,1.71,59.0,51.6,27.7,0,No Event,-0.44,Low,38.0,1.01625,0.0720262753215813,1.036,59.84,0,2015,3,1,12,0
2015-03-23,United Kingdom,Europe,1.005,0.916,1.877,59.39,2.19,0.7534,2.82,49.6,43.1,24.2,0,No Event,0.72,Low,38.0,1.0025,0.0708639368879934,1.046,59.14,0,2015,3,1,13,0
2015-03-30,United Kingdom,Europe,1.058,0.974,1.727,60.85,1.31,0.7625,4.36,48.1,51.2,27.7,0,No Event,0.0,Low,38.0,1.03625,0.0683306254182415,1.005,59.39,0,2015,3,1,14,0
2015-04-06,United Kingdom,Europe,0.951,0.924,1.986,56.57,2.29,0.7565,0.42,69.4,47.2,26.8,0,No Event,0.15,Low,38.0,1.015,0.0765230563557794,1.058,60.85,0,2015,4,2,15,0
2015-04-13,United Kingdom,Europe,1.029,0.893,1.5,57.59,2.19,0.7686,1.2,60.6,55.8,24.6,0,No Event,-0.65,Low,38.0,1.0107499999999998,0.078507451974908,0.951,56.57,0,2015,4,2,16,0
2015-04-20,United Kingdom,Europe,1.066,0.917,1.809,60.43,2.34,0.7595,1.82,66.5,61.1,26.6,0,No Event,-0.1,Low,38.0,1.026,0.0767136255548708,1.029,57.59,0,2015,4,2,17,0
2015-04-27,United Kingdom,Europe,1.005,0.903,1.966,57.31,2.33,0.7549,1.04,57.5,57.1,23.7,0,No Event,1.3,Low,38.0,1.01275,0.0787293437179571,1.066,60.43,0,2015,4,2,18,0
2015-05-04,United Kingdom,Europe,1.045,0.933,2.063,60.05,1.72,0.7619,0.76,54.1,32.4,21.5,0,No Event,0.6,Low,38.0,1.03625,0.078806198046652,1.005,57.31,0,2015,5,2,19,0
2015-05-11,United Kingdom,Europe,0.955,0.859,1.501,55.25,1.12,0.7512,2.68,43.5,58.5,25.5,0,No Event,-0.96,Low,38.0,1.01775,0.0776999689822099,1.045,60.05,0,2015,5,2,20,0
2015-05-18,United Kingdom,Europe,0.965,0.866,1.932,55.68,1.84,0.7487,1.22,57.8,55.1,20.8,0,No Event,0.43,Low,38.0,0.9925,0.077716622061592,0.955,55.25,0,2015,5,2,21,0
2015-05-25,United Kingdom,Europe,1.038,0.938,2.017,59.37,2.62,0.7563,0.48,50.4,52.8,23.9,0,No Event,-0.14,Low,38.0,1.00075,0.0700665635866963,0.965,55.68,0,2015,5,2,22,0
2015-06-01,United Kingdom,Europe,0.956,0.879,1.5,55.89,2.01,0.761,-0.52,48.8,48.1,26.1,0,No Event,0.03,Low,38.0,0.9785,0.0651869950943571,1.038,59.37,0,2015,6,2,23,0
2015-06-08,United Kingdom,Europe,0.942,0.879,1.88,54.5,1.9,0.7425,0.1,60.1,39.1,22.7,0,No Event,0.27,Low,38.0,0.97525,0.0650779397696814,0.956,55.89,0,2015,6,2,24,0
2015-06-15,United Kingdom,Europe,0.929,0.802,1.5,53.26,1.73,0.7626,3.91,45.4,51.4,22.3,0,No Event,0.95,Low,38.0,0.96625,0.0643346081013538,0.942,54.5,0,2015,6,2,25,0
2015-06-22,United Kingdom,Europe,0.935,0.897,1.784,54.75,1.87,0.7476,2.45,47.5,44.4,21.9,0,No Event,-0.03,Low,38.0,0.9405,0.0619266547943696,0.929,53.26,0,2015,6,2,26,0
2015-06-29,United Kingdom,Europe,0.914,0.826,1.5,52.07,1.22,0.7618,-0.84,55.6,43.4,23.3,0,No Event,-0.06,Low,38.0,0.93,0.0550011210240903,0.935,54.75,0,2015,6,2,27,0
2015-07-06,United Kingdom,Europe,0.808,0.706,1.5,46.93,1.5,0.7554,1.21,69.2,55.0,27.6,0,No Event,0.28,Low,38.0,0.8965000000000001,0.057189373402393,0.914,52.07,0,2015,7,3,28,0
2015-07-13,United Kingdom,Europe,0.877,0.768,1.5,49.87,2.06,0.7444,1.45,47.5,39.0,20.3,0,No Event,0.23,Low,38.0,0.8835000000000001,0.062952235297012,0.808,46.93,0,2015,7,3,29,0
2015-07-20,United Kingdom,Europe,0.858,0.728,1.674,48.2,2.7,0.7449,2.79,34.8,42.1,25.6,0,No Event,0.67,Low,38.0,0.86425,0.0615691763960739,0.877,49.87,1,2015,7,3,30,0
2015-07-27,United Kingdom,Europe,0.827,0.715,1.5,46.29,2.48,0.7577,-2.05,38.8,46.5,23.2,0,No Event,0.22,Low,38.0,0.8425,0.0597110395082481,0.858,48.2,1,2015,7,3,31,0
2015-08-03,United Kingdom,Europe,0.77,0.715,1.5,45.12,2.47,0.7426,2.76,56.9,38.7,24.4,0,No Event,1.05,Low,38.0,0.833,0.0581027004284053,0.827,46.29,0,2015,8,3,32,0
2015-08-10,United Kingdom,Europe,0.882,0.755,1.584,48.6,1.88,0.7413,4.24,43.3,40.2,21.6,0,No Event,-0.19,Low,38.0,0.8342499999999999,0.0744938209659152,0.77,45.12,0,2015,8,3,33,0
2015-08-17,United Kingdom,Europe,0.776,0.698,1.5,43.63,2.39,0.7375,2.28,47.0,56.4,22.2,0,No Event,-0.86,Low,38.0,0.8137500000000001,0.0766463956684518,0.882,48.6,0,2015,8,3,34,0
2015-08-24,United Kingdom,Europe,0.694,0.624,1.5,40.3,3.01,0.7431,0.8,48.0,50.4,27.2,0,No Event,-0.01,Low,38.0,0.7805,0.0788277296400358,0.776,43.63,0,2015,8,3,35,0
2015-08-31,United Kingdom,Europe,0.806,0.696,1.5,45.54,3.17,0.7441,3.3,61.3,43.3,24.7,0,No Event,0.36,Low,38.0,0.7895000000000001,0.0952877401053235,0.694,40.3,0,2015,8,3,36,0
2015-09-07,United Kingdom,Europe,0.711,0.628,1.5,40.41,2.82,0.736,3.34,43.6,41.3,20.5,0,No Event,0.67,Low,38.0,0.74675,0.1003794263112017,0.806,45.54,0,2015,9,3,37,0
2015-09-14,United Kingdom,Europe,0.705,0.665,1.5,41.18,2.56,0.7331,3.13,43.7,46.5,23.4,0,No Event,-0.07,Low,38.0,0.729,0.1001478353293242,0.711,40.41,0,2015,9,3,38,0
2015-09-21,United Kingdom,Europe,0.631,0.544,1.5,36.26,2.12,0.7503,4.89,36.3,56.1,24.7,0,No Event,-0.7,Low,38.0,0.7132499999999999,0.1032104539453719,0.705,41.18,1,2015,9,3,39,0
2015-09-28,United Kingdom,Europe,0.693,0.588,1.5,38.11,1.98,0.7447,1.61,48.0,50.8,27.6,0,No Event,-0.35,Low,38.0,0.6849999999999999,0.1046806653030158,0.631,36.26,0,2015,9,3,40,0
2015-10-05,United Kingdom,Europe,0.699,0.608,1.5,40.11,1.49,0.7431,2.92,40.0,51.8,23.3,0,No Event,-0.5,Low,38.0,0.6819999999999999,0.1007410275433854,0.693,38.11,0,2015,10,4,41,0
2015-10-12,United Kingdom,Europe,0.74,0.638,1.5,42.44,2.58,0.7451,2.41,40.1,65.1,27.9,0,No Event,-0.4,Low,38.0,0.69075,0.1028443964806389,0.699,40.11,0,2015,10,4,42,0
2015-10-19,United Kingdom,Europe,0.693,0.615,1.5,39.74,2.65,0.7379,4.16,48.5,59.0,22.7,0,No Event,0.12,Low,38.0,0.70625,0.103836869716665,0.74,42.44,0,2015,10,4,43,0
2015-10-26,United Kingdom,Europe,0.685,0.62,1.5,39.62,1.82,0.7425,2.99,44.1,52.0,25.0,0,No Event,0.58,Low,38.0,0.70425,0.1021726685654879,0.693,39.74,0,2015,10,4,44,0
2015-11-02,United Kingdom,Europe,0.729,0.616,1.5,41.76,1.75,0.743,-1.25,38.3,55.2,20.9,0,No Event,0.41,Low,38.0,0.71175,0.0936346295234208,0.685,39.62,1,2015,11,4,45,0
2015-11-09,United Kingdom,Europe,0.711,0.617,1.5,40.57,1.13,0.736,3.0,44.3,51.5,21.0,0,No Event,0.17,Low,38.0,0.7044999999999999,0.0874341282706139,0.729,41.76,0,2015,11,4,46,0
2015-11-16,United Kingdom,Europe,0.727,0.662,1.5,41.78,1.5,0.7464,1.36,45.2,51.7,30.0,0,No Event,-0.47,Low,38.0,0.7130000000000001,0.081483522178269,0.711,40.57,0,2015,11,4,47,0
2015-11-23,United Kingdom,Europe,0.756,0.666,1.543,43.21,2.38,0.7641,2.15,45.0,39.2,22.2,0,No Event,0.3,Low,38.0,0.7307499999999999,0.0667599621144746,0.727,41.78,0,2015,11,4,48,0
2015-11-30,United Kingdom,Europe,0.803,0.702,1.5,45.84,1.72,0.7511,1.92,34.5,57.2,25.8,0,No Event,-0.28,Low,38.0,0.74925,0.0583580265939492,0.756,43.21,1,2015,11,4,49,0
2015-12-07,United Kingdom,Europe,0.816,0.728,1.5,47.44,1.34,0.7492,0.34,49.3,58.9,24.3,0,No Event,-0.01,Low,38.0,0.7755,0.0580148466661851,0.803,45.84,0,2015,12,4,50,0
2015-12-14,United Kingdom,Europe,0.781,0.679,1.5,42.36,2.46,0.7451,1.62,58.4,48.2,26.3,0,No Event,0.56,Low,38.0,0.7889999999999999,0.0484377241662439,0.816,47.44,0,2015,12,4,51,0
2015-12-21,United Kingdom,Europe,0.911,0.8,1.527,50.83,1.97,0.7484,2.15,48.7,44.2,25.1,0,No Event,0.32,Low,38.0,0.82775,0.0609639137882571,0.781,42.36,0,2015,12,4,52,0
2015-12-28,United Kingdom,Europe,0.881,0.78,1.726,49.71,1.89,0.7552,1.53,47.3,71.7,25.5,0,No Event,0.04,Low,38.0,0.8472500000000001,0.0631019499490793,0.911,50.83,0,2015,12,4,53,0
2016-01-04,United Kingdom,Europe,0.817,0.703,1.5,45.87,1.71,0.7611,1.29,44.3,68.8,21.5,0,No Event,0.32,Low,38.0,0.8474999999999999,0.0672650057009534,0.881,49.71,0,2016,1,1,1,0
2016-01-11,United Kingdom,Europe,0.898,0.808,1.528,52.65,2.23,0.743,0.02,52.6,72.3,23.3,0,No Event,0.22,Low,38.0,0.87675,0.0674338349573577,0.817,45.87,0,2016,1,1,2,0
2016-01-18,United Kingdom,Europe,0.974,0.869,1.974,56.56,3.2,0.753,-0.08,44.1,29.9,23.4,0,No Event,0.39,Low,38.0,0.8925000000000001,0.0685543177012288,0.898,52.65,0,2016,1,1,3,0
2016-01-25,United Kingdom,Europe,0.981,0.921,1.71,57.54,1.63,0.7549,-0.45,49.6,53.5,25.2,0,No Event,0.34,Low,38.0,0.9175,0.06807993059341,0.974,56.56,0,2016,1,1,4,0
2016-02-01,United Kingdom,Europe,0.913,0.8,1.802,53.65,1.6,0.7561,5.91,59.3,57.2,21.3,0,No Event,0.86,Low,38.0,0.9415,0.0722559643112542,0.981,57.54,0,2016,2,1,5,0
2016-02-08,United Kingdom,Europe,0.972,0.829,1.513,55.99,2.02,0.7583,3.55,58.8,55.5,23.2,0,No Event,-0.19,Low,38.0,0.96,0.0732267478630842,0.913,53.65,0,2016,2,1,6,0
2016-02-15,United Kingdom,Europe,1.001,0.929,1.576,57.14,2.51,0.7377,3.54,48.3,41.6,25.1,0,No Event,0.47,Low,38.0,0.96675,0.0731217389989084,0.972,55.99,0,2016,2,1,7,0
2016-02-22,United Kingdom,Europe,1.036,0.93,1.931,60.8,1.16,0.7594,5.58,52.8,66.6,27.1,0,No Event,0.19,Low,38.0,0.9805,0.0723169686777288,1.001,57.14,0,2016,2,1,8,0
2016-02-29,United Kingdom,Europe,1.034,0.929,1.805,58.25,1.88,0.7496,2.19,49.4,38.1,20.9,0,No Event,1.35,Low,38.0,1.0107499999999998,0.0726779199255506,1.036,60.8,0,2016,2,1,9,0
2016-03-07,United Kingdom,Europe,1.025,0.946,2.092,59.99,2.51,0.7607,2.83,53.5,49.0,21.6,0,No Event,-0.66,Low,38.0,1.024,0.07053009028044,1.034,58.25,0,2016,3,1,10,0
2016-03-14,United Kingdom,Europe,1.086,0.939,1.528,60.49,2.96,0.7606,1.36,61.1,58.1,24.3,0,No Event,0.36,Low,38.0,1.04525,0.0563849058315658,1.025,59.99,0,2016,3,1,11,0
2016-03-21,United Kingdom,Europe,1.048,0.909,2.085,59.79,1.45,0.7577,1.49,64.6,51.1,25.5,0,No Event,0.17,Low,38.0,1.04825,0.0565509641660805,1.086,60.49,0,2016,3,1,12,0
2016-03-28,United Kingdom,Europe,1.091,0.978,1.803,62.36,2.77,0.7711,2.92,51.6,54.1,26.1,0,No Event,-0.45,Low,38.0,1.0625,0.0494184836450737,1.048,59.79,0,2016,3,1,13,0
2016-04-04,United Kingdom,Europe,1.087,0.994,1.826,63.29,2.26,0.7629,2.88,45.7,53.0,28.7,0,No Event,0.12,Low,38.0,1.078,0.044117962192942,1.091,62.36,0,2016,4,2,14,0
2016-04-11,United Kingdom,Europe,1.035,0.944,2.131,60.63,0.91,0.7462,1.3,46.4,56.0,29.0,0,No Event,0.15,Low,38.0,1.0652499999999998,0.0421680559604453,1.087,63.29,0,2016,4,2,15,0
2016-04-18,United Kingdom,Europe,1.126,0.982,1.937,63.17,1.4,0.7482,0.76,60.6,37.5,29.6,0,No Event,-0.17,Low,38.0,1.08475,0.0483770671947841,1.035,60.63,0,2016,4,2,16,0
2016-04-25,United Kingdom,Europe,1.069,0.954,1.794,60.4,2.22,0.7598,2.66,56.1,50.9,25.7,0,No Event,-0.08,Low,38.0,1.07925,0.0457269066752881,1.126,63.17,0,2016,4,2,17,0
2016-05-02,United Kingdom,Europe,1.003,0.977,1.795,60.54,1.29,0.749,5.18,43.8,54.2,21.0,0,No Event,0.05,Low,38.0,1.05825,0.0475669583861762,1.069,60.4,0,2016,5,2,18,0
2016-05-09,United Kingdom,Europe,1.027,0.93,1.567,59.69,2.61,0.7681,1.69,39.6,43.7,23.0,0,No Event,-0.04,Low,38.0,1.05625,0.0473011330786498,1.003,60.54,1,2016,5,2,19,0
2016-05-16,United Kingdom,Europe,1.08,0.943,2.17,61.19,2.22,0.7542,2.32,52.4,60.8,23.7,0,No Event,-0.66,Low,38.0,1.04475,0.0485460902636656,1.027,59.69,0,2016,5,2,20,0
2016-05-23,United Kingdom,Europe,0.995,0.914,1.86,58.22,3.25,0.7533,2.21,45.3,48.4,27.6,0,No Event,-0.31,Low,38.0,1.02625,0.0542056611069349,1.08,61.19,0,2016,5,2,21,0
2016-05-30,United Kingdom,Europe,1.04,0.932,1.905,58.94,2.15,0.7537,-0.43,42.1,35.5,26.3,0,No Event,-0.19,Low,38.0,1.0355,0.0557984854851012,0.995,58.22,0,2016,5,2,22,0
2016-06-06,United Kingdom,Europe,0.921,0.779,1.716,51.5,1.87,0.7504,-0.31,51.7,41.8,27.8,0,No Event,-0.78,Low,38.0,1.009,0.0619354243148216,1.04,58.94,0,2016,6,2,23,0
2016-06-13,United Kingdom,Europe,1.002,0.912,1.724,59.2,2.13,0.7563,3.71,68.5,37.6,26.5,0,No Event,-0.36,Low,38.0,0.9895,0.0676636166365827,0.921,51.5,0,2016,6,2,24,0
2016-06-20,United Kingdom,Europe,0.946,0.858,1.8,55.46,1.87,0.7671,3.03,46.1,54.7,23.5,0,No Event,-0.23,Low,38.0,0.97725,0.0678949599230667,1.002,59.2,0,2016,6,2,25,0
2016-06-27,United Kingdom,Europe,0.936,0.816,1.5,54.12,2.0,0.7506,3.17,55.9,51.9,27.1,0,No Event,0.12,Low,38.0,0.95125,0.0678685463972313,0.946,55.46,0,2016,6,2,26,0
2016-07-04,United Kingdom,Europe,0.906,0.777,1.718,50.78,2.72,0.7367,1.76,48.6,37.0,23.5,0,No Event,0.11,Low,38.0,0.9475,0.0672239159756189,0.936,54.12,0,2016,7,3,27,0
2016-07-11,United Kingdom,Europe,0.816,0.721,1.577,47.34,1.44,0.752,4.57,58.5,41.2,28.3,0,No Event,0.85,Low,38.0,0.901,0.0643668787542352,0.906,50.78,0,2016,7,3,28,0
2016-07-18,United Kingdom,Europe,0.865,0.756,1.5,49.09,1.48,0.7483,2.59,42.9,41.5,29.2,0,No Event,0.59,Low,38.0,0.88075,0.0681116401493951,0.816,47.34,0,2016,7,3,29,0
2016-07-25,United Kingdom,Europe,0.836,0.73,1.5,48.36,1.79,0.7532,2.11,52.0,47.8,24.8,0,No Event,0.58,Low,38.0,0.85575,0.0668390283309494,0.865,49.09,0,2016,7,3,30,0
2016-08-01,United Kingdom,Europe,0.874,0.782,1.747,49.55,2.27,0.7361,2.0,42.3,57.1,27.9,0,No Event,-0.86,Low,38.0,0.84775,0.0681947187400152,0.836,48.36,0,2016,8,3,31,0
2016-08-08,United Kingdom,Europe,0.777,0.692,1.568,44.3,2.77,0.7441,0.87,44.7,38.9,29.7,0,No Event,0.22,Low,38.0,0.838,0.0706913137390925,0.874,49.55,0,2016,8,3,32,0
2016-08-15,United Kingdom,Europe,0.748,0.654,1.522,43.58,2.48,0.7453,1.29,31.9,38.8,29.3,0,No Event,-0.1,Low,38.0,0.8087500000000001,0.0688033650905966,0.777,44.3,1,2016,8,3,33,0
2016-08-22,United Kingdom,Europe,0.748,0.716,1.5,44.47,2.23,0.7323,3.27,41.7,56.9,21.5,0,No Event,-0.38,Low,38.0,0.78675,0.0660108491105966,0.748,43.58,0,2016,8,3,34,0
2016-08-29,United Kingdom,Europe,0.836,0.748,1.5,47.66,2.74,0.7418,0.89,25.9,56.3,22.3,0,No Event,-0.08,Low,38.0,0.77725,0.0712362599757168,0.748,44.47,1,2016,8,3,35,0
2016-09-05,United Kingdom,Europe,0.742,0.655,1.5,43.53,2.54,0.7406,-0.53,52.9,52.0,24.2,0,No Event,0.11,Low,38.0,0.7685,0.0707696740132565,0.836,47.66,0,2016,9,3,36,0
2016-09-12,United Kingdom,Europe,0.728,0.645,1.5,41.07,1.83,0.7521,2.07,43.8,38.1,23.2,0,No Event,-0.57,Low,38.0,0.7635,0.0699803045913101,0.742,43.53,0,2016,9,3,37,0
2016-09-19,United Kingdom,Europe,0.748,0.697,1.5,43.54,1.79,0.7646,1.34,51.9,34.5,23.5,0,No Event,-0.56,Low,38.0,0.7635,0.07126312172376,0.728,41.07,0,2016,9,3,38,0
2016-09-26,United Kingdom,Europe,0.724,0.645,1.5,41.15,2.11,0.7437,3.79,51.7,55.0,27.4,0,No Event,-0.7,Low,38.0,0.7355,0.0712638173753276,0.748,43.54,0,2016,9,3,39,0
2016-10-03,United Kingdom,Europe,0.799,0.685,1.5,44.45,2.61,0.7448,3.72,55.2,58.4,24.8,0,No Event,0.45,Low,38.0,0.74975,0.073765410077065,0.724,41.15,0,2016,10,4,40,0
2016-10-10,United Kingdom,Europe,0.714,0.636,1.5,40.68,1.38,0.7422,2.4,36.7,48.0,29.5,0,No Event,0.16,Low,38.0,0.74625,0.0771699126879724,0.799,44.45,1,2016,10,4,41,0
2016-10-17,United Kingdom,Europe,0.725,0.654,1.5,40.56,2.26,0.7473,2.83,42.3,53.0,29.3,0,No Event,-0.06,Low,38.0,0.7405,0.0772863579284366,0.714,40.68,0,2016,10,4,42,0
2016-10-24,United Kingdom,Europe,0.739,0.677,1.5,41.72,1.48,0.7468,3.91,44.4,58.6,29.5,0,No Event,0.32,Low,38.0,0.74425,0.0759676836644718,0.725,40.56,0,2016,10,4,43,0
2016-10-31,United Kingdom,Europe,0.731,0.646,1.5,41.52,2.39,0.7372,-0.11,31.9,55.3,28.0,0,No Event,0.07,Low,38.0,0.72725,0.0692121761089441,0.739,41.72,1,2016,10,4,44,0
2016-11-07,United Kingdom,Europe,0.766,0.689,1.536,44.75,2.29,0.7453,2.18,29.1,39.1,29.1,0,No Event,-0.07,Low,38.0,0.74025,0.069725405962061,0.731,41.52,1,2016,11,4,45,0
2016-11-14,United Kingdom,Europe,0.757,0.679,1.5,45.24,1.87,0.7505,0.4,33.9,65.1,23.9,0,No Event,0.44,Low,38.0,0.74825,0.0698724742056433,0.766,44.75,1,2016,11,4,46,0
2016-11-21,United Kingdom,Europe,0.809,0.73,1.5,47.2,2.06,0.7513,3.71,38.2,58.1,29.9,0,No Event,-0.19,Low,38.0,0.76575,0.0637464480032094,0.757,45.24,1,2016,11,4,47,0
2016-11-28,United Kingdom,Europe,0.806,0.694,1.514,45.23,2.34,0.756,-0.76,49.5,64.1,22.1,0,No Event,-0.23,Low,38.0,0.7845000000000001,0.0533143773010772,0.809,47.2,0,2016,11,4,48,0
2016-12-05,United Kingdom,Europe,0.793,0.705,1.501,45.43,2.59,0.7371,4.4,44.5,50.2,26.3,0,No Event,0.57,Low,38.0,0.79125,0.0531935603319085,0.806,45.23,0,2016,12,4,49,0
2016-12-12,United Kingdom,Europe,0.844,0.744,1.5,48.74,2.68,0.7413,2.98,63.1,50.7,29.0,0,No Event,-0.36,Low,38.0,0.8130000000000001,0.0554078710373619,0.793,45.43,0,2016,12,4,50,0
2016-12-19,United Kingdom,Europe,0.808,0.728,1.5,46.89,2.06,0.748,3.79,46.4,57.7,21.8,0,No Event,0.59,Low,38.0,0.81275,0.056241809625356,0.844,48.74,0,2016,12,4,51,0
2016-12-26,United Kingdom,Europe,0.823,0.758,1.5,48.45,2.52,0.7385,0.93,49.8,54.4,20.9,0,No Event,0.38,Low,38.0,0.817,0.0482567576407199,0.808,46.89,0,2016,12,4,52,0
2017-01-02,United Kingdom,Europe,0.909,0.806,1.62,51.91,2.55,0.7567,2.06,51.0,69.1,29.9,0,No Event,-0.32,Low,38.0,0.846,0.0426515879536909,0.823,48.45,0,2017,1,1,1,0
2017-01-09,United Kingdom,Europe,0.931,0.835,1.5,55.07,2.38,0.7476,0.59,53.1,60.8,23.3,0,No Event,-0.01,Low,38.0,0.86775,0.0426197945233223,0.909,51.91,0,2017,1,1,2,0
2017-01-16,United Kingdom,Europe,0.975,0.919,2.007,57.65,2.5,0.7491,2.07,51.7,46.8,27.1,0,No Event,0.06,Low,38.0,0.9095,0.0432268759428275,0.931,55.07,0,2017,1,1,3,0
2017-01-23,United Kingdom,Europe,0.978,0.892,1.617,55.48,1.83,0.7475,0.92,51.0,66.0,29.2,0,No Event,-0.91,Low,38.0,0.94825,0.0423809798188556,0.975,57.65,0,2017,1,1,4,0
2017-01-30,United Kingdom,Europe,1.005,0.886,1.935,57.66,1.38,0.7578,0.67,54.3,45.2,25.1,0,No Event,0.04,Low,38.0,0.97225,0.0418015188241666,0.978,55.48,0,2017,1,1,5,0
2017-02-06,United Kingdom,Europe,0.962,0.871,1.5,55.67,2.05,0.7666,0.06,50.4,53.0,23.5,0,No Event,-0.19,Low,38.0,0.98,0.0450275584413732,1.005,57.66,0,2017,2,1,6,0
2017-02-13,United Kingdom,Europe,0.998,0.888,1.5,56.91,2.15,0.7471,3.24,51.3,46.2,23.0,0,No Event,1.02,Low,38.0,0.98575,0.0428748893133052,0.962,55.67,0,2017,2,1,7,0
2017-02-20,United Kingdom,Europe,1.055,0.915,2.122,60.28,2.53,0.7489,0.97,50.1,54.4,21.1,0,No Event,-0.38,Low,38.0,1.005,0.0436033578179234,0.998,56.91,0,2017,2,1,8,0
2017-02-27,United Kingdom,Europe,1.036,0.964,1.669,61.48,2.56,0.7698,0.89,38.5,58.4,23.2,0,No Event,0.2,Low,38.0,1.01275,0.0437619757508083,1.055,60.28,1,2017,2,1,9,0
2017-03-06,United Kingdom,Europe,1.121,0.979,1.886,64.6,2.55,0.751,2.33,43.4,55.8,20.7,0,No Event,-0.49,Low,38.0,1.0525,0.0455333234662461,1.036,61.48,0,2017,3,1,10,0
2017-03-13,United Kingdom,Europe,1.077,0.942,1.753,62.01,3.35,0.7601,2.2,59.2,40.1,20.5,0,No Event,0.17,Low,38.0,1.07225,0.0450829294398626,1.121,64.6,0,2017,3,1,11,0
2017-03-20,United Kingdom,Europe,1.064,0.948,2.126,61.38,2.32,0.7618,0.87,59.0,36.7,21.8,0,No Event,0.53,Low,38.0,1.0745,0.0463393437195062,1.077,62.01,0,2017,3,1,12,0
2017-03-27,United Kingdom,Europe,1.048,0.959,1.722,60.73,2.08,0.7655,1.59,52.6,48.2,20.0,0,No Event,-0.77,Low,38.0,1.0775,0.0394713534925316,1.064,61.38,0,2017,3,1,13,0
2017-04-03,United Kingdom,Europe,1.042,0.933,1.979,59.57,2.98,0.7527,4.28,51.6,39.3,27.3,0,No Event,-0.03,Low,38.0,1.05775,0.0396189788355311,1.048,60.73,0,2017,4,2,14,0
2017-04-10,United Kingdom,Europe,1.132,1.007,2.289,65.38,2.92,0.7572,4.45,52.3,37.1,22.0,0,No Event,-0.22,Low,38.0,1.0715,0.0442846510148022,1.042,59.57,0,2017,4,2,15,0
2017-04-17,United Kingdom,Europe,1.162,1.014,1.61,65.63,1.33,0.7491,1.81,54.7,52.6,26.1,0,No Event,0.4,Low,38.0,1.096,0.0443046830460663,1.132,65.38,0,2017,4,2,16,0
2017-04-24,United Kingdom,Europe,1.142,1.007,1.657,64.3,1.26,0.7552,3.53,53.7,57.6,25.9,0,No Event,-0.65,Low,38.0,1.1195,0.0450600252357135,1.162,65.63,0,2017,4,2,17,0
2017-05-01,United Kingdom,Europe,0.985,0.871,1.5,56.46,1.75,0.7552,1.73,47.4,51.4,23.8,0,No Event,0.8,Low,38.0,1.1052499999999998,0.0609443102697853,1.142,64.3,0,2017,5,2,18,0
2017-05-08,United Kingdom,Europe,1.1,0.964,2.112,62.16,2.59,0.7553,0.83,52.0,36.1,26.3,0,No Event,0.2,Low,38.0,1.09725,0.0687364333163782,0.985,56.46,0,2017,5,2,19,0
2017-05-15,United Kingdom,Europe,1.021,0.9,1.983,57.18,2.24,0.7584,0.96,61.5,34.7,24.4,0,No Event,-0.03,Low,38.0,1.062,0.0708050132147875,1.1,62.16,0,2017,5,2,20,0
2017-05-22,United Kingdom,Europe,1.063,0.939,1.5,60.05,1.68,0.7481,2.26,53.0,44.9,23.1,0,No Event,-0.06,Low,38.0,1.04225,0.0715235296777296,1.021,57.18,0,2017,5,2,21,0
2017-05-29,United Kingdom,Europe,1.08,0.939,1.554,60.71,2.26,0.751,0.45,58.2,59.9,21.8,0,No Event,0.36,Low,38.0,1.066,0.0674396668317781,1.063,60.05,0,2017,5,2,22,0
2017-06-05,United Kingdom,Europe,0.967,0.843,1.725,56.2,3.0,0.7455,0.21,54.5,32.0,24.0,0,No Event,0.8,Low,38.0,1.03275,0.073206275336628,1.08,60.71,0,2017,6,2,23,0
2017-06-12,United Kingdom,Europe,0.959,0.873,1.674,54.8,2.05,0.7481,1.02,52.3,33.2,30.0,0,No Event,-0.17,Low,38.0,1.01725,0.0731879033698193,0.967,56.2,0,2017,6,2,24,0
2017-06-19,United Kingdom,Europe,0.961,0.855,1.864,53.88,2.33,0.7507,1.31,43.5,42.7,26.0,0,No Event,0.51,Low,38.0,0.99175,0.0731651158111344,0.959,54.8,0,2017,6,2,25,0
2017-06-26,United Kingdom,Europe,0.957,0.814,1.741,53.55,2.08,0.7468,2.66,57.3,46.0,27.6,0,No Event,0.27,Low,38.0,0.961,0.0731644992192489,0.961,53.88,0,2017,6,2,26,0
2017-07-03,United Kingdom,Europe,0.873,0.784,1.574,50.55,2.71,0.7466,3.25,54.2,46.5,24.8,0,No Event,-0.71,Low,38.0,0.9375,0.070718239200339,0.957,53.55,0,2017,7,3,27,0
2017-07-10,United Kingdom,Europe,0.909,0.82,1.5,52.25,2.29,0.7613,3.25,54.2,52.7,25.6,0,No Event,0.14,Low,38.0,0.925,0.0717026240129536,0.873,50.55,0,2017,7,3,28,0
2017-07-17,United Kingdom,Europe,0.803,0.72,1.572,46.66,2.78,0.755,0.58,48.7,38.6,24.4,0,No Event,-0.24,Low,38.0,0.8855000000000001,0.0771568297101559,0.909,52.25,0,2017,7,3,29,0
2017-07-24,United Kingdom,Europe,0.869,0.778,1.593,49.54,2.37,0.7463,1.94,48.5,48.9,27.2,0,No Event,0.6,Low,38.0,0.8634999999999999,0.0743446207290694,0.803,46.66,0,2017,7,3,30,0
2017-07-31,United Kingdom,Europe,0.793,0.718,1.5,45.69,2.79,0.7428,1.57,53.3,51.2,28.0,0,No Event,0.02,Low,38.0,0.8435,0.0661582885027887,0.869,49.54,0,2017,7,3,31,0
2017-08-07,United Kingdom,Europe,0.862,0.804,1.797,50.75,2.08,0.7544,1.28,56.8,41.1,21.7,0,No Event,-0.19,Low,38.0,0.83175,0.0715717872937084,0.793,45.69,0,2017,8,3,32,0
2017-08-14,United Kingdom,Europe,0.776,0.685,1.552,44.33,2.23,0.744,2.24,37.8,44.2,20.5,0,No Event,0.81,Low,38.0,0.825,0.073660442447087,0.862,50.75,1,2017,8,3,33,0
2017-08-21,United Kingdom,Europe,0.734,0.687,1.5,43.77,2.44,0.7631,4.19,34.1,43.9,24.0,0,No Event,-0.24,Low,38.0,0.79125,0.0730345285576173,0.776,44.33,1,2017,8,3,34,0
2017-08-28,United Kingdom,Europe,0.79,0.693,1.5,45.7,1.41,0.7451,1.25,54.8,41.2,21.7,0,No Event,0.44,Low,38.0,0.7905,0.0747007869653589,0.734,43.77,0,2017,8,3,35,0
2017-09-04,United Kingdom,Europe,0.687,0.639,1.5,40.26,2.54,0.7494,3.45,30.5,51.7,20.2,0,No Event,-0.21,Low,38.0,0.74675,0.081811177066947,0.79,45.7,1,2017,9,3,36,0
2017-09-11,United Kingdom,Europe,0.765,0.697,1.5,44.16,1.51,0.7309,1.17,41.6,48.4,22.7,0,No Event,0.33,Low,38.0,0.744,0.0908989675245261,0.687,40.26,0,2017,9,3,37,0
2017-09-18,United Kingdom,Europe,0.794,0.726,1.5,45.79,1.62,0.7452,4.2,48.2,47.7,23.3,0,No Event,-0.03,Low,38.0,0.7590000000000001,0.0921575911176315,0.765,44.16,0,2017,9,3,38,0
2017-09-25,United Kingdom,Europe,0.675,0.611,1.5,39.69,1.89,0.7442,2.72,46.2,57.9,21.2,0,No Event,0.84,Low,38.0,0.7302500000000001,0.0983648892296018,0.794,45.79,0,2017,9,3,39,0
2017-10-02,United Kingdom,Europe,0.726,0.667,1.5,42.85,2.05,0.7495,0.9,42.1,49.8,25.7,0,No Event,0.75,Low,38.0,0.74,0.1006733257582279,0.675,39.69,0,2017,10,4,40,0
2017-10-09,United Kingdom,Europe,0.753,0.669,1.5,44.0,2.62,0.7528,-1.98,34.7,57.5,26.4,0,No Event,0.52,Low,38.0,0.7370000000000001,0.0960812938434581,0.726,42.85,1,2017,10,4,41,0
2017-10-16,United Kingdom,Europe,0.739,0.679,1.5,44.17,2.48,0.7478,2.13,37.1,54.6,22.2,0,No Event,-1.26,Low,38.0,0.72325,0.0924865490069159,0.753,44.0,1,2017,10,4,42,0
2017-10-23,United Kingdom,Europe,0.726,0.643,1.5,41.45,2.73,0.7307,2.24,37.6,48.4,26.3,0,No Event,-0.36,Low,38.0,0.736,0.089268568037463,0.739,44.17,1,2017,10,4,43,0
2017-10-30,United Kingdom,Europe,0.707,0.649,1.5,41.55,2.71,0.7527,4.59,49.5,59.5,28.7,0,No Event,0.52,Low,38.0,0.73125,0.0846898590585931,0.726,41.45,0,2017,10,4,44,0
2017-11-06,United Kingdom,Europe,0.811,0.753,1.5,47.53,2.25,0.7406,0.34,45.3,43.4,23.6,0,No Event,-0.2,Low,38.0,0.7457499999999999,0.0914138853505248,0.707,41.55,0,2017,11,4,45,0
2017-11-13,United Kingdom,Europe,0.777,0.695,1.528,46.18,2.47,0.7584,2.76,44.4,47.0,27.9,0,No Event,0.44,Low,38.0,0.75525,0.0907306444348028,0.811,47.53,0,2017,11,4,46,0
2017-11-20,United Kingdom,Europe,0.82,0.754,1.575,47.35,2.19,0.7385,2.1,53.3,55.3,27.8,0,No Event,-0.08,Low,38.0,0.77875,0.0895024953844464,0.777,46.18,0,2017,11,4,47,0
2017-11-27,United Kingdom,Europe,0.853,0.759,1.671,48.35,2.13,0.7385,2.57,59.5,54.8,23.6,0,No Event,0.37,Low,38.0,0.81525,0.0786115847846224,0.82,47.35,0,2017,11,4,48,0
2017-12-04,United Kingdom,Europe,0.816,0.744,1.672,46.66,3.01,0.7495,-0.48,39.7,63.4,29.4,0,No Event,0.67,Low,38.0,0.8165,0.0747881352726486,0.853,48.35,1,2017,12,4,49,0
2017-12-11,United Kingdom,Europe,0.893,0.766,1.5,50.95,2.28,0.7337,1.56,44.7,58.9,24.0,0,No Event,0.08,Low,38.0,0.8455,0.0785239449192932,0.816,46.66,0,2017,12,4,50,0
2017-12-18,United Kingdom,Europe,0.872,0.775,1.5,51.27,1.8,0.7429,2.47,54.0,68.3,27.6,0,No Event,0.76,Low,38.0,0.8585,0.0613334487094511,0.893,50.95,0,2017,12,4,51,0
2017-12-25,United Kingdom,Europe,0.873,0.781,1.5,50.25,2.65,0.7481,2.51,52.3,52.5,29.8,0,No Event,-0.2,Low,38.0,0.8634999999999999,0.0592884556608766,0.872,51.27,0,2017,12,4,52,0
2018-01-01,United Kingdom,Europe,0.953,0.864,1.5,55.05,3.21,0.7457,1.45,41.1,59.3,24.2,0,No Event,-0.45,Low,38.0,0.89775,0.0629433601227928,0.873,50.25,0,2018,1,1,1,0
2018-01-08,United Kingdom,Europe,0.964,0.845,1.71,55.91,1.86,0.7582,3.32,54.7,58.6,29.5,0,No Event,0.01,Low,38.0,0.9155,0.0617865015989413,0.953,55.05,0,2018,1,1,2,0
2018-01-15,United Kingdom,Europe,0.895,0.776,1.8,52.13,3.32,0.7547,1.6,47.7,51.9,23.2,0,No Event,-0.71,Low,38.0,0.92125,0.0668530761991355,0.964,55.91,0,2018,1,1,3,0
2018-01-22,United Kingdom,Europe,1.009,0.917,1.723,58.17,2.26,0.7526,0.96,48.3,54.8,21.1,0,No Event,-0.87,Low,38.0,0.95525,0.0718130565868546,0.895,52.13,0,2018,1,1,4,0
2018-01-29,United Kingdom,Europe,0.946,0.846,1.94,55.0,2.68,0.7525,3.66,41.8,53.4,27.7,0,No Event,0.03,Low,38.0,0.9535,0.0666687850708859,1.009,58.17,0,2018,1,1,5,0
2018-02-05,United Kingdom,Europe,1.069,0.964,2.193,61.74,2.3,0.759,3.13,50.2,50.9,26.2,0,No Event,-0.93,Low,38.0,0.97975,0.0716377769984982,0.946,55.0,0,2018,2,1,6,0
2018-02-12,United Kingdom,Europe,1.065,0.959,1.802,61.34,3.1,0.7494,2.04,37.6,63.3,25.4,0,No Event,0.52,Low,38.0,1.02225,0.0717103815036495,1.069,61.74,1,2018,2,1,7,0
2018-02-19,United Kingdom,Europe,1.031,0.901,1.882,59.79,2.45,0.7531,3.5,50.4,67.1,21.0,0,No Event,-0.02,Low,38.0,1.02775,0.0732617557507884,1.065,61.34,0,2018,2,1,8,0
2018-02-26,United Kingdom,Europe,1.102,0.957,2.0,62.89,1.71,0.7566,3.21,60.7,63.9,24.4,0,No Event,-0.51,Low,38.0,1.06675,0.0718235294349032,1.031,59.79,0,2018,2,1,9,0
2018-03-05,United Kingdom,Europe,1.158,1.01,1.827,65.31,2.69,0.7554,1.39,38.6,43.4,29.6,0,No Event,-0.12,Low,38.0,1.089,0.0691983680280191,1.102,62.89,1,2018,3,1,10,0
2018-03-12,United Kingdom,Europe,1.093,1.038,1.59,64.58,2.92,0.7652,3.3,43.2,67.8,25.5,0,No Event,-0.41,Low,38.0,1.096,0.0718257115535078,1.158,65.31,0,2018,3,1,11,0
2018-03-19,United Kingdom,Europe,1.145,1.015,2.148,65.25,2.25,0.7639,0.49,68.6,46.1,28.5,0,No Event,0.51,Low,38.0,1.1245,0.0718919251546922,1.093,64.58,0,2018,3,1,12,0
2018-03-26,United Kingdom,Europe,1.057,0.954,1.665,61.18,2.04,0.7616,1.92,48.5,55.3,27.6,0,No Event,-1.03,Low,38.0,1.11325,0.0741483928271727,1.145,65.25,0,2018,3,1,13,0
2018-04-02,United Kingdom,Europe,1.085,0.977,1.697,62.32,2.22,0.7502,5.42,49.1,42.5,21.1,0,No Event,-0.4,Low,38.0,1.095,0.0742814373161756,1.057,61.18,0,2018,4,2,14,0
2018-04-09,United Kingdom,Europe,1.113,0.974,1.995,62.25,2.39,0.7576,1.84,44.5,47.8,20.1,0,No Event,-0.28,Low,38.0,1.1,0.0694377972298125,1.085,62.32,0,2018,4,2,15,0
2018-04-16,United Kingdom,Europe,1.001,0.952,1.897,60.9,1.91,0.7483,1.72,49.1,45.8,26.3,0,No Event,0.13,Low,38.0,1.0639999999999998,0.0687222635619101,1.113,62.25,0,2018,4,2,16,0
2018-04-23,United Kingdom,Europe,1.079,1.001,1.963,64.08,2.62,0.7568,-0.05,43.5,46.9,26.1,0,No Event,-0.02,Low,38.0,1.0695,0.0687975735874562,1.001,60.9,0,2018,4,2,17,0
2018-04-30,United Kingdom,Europe,1.101,0.944,1.585,63.71,2.97,0.7737,3.5,62.9,49.4,24.3,0,No Event,0.25,Low,38.0,1.0735,0.0583591425450532,1.079,64.08,0,2018,4,2,18,0
2018-05-07,United Kingdom,Europe,1.099,0.958,2.102,62.42,1.41,0.765,1.25,47.6,37.8,27.9,0,No Event,-0.25,Low,38.0,1.0699999999999998,0.0583384211887605,1.101,63.71,0,2018,5,2,19,0
2018-05-14,United Kingdom,Europe,1.113,0.951,1.974,62.87,2.0,0.7336,2.39,53.8,43.1,26.8,0,No Event,-0.35,Low,38.0,1.098,0.0572379014267357,1.099,62.42,0,2018,5,2,20,0
2018-05-21,United Kingdom,Europe,1.016,0.93,1.684,60.1,3.09,0.7438,2.15,46.7,52.1,29.8,0,No Event,-0.15,Low,38.0,1.08225,0.059800628120684,1.113,62.87,0,2018,5,2,21,0
2018-05-28,United Kingdom,Europe,1.09,0.979,1.757,62.75,2.45,0.755,1.76,51.1,46.1,27.8,0,No Event,0.76,Low,38.0,1.0795,0.0619697129845238,1.016,60.1,0,2018,5,2,22,0
2018-06-04,United Kingdom,Europe,1.038,0.912,1.768,58.16,1.43,0.7514,4.18,48.4,47.1,23.7,0,No Event,-0.19,Low,38.0,1.06425,0.0613606977157361,1.09,62.75,0,2018,6,2,23,0
2018-06-11,United Kingdom,Europe,1.074,0.955,1.717,61.41,2.54,0.7602,4.18,46.5,58.5,23.9,0,No Event,-0.0,Low,38.0,1.0545,0.0605104964578612,1.038,58.16,0,2018,6,2,24,0
2018-06-18,United Kingdom,Europe,0.96,0.898,1.884,56.79,1.96,0.7501,1.3,49.3,44.9,24.1,0,No Event,0.15,Low,38.0,1.0405000000000002,0.0642112040296716,1.074,61.41,0,2018,6,2,25,0
2018-06-25,United Kingdom,Europe,0.927,0.873,1.5,53.63,2.24,0.7583,2.84,49.4,31.0,26.3,0,No Event,0.22,Low,38.0,0.99975,0.0638099089006715,0.96,56.79,0,2018,6,2,26,0
2018-07-02,United Kingdom,Europe,0.906,0.816,1.635,52.1,1.95,0.7405,0.33,60.8,54.1,22.2,0,No Event,-0.17,Low,38.0,0.96675,0.0627856587071013,0.927,53.63,0,2018,7,3,27,0
2018-07-09,United Kingdom,Europe,0.936,0.84,1.5,53.91,1.83,0.7393,2.96,54.6,48.7,29.9,0,No Event,-0.15,Low,38.0,0.93225,0.0579160529902377,0.906,52.1,0,2018,7,3,28,0
2018-07-16,United Kingdom,Europe,0.86,0.781,1.623,50.84,2.55,0.764,0.27,38.5,41.8,28.1,0,No Event,-0.25,Low,38.0,0.90725,0.0556210077997017,0.936,53.91,1,2018,7,3,29,0
2018-07-23,United Kingdom,Europe,0.921,0.801,1.599,52.53,1.78,0.7499,2.89,43.8,41.1,24.6,0,No Event,0.58,Low,38.0,0.90575,0.0604372412558544,0.86,50.84,0,2018,7,3,30,0
2018-07-30,United Kingdom,Europe,0.864,0.751,1.683,49.53,2.53,0.7369,-0.01,40.6,32.4,22.8,0,No Event,0.16,Low,38.0,0.89525,0.0618915062913107,0.921,52.53,0,2018,7,3,31,0
2018-08-06,United Kingdom,Europe,0.831,0.759,1.5,48.06,2.4,0.7401,2.04,69.3,21.7,22.1,0,No Event,0.79,Low,38.0,0.869,0.0613306545158101,0.864,49.53,0,2018,8,3,32,0
2018-08-13,United Kingdom,Europe,0.799,0.722,1.554,45.8,2.55,0.7361,3.8,33.2,47.3,22.3,0,No Event,0.84,Low,38.0,0.85375,0.0581822579813242,0.831,48.06,1,2018,8,3,33,0
2018-08-20,United Kingdom,Europe,0.72,0.66,1.5,41.91,2.53,0.7439,4.14,49.2,48.0,24.3,0,No Event,-0.59,Low,38.0,0.8035,0.0547561394965743,0.799,45.8,0,2018,8,3,34,0
2018-08-27,United Kingdom,Europe,0.799,0.738,1.5,45.51,1.86,0.748,-0.38,49.1,47.0,23.3,0,No Event,-0.35,Low,38.0,0.78725,0.0680458634260149,0.72,41.91,0,2018,8,3,35,0
2018-09-03,United Kingdom,Europe,0.836,0.727,1.5,47.04,2.48,0.74,2.01,43.8,53.5,27.8,0,No Event,-0.23,Low,38.0,0.7885,0.0689632092869185,0.799,45.51,0,2018,9,3,36,0
2018-09-10,United Kingdom,Europe,0.754,0.67,1.5,44.76,2.07,0.7394,0.92,53.2,42.0,21.4,0,No Event,0.53,Low,38.0,0.77725,0.0680652738503464,0.836,47.04,0,2018,9,3,37,0
2018-09-17,United Kingdom,Europe,0.756,0.646,1.5,42.51,1.76,0.7371,0.25,40.3,37.5,20.9,0,No Event,0.13,Low,38.0,0.78625,0.0680852792916397,0.754,44.76,0,2018,9,3,38,0
2018-09-24,United Kingdom,Europe,0.768,0.667,1.5,43.57,2.3,0.7347,2.89,49.6,44.5,21.3,0,No Event,1.03,Low,38.0,0.7785,0.068583847690771,0.756,42.51,0,2018,9,3,39,0
2018-10-01,United Kingdom,Europe,0.794,0.708,1.5,45.21,1.85,0.7433,1.39,51.6,61.7,24.3,0,No Event,-0.01,Low,38.0,0.768,0.0686280331851993,0.768,43.57,0,2018,10,4,40,0
2018-10-08,United Kingdom,Europe,0.741,0.664,1.5,43.83,3.24,0.7386,1.73,45.3,46.5,26.5,0,No Event,-0.17,Low,38.0,0.76475,0.0674092512137314,0.794,45.21,0,2018,10,4,41,0
2018-10-15,United Kingdom,Europe,0.761,0.711,1.5,44.77,2.84,0.7378,2.94,44.3,45.5,21.0,0,No Event,0.47,Low,38.0,0.766,0.063689656362374,0.741,43.83,0,2018,10,4,42,0
2018-10-22,United Kingdom,Europe,0.798,0.69,1.5,45.56,2.36,0.7456,3.65,58.0,67.5,26.4,0,No Event,0.48,Low,38.0,0.7735000000000001,0.0641093393279657,0.761,44.77,0,2018,10,4,43,0
2018-10-29,United Kingdom,Europe,0.746,0.663,1.5,42.22,2.53,0.7372,3.09,52.8,53.3,21.3,0,No Event,0.52,Low,38.0,0.7615000000000001,0.0658396083882202,0.798,45.56,0,2018,10,4,44,0
2018-11-05,United Kingdom,Europe,0.801,0.709,1.564,46.53,2.27,0.7487,2.25,48.0,48.7,22.6,0,No Event,-0.36,Low,38.0,0.7765,0.0688514544459553,0.746,42.22,0,2018,11,4,45,0
2018-11-12,United Kingdom,Europe,0.832,0.744,1.5,47.71,2.82,0.7288,0.86,45.2,67.3,25.6,0,No Event,-0.89,Low,38.0,0.79425,0.0615173876421431,0.801,46.53,0,2018,11,4,46,0
2018-11-19,United Kingdom,Europe,0.812,0.73,1.5,47.25,3.04,0.7434,1.52,51.0,57.5,26.5,0,No Event,-0.52,Low,38.0,0.79775,0.054261061968764,0.832,47.71,0,2018,11,4,47,0
2018-11-26,United Kingdom,Europe,0.897,0.776,1.5,51.14,2.0,0.7587,2.22,53.7,53.5,20.3,0,No Event,-0.36,Low,38.0,0.8355,0.0607516388860834,0.812,47.25,0,2018,11,4,48,0
2018-12-03,United Kingdom,Europe,0.808,0.722,1.5,45.83,2.7,0.7514,1.13,59.6,63.3,29.9,0,No Event,-0.88,Low,38.0,0.83725,0.0609314957957466,0.897,51.14,0,2018,12,4,49,0
2018-12-10,United Kingdom,Europe,0.83,0.756,1.5,48.24,2.52,0.7455,1.15,41.5,40.3,22.3,0,No Event,0.1,Low,38.0,0.83675,0.0611665202770968,0.808,45.83,0,2018,12,4,50,0
2018-12-17,United Kingdom,Europe,0.902,0.848,1.569,53.46,3.05,0.7562,3.5,45.1,48.7,21.0,0,No Event,0.06,Low,38.0,0.8592500000000001,0.0651269623135314,0.83,48.24,0,2018,12,4,51,0
2018-12-24,United Kingdom,Europe,0.946,0.874,1.82,55.25,2.01,0.7607,3.24,42.1,50.1,22.1,0,No Event,0.02,Low,38.0,0.8714999999999999,0.0656508913606156,0.902,53.46,0,2018,12,4,52,0
2018-12-31,United Kingdom,Europe,0.948,0.825,1.679,54.0,3.3,0.7565,2.17,63.9,59.7,26.2,0,No Event,-0.13,Low,38.0,0.9065,0.0605017641776149,0.946,55.25,0,2018,12,4,1,0
2019-01-07,United Kingdom,Europe,1.058,0.96,1.566,60.94,2.88,0.7613,1.79,52.0,53.3,23.3,0,No Event,-0.16,Low,38.0,0.9635,0.066294886930157,0.948,54.0,0,2019,1,1,2,0
2019-01-14,United Kingdom,Europe,1.057,0.908,1.902,58.45,2.3,0.7564,2.14,45.8,57.1,29.3,0,No Event,0.22,Low,38.0,1.00225,0.0665626919050302,1.058,60.94,0,2019,1,1,3,0
2019-01-21,United Kingdom,Europe,1.02,0.886,1.827,57.91,1.86,0.7514,1.19,45.9,42.2,25.9,0,No Event,0.12,Low,38.0,1.02075,0.0633091145611165,1.057,58.45,0,2019,1,1,4,0
2019-01-28,United Kingdom,Europe,1.114,0.933,2.149,61.87,2.38,0.7583,1.48,50.6,48.8,23.7,0,No Event,0.23,Low,38.0,1.06225,0.0647209068172826,1.02,57.91,0,2019,1,1,5,0
2019-02-04,United Kingdom,Europe,1.078,0.954,1.61,62.37,1.88,0.7592,0.15,67.7,65.1,25.5,0,No Event,0.09,Low,38.0,1.06725,0.0670354579297399,1.114,61.87,0,2019,2,1,6,0
2019-02-11,United Kingdom,Europe,0.999,0.93,1.545,59.11,3.17,0.7526,1.12,35.2,43.8,29.2,0,No Event,0.8,Low,38.0,1.05275,0.0715865642505352,1.078,62.37,1,2019,2,1,7,0
2019-02-18,United Kingdom,Europe,1.122,0.986,1.958,64.16,2.13,0.749,1.95,56.4,42.3,21.7,0,No Event,-0.05,Low,38.0,1.0782500000000002,0.0737413623581497,0.999,59.11,0,2019,2,1,8,0
2019-02-25,United Kingdom,Europe,1.087,0.931,1.87,60.91,3.35,0.763,2.22,51.4,48.6,23.2,0,No Event,-0.24,Low,38.0,1.0715,0.0658254145341407,1.122,64.16,0,2019,2,1,9,0
2019-03-04,United Kingdom,Europe,1.07,0.98,1.528,63.6,2.36,0.7606,2.19,53.1,51.7,25.1,0,No Event,-0.57,Low,38.0,1.0695,0.0669625143488871,1.087,60.91,0,2019,3,1,10,0
2019-03-11,United Kingdom,Europe,1.075,0.962,1.783,63.15,2.29,0.7516,1.35,45.8,38.2,26.6,0,No Event,0.38,Low,38.0,1.0885,0.0640292258785496,1.07,63.6,0,2019,3,1,11,0
2019-03-18,United Kingdom,Europe,1.085,0.988,1.87,63.46,2.98,0.7567,1.75,45.5,52.6,28.8,0,No Event,-0.43,Low,38.0,1.07925,0.0632314182572066,1.075,63.15,0,2019,3,1,12,0
2019-03-25,United Kingdom,Europe,1.155,1.061,1.914,68.33,2.95,0.7746,2.9,50.3,46.0,22.2,0,No Event,-0.05,Low,38.0,1.09625,0.0647792324582083,1.085,63.46,0,2019,3,1,13,0
2019-04-01,United Kingdom,Europe,1.013,0.921,1.62,57.68,2.49,0.7642,2.49,45.1,59.9,28.8,0,No Event,-0.1,Low,38.0,1.082,0.0686699028872765,1.155,68.33,0,2019,4,2,14,0
2019-04-08,United Kingdom,Europe,1.154,1.048,2.006,65.64,2.99,0.7668,2.98,48.9,51.3,24.9,0,No Event,-0.54,Low,38.0,1.10175,0.0797825173209867,1.013,57.68,0,2019,4,2,15,0
2019-04-15,United Kingdom,Europe,1.11,0.933,1.832,61.23,2.3,0.7621,4.18,69.9,53.2,28.9,0,No Event,0.03,Low,38.0,1.108,0.0799483830364951,1.154,65.64,0,2019,4,2,16,0
2019-04-22,United Kingdom,Europe,1.12,1.004,1.551,62.89,1.68,0.7451,3.64,54.8,45.3,29.4,0,No Event,-0.48,Low,38.0,1.09925,0.0756647819416342,1.11,61.23,0,2019,4,2,17,0
2019-04-29,United Kingdom,Europe,1.096,1.059,1.963,66.71,2.69,0.7466,2.21,65.1,57.6,27.2,0,No Event,0.04,Low,38.0,1.12,0.0752667078670276,1.12,62.89,0,2019,4,2,18,0
2019-05-06,United Kingdom,Europe,1.064,0.983,1.507,62.21,1.84,0.7425,0.77,61.2,49.4,22.2,0,No Event,-0.09,Low,38.0,1.0975,0.0721671289432014,1.096,66.71,0,2019,5,2,19,0
2019-05-13,United Kingdom,Europe,1.053,0.955,2.126,59.58,2.12,0.7434,1.55,59.8,43.3,27.3,0,No Event,0.32,Low,38.0,1.08325,0.0623645742172784,1.064,62.21,0,2019,5,2,20,0
2019-05-20,United Kingdom,Europe,1.111,0.979,2.286,63.89,2.94,0.7599,1.52,54.5,39.8,25.1,0,No Event,-0.13,Low,38.0,1.081,0.0638391138567521,1.053,59.58,0,2019,5,2,21,0
2019-05-27,United Kingdom,Europe,1.142,1.02,1.637,65.73,2.89,0.7567,1.61,45.9,47.2,28.7,0,No Event,-0.06,Low,38.0,1.0924999999999998,0.0638789562664052,1.111,63.89,0,2019,5,2,22,0
2019-06-03,United Kingdom,Europe,1.121,0.982,1.966,63.85,2.25,0.7567,4.01,58.5,53.6,25.4,0,No Event,-0.03,Low,38.0,1.10675,0.064310731117351,1.142,65.73,0,2019,6,2,23,0
2019-06-10,United Kingdom,Europe,1.184,1.053,2.074,67.8,2.61,0.744,1.18,47.6,38.5,23.6,0,No Event,-0.09,Low,38.0,1.1395,0.0659741196164431,1.121,63.85,0,2019,6,2,24,0
2019-06-17,United Kingdom,Europe,1.152,0.984,2.107,66.64,3.24,0.7542,1.59,61.1,48.6,28.4,0,No Event,-0.48,Low,38.0,1.14975,0.0642785107624201,1.184,67.8,0,2019,6,2,25,0
2019-06-24,United Kingdom,Europe,1.115,1.02,2.312,65.81,2.64,0.7551,1.2,51.3,32.3,20.3,0,No Event,0.41,Low,38.0,1.143,0.0525497653031421,1.152,66.64,0,2019,6,2,26,0
2019-07-01,United Kingdom,Europe,1.249,1.12,2.209,70.53,1.62,0.7627,3.25,51.0,37.6,28.6,0,No Event,-0.66,Low,38.0,1.175,0.0483981149127499,1.115,65.81,0,2019,7,3,27,0
2019-07-08,United Kingdom,Europe,1.212,1.081,2.352,69.02,2.99,0.7396,1.94,50.0,44.5,27.0,0,No Event,-0.03,Low,38.0,1.182,0.0477244773620481,1.249,70.53,0,2019,7,3,28,0
2019-07-15,United Kingdom,Europe,1.128,0.964,1.637,62.85,1.89,0.7473,1.77,45.6,33.7,23.0,0,No Event,-0.34,Low,38.0,1.176,0.0527201761494457,1.212,69.02,0,2019,7,3,29,0
2019-07-22,United Kingdom,Europe,1.251,1.102,2.494,69.98,2.35,0.7483,1.23,43.4,38.2,24.4,0,No Event,1.29,Low,38.0,1.21,0.0603844941887094,1.128,62.85,0,2019,7,3,30,0
2019-07-29,United Kingdom,Europe,1.139,1.05,1.692,68.21,2.52,0.75,0.58,48.7,59.6,22.0,0,No Event,0.27,Low,38.0,1.1825,0.0664017837784787,1.251,69.98,0,2019,7,3,31,0
2019-08-05,United Kingdom,Europe,1.245,1.056,1.753,69.17,2.35,0.7514,2.13,47.5,58.0,27.6,0,No Event,-0.07,Low,38.0,1.19075,0.0704385123577502,1.139,68.21,0,2019,8,3,32,0
2019-08-12,United Kingdom,Europe,1.27,1.09,1.994,71.68,2.52,0.7332,1.81,42.2,48.4,26.9,0,No Event,0.61,Low,38.0,1.2262499999999998,0.0694032776476652,1.245,69.17,0,2019,8,3,33,0
2019-08-19,United Kingdom,Europe,1.244,1.133,2.385,72.08,2.04,0.7438,-0.54,40.9,39.5,20.5,0,No Event,-0.04,Low,38.0,1.2245,0.0698858487879329,1.27,71.68,0,2019,8,3,34,0
2019-08-26,United Kingdom,Europe,1.293,1.143,1.85,74.36,2.99,0.7447,4.55,61.8,29.9,21.9,0,No Event,-0.1,Low,38.0,1.263,0.0697919116851654,1.244,72.08,0,2019,8,3,35,0
2019-09-02,United Kingdom,Europe,0.855,0.772,1.544,48.95,2.48,0.7498,1.68,47.2,51.1,21.7,0,No Event,-0.25,Low,38.0,1.1655,0.1218623615443389,1.293,74.36,0,2019,9,3,36,0
2019-09-09,United Kingdom,Europe,0.747,0.678,1.5,44.08,2.99,0.7319,1.79,52.7,44.4,27.2,0,No Event,-0.27,Low,38.0,1.03475,0.1257826502491895,0.855,48.95,0,2019,9,3,37,0
2019-09-16,United Kingdom,Europe,0.764,0.696,1.5,44.44,2.57,0.7517,3.58,52.7,39.4,21.7,0,No Event,1.32,Low,38.0,0.91475,0.1265758771378469,0.747,44.08,0,2019,9,3,38,0
2019-09-23,United Kingdom,Europe,0.785,0.66,1.5,43.66,1.98,0.7412,1.33,43.0,47.0,21.9,0,No Event,0.58,Low,38.0,0.78775,0.1197228962211677,0.764,44.44,0,2019,9,3,39,0
2019-09-30,United Kingdom,Europe,0.792,0.7,1.5,44.7,2.52,0.7379,1.73,46.5,42.3,26.0,0,No Event,0.58,Low,38.0,0.772,0.1202549853942435,0.785,43.66,0,2019,9,3,40,0
2019-10-07,United Kingdom,Europe,0.883,0.799,1.677,50.41,2.36,0.7309,2.26,40.1,53.3,29.6,0,No Event,0.48,Low,38.0,0.806,0.1259799401002726,0.792,44.7,0,2019,10,4,41,0
2019-10-14,United Kingdom,Europe,0.773,0.686,1.5,45.17,2.53,0.7369,0.71,55.5,51.5,22.1,0,No Event,0.07,Low,38.0,0.80825,0.1236682699960592,0.883,50.41,0,2019,10,4,42,0
2019-10-21,United Kingdom,Europe,0.794,0.7,1.564,44.46,2.52,0.741,-0.91,46.3,41.0,26.4,0,No Event,0.0,Low,38.0,0.8105000000000001,0.1232423961925275,0.773,45.17,0,2019,10,4,43,0
2019-10-28,United Kingdom,Europe,0.81,0.745,1.542,47.91,2.97,0.737,3.24,30.6,68.2,20.5,0,No Event,-0.03,Low,38.0,0.8150000000000001,0.1188056046681547,0.794,44.46,1,2019,10,4,44,0
2019-11-04,United Kingdom,Europe,0.89,0.786,1.545,51.29,2.02,0.7459,1.64,54.3,57.9,23.1,0,No Event,-0.61,Low,38.0,0.8167500000000001,0.1237357679743448,0.81,47.91,0,2019,11,4,45,0
2019-11-11,United Kingdom,Europe,0.861,0.758,1.546,50.73,3.43,0.7447,1.54,35.5,60.8,22.6,0,No Event,0.45,Low,38.0,0.83875,0.1237815183659371,0.89,51.29,1,2019,11,4,46,0
2019-11-18,United Kingdom,Europe,0.795,0.689,1.5,45.06,1.79,0.7479,-0.21,38.4,45.0,28.5,0,No Event,0.68,Low,38.0,0.839,0.1230898527645224,0.861,50.73,1,2019,11,4,47,0
2019-11-25,United Kingdom,Europe,0.845,0.745,1.5,48.03,2.42,0.7476,3.36,48.4,54.8,27.6,0,No Event,0.81,Low,38.0,0.84775,0.0784959099803691,0.795,45.06,0,2019,11,4,48,0
2019-12-02,United Kingdom,Europe,0.878,0.772,1.609,51.05,2.71,0.7365,0.29,41.9,56.0,24.8,0,No Event,-1.11,Low,38.0,0.8447500000000001,0.0677139074685444,0.845,48.03,0,2019,12,4,49,0
2019-12-09,United Kingdom,Europe,0.836,0.777,1.5,49.33,2.66,0.7441,0.79,47.6,59.2,26.9,0,No Event,0.18,Low,38.0,0.8385,0.0700695552621381,0.878,51.05,0,2019,12,4,50,0
2019-12-16,United Kingdom,Europe,0.942,0.837,1.5,54.93,1.91,0.7525,1.76,51.5,35.5,29.6,0,No Event,-0.34,Low,38.0,0.87525,0.0777868926886553,0.836,49.33,0,2019,12,4,51,0
2019-12-23,United Kingdom,Europe,0.983,0.881,1.933,55.3,2.16,0.7554,0.82,55.3,52.9,25.8,0,No Event,0.22,Low,38.0,0.90975,0.0780572593160918,0.942,54.93,0,2019,12,4,52,0
2019-12-30,United Kingdom,Europe,0.961,0.854,1.5,53.83,2.36,0.7601,1.27,41.1,61.1,25.8,0,No Event,0.05,Low,38.0,0.9305,0.0729305038602259,0.983,55.3,0,2019,12,4,1,0
2020-01-06,United Kingdom,Europe,0.943,0.872,1.511,55.93,1.95,0.7638,1.47,34.2,49.5,28.6,0,No Event,0.11,Low,38.0,0.95725,0.0605947951830768,0.961,53.83,1,2020,1,1,2,0
2020-01-13,United Kingdom,Europe,0.931,0.818,1.822,53.16,1.74,0.7495,1.22,45.3,68.9,23.8,0,No Event,-0.44,Low,38.0,0.9545,0.0611585819874078,0.943,55.93,0,2020,1,1,3,0
2020-01-20,United Kingdom,Europe,0.977,0.917,1.61,57.52,2.63,0.7702,1.79,72.5,41.8,29.3,0,No Event,-0.46,Low,38.0,0.953,0.0619595926120182,0.931,53.16,0,2020,1,1,4,0
2020-01-27,United Kingdom,Europe,0.992,0.914,1.959,57.67,2.6,0.741,2.58,38.3,41.1,23.0,0,No Event,-0.13,Low,38.0,0.96075,0.0564423108009461,0.977,57.52,1,2020,1,1,5,0
2020-02-03,United Kingdom,Europe,1.031,0.919,1.775,59.9,2.95,0.7672,1.64,55.5,60.6,25.5,0,No Event,-0.37,Low,38.0,0.98275,0.0552555448358081,0.992,57.67,0,2020,2,1,6,0
2020-02-10,United Kingdom,Europe,1.197,1.077,1.975,68.59,3.63,0.7472,2.88,47.7,54.0,36.8,1,COVID-19 Pandemic,-0.96,Low,38.0,1.04925,0.0611126044245382,1.031,59.9,0,2020,2,1,7,0
2020-02-17,United Kingdom,Europe,1.058,0.974,1.912,62.78,2.42,0.7549,0.96,62.1,57.4,35.8,1,COVID-19 Pandemic,0.5,Low,38.0,1.0695,0.0744310443214234,1.197,68.59,0,2020,2,1,8,0
2020-02-24,United Kingdom,Europe,1.136,1.045,2.293,66.36,2.44,0.7583,-1.44,45.2,40.3,20.5,0,No Event,-0.27,Low,38.0,1.1055,0.0758386902384732,1.058,62.78,0,2020,2,1,9,0
2020-03-02,United Kingdom,Europe,1.128,1.107,1.855,69.35,4.01,0.7619,4.3,37.9,49.7,28.5,1,COVID-19 Pandemic,-0.02,Low,38.0,1.12975,0.0731800111142777,1.136,66.36,1,2020,3,1,10,0
2020-03-09,United Kingdom,Europe,1.298,1.188,2.355,75.42,2.29,0.7569,-1.37,45.7,47.1,28.9,0,No Event,-0.06,Low,38.0,1.155,0.0763803173919533,1.128,69.35,0,2020,3,1,11,0
2020-03-16,United Kingdom,Europe,1.233,1.14,2.385,72.22,3.97,0.7732,5.24,47.2,52.3,42.6,1,COVID-19 Pandemic,0.38,Low,38.0,1.19875,0.0795504649325056,1.298,75.42,0,2020,3,1,12,0
2020-03-23,United Kingdom,Europe,1.436,1.213,2.128,79.11,5.57,0.7464,2.58,55.6,40.6,32.0,1,COVID-19 Pandemic,0.46,Low,38.0,1.27375,0.0879675924381948,1.233,72.22,0,2020,3,1,13,0
2020-03-30,United Kingdom,Europe,1.382,1.191,2.767,79.63,2.56,0.7648,1.77,56.3,33.6,52.7,1,COVID-19 Pandemic,0.1,Low,38.0,1.33725,0.0892232619324467,1.436,79.11,0,2020,3,1,14,0
2020-04-06,United Kingdom,Europe,1.389,1.244,2.857,79.79,3.43,0.7573,3.4,49.7,44.8,34.3,1,COVID-19 Pandemic,0.11,Low,38.0,1.36,0.0884869392253007,1.382,79.63,0,2020,4,2,15,0
2020-04-13,United Kingdom,Europe,1.399,1.258,2.665,81.01,2.63,0.7498,-3.18,54.2,50.0,22.5,0,No Event,0.67,Low,38.0,1.4015,0.0888030087121063,1.389,79.79,0,2020,4,2,16,0
2020-04-20,United Kingdom,Europe,1.431,1.284,2.206,83.13,2.31,0.7547,4.15,57.0,43.7,34.0,1,COVID-19 Pandemic,-0.3,Low,38.0,1.40025,0.0886870889537663,1.399,81.01,0,2020,4,2,17,0
2020-04-27,United Kingdom,Europe,1.357,1.217,2.788,79.85,4.44,0.7623,1.46,57.2,44.6,27.7,1,COVID-19 Pandemic,0.45,Low,38.0,1.394,0.0920639572116268,1.431,83.13,0,2020,4,2,18,0
2020-05-04,United Kingdom,Europe,1.413,1.263,2.554,82.65,1.47,0.7461,3.49,49.8,46.0,44.7,1,COVID-19 Pandemic,0.74,Low,38.0,1.4,0.0821623315494396,1.357,79.85,0,2020,5,2,19,0
2020-05-11,United Kingdom,Europe,1.445,1.291,2.603,84.47,4.11,0.7565,2.85,59.1,48.8,50.2,1,COVID-19 Pandemic,-0.45,Low,38.0,1.4115000000000002,0.070702555190038,1.413,82.65,0,2020,5,2,20,0
2020-05-18,United Kingdom,Europe,1.486,1.356,2.817,87.14,2.37,0.7599,0.74,46.6,56.8,28.8,0,No Event,0.24,Low,38.0,1.42525,0.0692613169370266,1.445,84.47,0,2020,5,2,21,0
2020-05-25,United Kingdom,Europe,1.539,1.348,2.518,87.57,2.37,0.7516,0.6,44.6,47.6,36.9,1,COVID-19 Pandemic,-0.44,Low,38.0,1.47075,0.0685761380422195,1.486,87.14,0,2020,5,2,22,0
2020-06-01,United Kingdom,Europe,1.147,1.025,1.785,66.21,1.65,0.7568,1.89,55.1,34.1,39.3,1,COVID-19 Pandemic,-0.14,Low,38.0,1.40425,0.0968157549821594,1.539,87.57,0,2020,6,2,23,0
2020-06-08,United Kingdom,Europe,0.991,0.939,1.5,58.57,3.25,0.744,-0.7,52.6,43.3,36.9,1,COVID-19 Pandemic,0.02,Low,38.0,1.29075,0.1033662861603542,1.147,66.21,0,2020,6,2,24,0
2020-06-15,United Kingdom,Europe,1.066,0.962,1.791,61.99,5.28,0.7486,0.32,42.8,50.6,37.4,1,COVID-19 Pandemic,1.12,Low,38.0,1.18575,0.0920644682985152,0.991,58.57,0,2020,6,2,25,0
2020-06-22,United Kingdom,Europe,0.927,0.824,1.507,52.27,3.57,0.7419,2.04,44.6,55.5,47.6,1,COVID-19 Pandemic,-0.22,Low,38.0,1.03275,0.0974093775374036,1.066,61.99,0,2020,6,2,26,0
2020-06-29,United Kingdom,Europe,0.98,0.882,1.898,55.68,5.78,0.7543,2.57,48.5,59.6,33.4,1,COVID-19 Pandemic,-0.29,Low,38.0,0.991,0.1001328672183159,0.927,52.27,0,2020,6,2,27,0
2020-07-06,United Kingdom,Europe,0.997,0.841,1.996,56.92,4.69,0.7413,2.85,45.9,46.9,50.0,1,COVID-19 Pandemic,0.08,Low,38.0,0.9925,0.1004579697807513,0.98,55.68,0,2020,7,3,28,0
2020-07-13,United Kingdom,Europe,0.91,0.818,1.5,52.56,2.0,0.7452,2.49,58.2,51.5,20.7,0,No Event,0.22,Low,38.0,0.9535,0.1009506738063597,0.997,56.92,0,2020,7,3,29,0
2020-07-20,United Kingdom,Europe,0.92,0.825,1.5,52.12,3.16,0.7414,1.27,46.1,40.0,44.8,1,COVID-19 Pandemic,0.11,Low,38.0,0.95175,0.1014493417233858,0.91,52.56,0,2020,7,3,30,0
2020-07-27,United Kingdom,Europe,0.891,0.792,1.622,52.46,4.19,0.758,3.14,55.1,46.6,45.0,1,COVID-19 Pandemic,0.29,Low,38.0,0.9295,0.0991729501861847,0.92,52.12,0,2020,7,3,31,0
2020-08-03,United Kingdom,Europe,0.843,0.724,1.688,47.51,2.07,0.7492,1.05,44.3,35.8,23.6,0,No Event,-0.07,Low,38.0,0.891,0.0977426779376994,0.891,52.46,0,2020,8,3,32,0
2020-08-10,United Kingdom,Europe,0.792,0.704,1.5,45.6,2.62,0.7331,1.72,64.1,57.8,25.0,0,No Event,-0.37,Low,38.0,0.8615,0.0955114295404952,0.843,47.51,0,2020,8,3,33,0
2020-08-17,United Kingdom,Europe,0.844,0.754,1.5,49.23,2.37,0.7349,2.63,35.2,57.2,33.5,1,COVID-19 Pandemic,0.01,Low,38.0,0.8425,0.098209731587801,0.792,45.6,1,2020,8,3,34,0
2020-08-24,United Kingdom,Europe,0.823,0.745,1.5,48.79,2.36,0.7444,0.33,46.5,41.9,30.7,1,COVID-19 Pandemic,0.78,Low,38.0,0.8255,0.0723872434159085,0.844,49.23,0,2020,8,3,35,0
2020-08-31,United Kingdom,Europe,0.836,0.728,1.5,46.47,2.35,0.7477,1.47,55.3,47.8,24.7,0,No Event,0.16,Low,38.0,0.82375,0.0639598277627596,0.823,48.79,0,2020,8,3,36,0
2020-09-07,United Kingdom,Europe,0.843,0.74,1.5,48.31,2.88,0.7565,1.24,36.9,58.0,21.2,0,No Event,-0.94,Low,38.0,0.8364999999999999,0.0582541264881782,0.836,46.47,1,2020,9,3,37,0
2020-09-14,United Kingdom,Europe,0.814,0.731,1.561,47.33,1.91,0.7297,2.88,45.6,38.0,29.7,0,No Event,0.49,Low,38.0,0.829,0.0468568184796139,0.843,48.31,0,2020,9,3,38,0
2020-09-21,United Kingdom,Europe,0.836,0.755,1.557,48.05,2.73,0.7362,0.64,53.2,57.4,23.0,0,No Event,0.2,Low,38.0,0.8322499999999999,0.0436397486536356,0.814,47.33,0,2020,9,3,39,0
2020-09-28,United Kingdom,Europe,0.847,0.74,1.5,47.58,1.9,0.7402,0.3,34.2,50.5,23.7,0,No Event,0.67,Low,38.0,0.835,0.0433973725390211,0.836,48.05,1,2020,9,3,40,0
2020-10-05,United Kingdom,Europe,0.805,0.695,1.5,45.47,2.75,0.74,-0.28,29.4,65.4,23.1,0,No Event,-0.08,Low,38.0,0.8255,0.0386046313958974,0.847,47.58,1,2020,10,4,41,0
2020-10-12,United Kingdom,Europe,0.825,0.728,1.5,45.78,2.1,0.7517,3.71,20.4,62.5,22.9,0,No Event,-0.06,Low,38.0,0.8282499999999999,0.0394700170901456,0.805,45.47,1,2020,10,4,42,0
2020-10-19,United Kingdom,Europe,0.859,0.742,1.622,49.05,2.42,0.7366,3.53,47.7,53.9,20.7,0,No Event,-0.22,Low,38.0,0.8340000000000001,0.0411336663958746,0.825,45.78,0,2020,10,4,43,0
2020-10-26,United Kingdom,Europe,0.848,0.755,1.637,49.17,2.06,0.7443,1.45,51.7,46.3,22.6,0,No Event,-0.31,Low,38.0,0.83425,0.0380418283438602,0.859,49.05,0,2020,10,4,44,0
2020-11-02,United Kingdom,Europe,0.84,0.708,1.5,47.48,3.48,0.7388,0.25,60.7,52.7,28.1,0,No Event,-0.29,Low,38.0,0.843,0.0330459808335264,0.848,49.17,0,2020,11,4,45,0
2020-11-09,United Kingdom,Europe,0.886,0.78,1.638,49.33,2.55,0.7607,2.75,50.2,48.3,28.6,0,No Event,-0.19,Low,38.0,0.85825,0.0313463730607148,0.84,47.48,0,2020,11,4,46,0
2020-11-16,United Kingdom,Europe,0.883,0.791,1.656,51.08,1.76,0.7611,1.95,49.0,74.6,25.4,0,No Event,0.0,Low,38.0,0.86425,0.0301039529792331,0.886,49.33,0,2020,11,4,47,0
2020-11-23,United Kingdom,Europe,0.852,0.771,1.742,49.57,2.52,0.7419,2.11,33.0,57.8,28.9,0,No Event,0.57,Low,38.0,0.86525,0.0321599278601977,0.883,51.08,1,2020,11,4,48,0
2020-11-30,United Kingdom,Europe,0.912,0.831,1.766,52.23,2.55,0.7414,1.63,51.7,53.4,28.3,0,No Event,-0.05,Low,38.0,0.88325,0.0377675531017616,0.852,49.57,0,2020,11,4,49,0
2020-12-07,United Kingdom,Europe,0.905,0.791,1.54,51.33,2.91,0.7434,0.17,45.9,45.6,22.0,0,No Event,-0.68,Low,38.0,0.888,0.0358279060123615,0.912,52.23,0,2020,12,4,50,0
2020-12-14,United Kingdom,Europe,0.959,0.837,1.733,53.71,3.0,0.7492,1.11,64.5,51.2,28.6,0,No Event,0.39,Low,38.0,0.907,0.0384282298830459,0.905,51.33,0,2020,12,4,51,0
2020-12-21,United Kingdom,Europe,1.025,0.933,1.501,58.02,2.61,0.7389,1.01,51.3,54.2,26.5,0,No Event,-0.17,Low,38.0,0.95025,0.0417720552422842,0.959,53.71,0,2020,12,4,52,0
2020-12-28,United Kingdom,Europe,0.979,0.876,1.82,57.14,1.92,0.7538,4.21,47.4,49.8,20.5,0,No Event,0.92,Low,38.0,0.967,0.0411084747370977,1.025,58.02,0,2020,12,4,53,0
2021-01-04,United Kingdom,Europe,0.967,0.869,1.5,57.0,2.37,0.7542,0.82,42.1,55.7,29.9,0,No Event,-1.09,Low,38.0,0.9825,0.0418697482359523,0.979,57.14,0,2021,1,1,1,0
2021-01-11,United Kingdom,Europe,1.033,0.926,1.576,60.07,2.04,0.7492,0.63,48.5,41.1,23.5,0,No Event,-0.43,Low,38.0,1.001,0.044127570333373,0.967,57.0,0,2021,1,1,2,0
2021-01-18,United Kingdom,Europe,1.069,0.944,2.187,60.97,2.21,0.759,2.62,54.2,62.7,25.2,0,No Event,0.46,Low,38.0,1.012,0.0434020944918194,1.033,60.07,0,2021,1,1,3,0
2021-01-25,United Kingdom,Europe,1.101,0.953,2.122,62.5,2.38,0.7643,2.59,55.7,44.0,23.0,0,No Event,-0.36,Low,38.0,1.0425,0.0424240946631977,1.069,60.97,0,2021,1,1,4,0
2021-02-01,United Kingdom,Europe,1.152,1.014,1.623,65.55,2.36,0.7587,2.22,64.6,63.9,24.4,0,No Event,0.13,Low,38.0,1.08875,0.0419278598775998,1.101,62.5,0,2021,2,1,5,0
2021-02-08,United Kingdom,Europe,1.088,0.99,2.032,61.93,3.3,0.7593,2.51,54.0,69.7,21.0,0,No Event,-0.29,Low,38.0,1.1025,0.0472674816918733,1.152,65.55,0,2021,2,1,6,0
2021-02-15,United Kingdom,Europe,1.089,0.965,2.04,62.51,2.94,0.7472,4.95,47.9,43.1,24.2,0,No Event,-0.13,Low,38.0,1.1075,0.0446183116552671,1.088,61.93,0,2021,2,1,7,0
2021-02-22,United Kingdom,Europe,1.065,0.982,1.935,63.39,3.1,0.7583,1.84,43.9,52.2,23.7,0,No Event,-0.08,Low,38.0,1.0985,0.043381181451181,1.089,62.51,0,2021,2,1,8,0
2021-03-01,United Kingdom,Europe,1.193,1.06,2.097,67.6,2.48,0.7636,2.46,52.6,49.9,25.2,0,No Event,-0.35,Low,38.0,1.10875,0.052379467712845,1.065,63.39,0,2021,3,1,9,0
2021-03-08,United Kingdom,Europe,1.1,0.996,1.6,64.31,2.52,0.7612,1.27,53.9,48.1,23.3,0,No Event,0.29,Low,38.0,1.11175,0.0586721848073805,1.193,67.6,0,2021,3,1,10,0
2021-03-15,United Kingdom,Europe,1.241,1.067,1.95,69.27,3.39,0.7573,4.43,52.3,47.1,24.7,0,No Event,0.42,Low,38.0,1.14975,0.0658634061592487,1.1,64.31,0,2021,3,1,11,0
2021-03-22,United Kingdom,Europe,1.138,0.997,1.857,64.63,2.45,0.757,1.97,44.6,55.4,24.3,0,No Event,0.17,Low,38.0,1.168,0.0699632405740183,1.241,69.27,0,2021,3,1,12,0
2021-03-29,United Kingdom,Europe,1.064,0.918,2.078,61.28,2.02,0.756,3.99,33.6,62.4,21.5,0,No Event,0.3,Low,38.0,1.13575,0.0733941057056953,1.138,64.63,1,2021,3,1,13,0
2021-04-05,United Kingdom,Europe,1.206,1.078,1.788,68.23,1.8,0.7426,1.05,41.8,52.4,26.0,0,No Event,0.41,Low,38.0,1.16225,0.0801662355838508,1.064,61.28,0,2021,4,2,14,0
2021-04-12,United Kingdom,Europe,1.153,1.048,1.81,66.83,2.85,0.7603,1.94,34.1,65.4,20.4,0,No Event,0.06,Low,38.0,1.14025,0.0816818657963685,1.206,68.23,1,2021,4,2,15,0
2021-04-19,United Kingdom,Europe,1.195,1.043,2.468,68.89,2.55,0.7553,2.39,57.7,38.2,29.4,0,No Event,0.05,Low,38.0,1.1545,0.0818523548199812,1.153,66.83,0,2021,4,2,16,0
2021-04-26,United Kingdom,Europe,1.102,1.008,1.669,64.99,2.8,0.7518,1.85,42.3,47.3,24.2,0,No Event,0.6,Low,38.0,1.164,0.0846197416591552,1.195,68.89,0,2021,4,2,17,0
2021-05-03,United Kingdom,Europe,1.112,0.993,1.901,63.75,3.29,0.7509,1.47,52.4,54.4,28.5,0,No Event,0.63,Low,38.0,1.1405,0.0828359862616283,1.102,64.99,0,2021,5,2,18,0
2021-05-10,United Kingdom,Europe,1.127,1.024,2.076,64.63,2.47,0.7593,2.51,68.8,44.1,23.8,0,No Event,0.77,Low,38.0,1.134,0.0828609343376857,1.112,63.75,0,2021,5,2,19,0
2021-05-17,United Kingdom,Europe,1.113,0.993,1.864,63.03,2.5,0.7456,-1.12,54.9,53.4,21.2,0,No Event,0.2,Low,38.0,1.1135000000000002,0.08261209979697,1.127,64.63,0,2021,5,2,20,0
2021-05-24,United Kingdom,Europe,1.053,0.933,1.683,61.71,2.84,0.7711,4.48,46.8,49.9,27.7,0,No Event,0.68,Low,38.0,1.1012499999999998,0.0758872380435778,1.113,63.03,0,2021,5,2,21,0
2021-05-31,United Kingdom,Europe,1.11,0.974,2.116,62.47,3.1,0.7598,-0.22,54.3,28.2,27.0,0,No Event,-0.05,Low,38.0,1.10075,0.0743481832143061,1.053,61.71,0,2021,5,2,22,0
2021-06-07,United Kingdom,Europe,1.091,0.959,1.716,61.36,2.9,0.7527,0.32,52.7,36.1,25.5,0,No Event,0.8,Low,38.0,1.09175,0.0631325488704392,1.11,62.47,0,2021,6,2,23,0
2021-06-14,United Kingdom,Europe,1.02,0.913,1.529,58.69,2.53,0.7594,1.23,62.6,45.7,20.2,0,No Event,0.16,Low,38.0,1.0685,0.0614086483071919,1.091,61.36,0,2021,6,2,24,0
2021-06-21,United Kingdom,Europe,0.995,0.9,2.01,56.69,2.29,0.7465,3.64,47.2,49.2,26.6,0,No Event,-0.47,Low,38.0,1.054,0.0590192637184229,1.02,58.69,0,2021,6,2,25,0
2021-06-28,United Kingdom,Europe,0.976,0.897,2.057,57.23,2.07,0.7499,2.04,47.7,51.5,25.1,0,No Event,1.26,Low,38.0,1.0205,0.0401178278134932,0.995,56.69,0,2021,6,2,26,0
2021-07-05,United Kingdom,Europe,0.933,0.803,1.636,53.8,2.9,0.7441,3.72,36.8,42.9,22.5,0,No Event,1.3,Low,38.0,0.981,0.0401246511643211,0.976,57.23,1,2021,7,3,27,0
2021-07-12,United Kingdom,Europe,0.909,0.82,1.5,53.27,2.67,0.751,3.21,46.5,55.4,24.3,0,No Event,-0.49,Low,38.0,0.95325,0.0364839483374253,0.933,53.8,0,2021,7,3,28,0
2021-07-19,United Kingdom,Europe,0.94,0.857,1.701,56.1,2.34,0.7597,-1.57,60.0,46.1,26.1,0,No Event,0.09,Low,38.0,0.9395,0.0351764931141868,0.909,53.27,0,2021,7,3,29,0
2021-07-26,United Kingdom,Europe,0.911,0.812,1.553,52.63,2.96,0.7478,1.88,56.4,55.6,27.4,0,No Event,-0.03,Low,38.0,0.92325,0.0348272363636729,0.94,56.1,0,2021,7,3,30,0
2021-08-02,United Kingdom,Europe,0.893,0.804,1.656,50.37,2.52,0.7527,0.71,47.8,45.2,23.6,0,No Event,0.55,Low,38.0,0.91325,0.0335749086869342,0.911,52.63,0,2021,8,3,31,0
2021-08-09,United Kingdom,Europe,0.859,0.759,1.5,49.82,2.37,0.7522,-0.64,50.6,50.3,29.7,0,No Event,-0.84,Low,38.0,0.90075,0.0339539911661606,0.893,50.37,0,2021,8,3,32,0
2021-08-16,United Kingdom,Europe,0.839,0.728,1.5,48.27,3.72,0.7345,-1.12,48.5,40.8,21.3,0,No Event,0.04,Low,38.0,0.8755,0.0323548200304946,0.859,49.82,0,2021,8,3,33,0
2021-08-23,United Kingdom,Europe,0.823,0.743,1.581,46.88,1.27,0.7318,4.6,40.9,31.5,27.6,0,No Event,-0.51,Low,38.0,0.8534999999999999,0.0230147737349746,0.839,48.27,0,2021,8,3,34,0
2021-08-30,United Kingdom,Europe,0.758,0.699,1.501,44.7,1.94,0.7447,1.13,55.3,47.9,24.0,0,No Event,0.37,Low,38.0,0.81975,0.0276937395565865,0.823,46.88,0,2021,8,3,35,0
2021-09-06,United Kingdom,Europe,0.801,0.721,1.5,45.47,2.63,0.7491,3.23,59.0,44.3,25.8,0,No Event,-0.37,Low,38.0,0.80525,0.0348726874078481,0.758,44.7,0,2021,9,3,36,0
2021-09-13,United Kingdom,Europe,0.829,0.711,1.5,46.05,2.17,0.7479,-0.71,34.6,55.6,26.1,0,No Event,0.27,Low,38.0,0.8027500000000001,0.0381488545496009,0.801,45.47,1,2021,9,3,37,0
2021-09-20,United Kingdom,Europe,0.852,0.738,1.5,46.71,2.58,0.7411,2.35,49.3,42.2,27.9,0,No Event,0.07,Low,38.0,0.81,0.0399799090536104,0.829,46.05,0,2021,9,3,38,0
2021-09-27,United Kingdom,Europe,0.867,0.773,1.5,49.95,2.62,0.7529,2.99,37.8,48.3,25.1,0,No Event,-0.83,Low,38.0,0.83725,0.0392335813115808,0.852,46.71,1,2021,9,3,39,0
2021-10-04,United Kingdom,Europe,0.885,0.752,1.65,49.46,2.55,0.7433,4.02,38.8,64.3,29.1,0,No Event,0.41,Low,38.0,0.85825,0.0393374380944994,0.867,49.95,1,2021,10,4,40,0
2021-10-11,United Kingdom,Europe,0.791,0.703,1.5,45.4,3.05,0.744,0.45,43.6,74.4,23.4,0,No Event,0.23,Low,38.0,0.8487500000000001,0.0477453842988422,0.885,49.46,0,2021,10,4,41,0
2021-10-18,United Kingdom,Europe,0.84,0.737,1.5,48.93,2.65,0.7262,0.65,42.3,37.9,23.0,0,No Event,0.12,Low,38.0,0.84575,0.051956499147449,0.791,45.4,0,2021,10,4,42,0
2021-10-25,United Kingdom,Europe,0.811,0.73,1.582,45.63,3.02,0.726,2.54,54.6,52.9,27.7,0,No Event,-0.28,Low,38.0,0.83175,0.0524976688838219,0.84,48.93,0,2021,10,4,43,0
2021-11-01,United Kingdom,Europe,0.805,0.754,1.693,47.03,1.95,0.7612,-0.2,45.6,66.2,22.1,0,No Event,0.43,Low,38.0,0.8117500000000001,0.0515697400702899,0.811,45.63,0,2021,11,4,44,0
2021-11-08,United Kingdom,Europe,0.819,0.744,1.618,48.28,3.48,0.7483,3.07,55.4,41.5,24.0,0,No Event,0.62,Low,38.0,0.8187500000000001,0.0515341166310606,0.805,47.03,0,2021,11,4,45,0
2021-11-15,United Kingdom,Europe,0.884,0.802,1.539,50.03,2.69,0.7664,0.93,40.1,55.1,22.0,0,No Event,0.17,Low,38.0,0.82975,0.0559948131171309,0.819,48.28,0,2021,11,4,46,0
2021-11-22,United Kingdom,Europe,0.901,0.811,1.5,51.71,2.2,0.7493,1.56,48.8,51.2,26.5,0,No Event,-0.11,Low,38.0,0.85225,0.048947910022238,0.884,50.03,0,2021,11,4,47,0
2021-11-29,United Kingdom,Europe,0.943,0.859,1.547,54.09,2.91,0.7288,3.64,47.0,62.3,20.2,0,No Event,-0.51,Low,38.0,0.8867499999999999,0.0482582133491779,0.901,51.71,0,2021,11,4,48,0
2021-12-06,United Kingdom,Europe,1.032,0.887,1.624,57.45,2.14,0.7489,3.64,48.1,54.1,28.9,0,No Event,-0.1,Low,38.0,0.94,0.0533010151555003,0.943,54.09,0,2021,12,4,49,0
2021-12-13,United Kingdom,Europe,0.941,0.848,1.5,55.08,1.94,0.7504,1.46,46.9,46.8,29.5,0,No Event,0.04,Low,38.0,0.95425,0.061580602680654,1.032,57.45,0,2021,12,4,50,0
2021-12-20,United Kingdom,Europe,1.005,0.88,1.5,56.9,2.53,0.7443,4.42,41.3,36.5,21.2,0,No Event,-0.12,Low,38.0,0.9802499999999998,0.0638190157699765,0.941,55.08,0,2021,12,4,51,0
2021-12-27,United Kingdom,Europe,1.019,0.872,1.557,58.27,3.22,0.7379,1.02,67.0,67.4,24.9,0,No Event,-0.9,Low,38.0,0.99925,0.0637864285220976,1.005,56.9,0,2021,12,4,52,0
2022-01-03,United Kingdom,Europe,0.988,0.887,1.957,56.91,2.05,0.7471,4.6,37.1,58.4,27.4,0,No Event,-0.25,Low,38.0,0.98825,0.0538029403720358,1.019,58.27,1,2022,1,1,1,0
2022-01-10,United Kingdom,Europe,1.068,0.948,1.881,61.02,2.4,0.7547,2.02,46.9,45.0,22.7,0,No Event,1.09,Low,38.0,1.02,0.0554068026878564,0.988,56.91,0,2022,1,1,2,0
2022-01-17,United Kingdom,Europe,1.07,0.93,1.5,60.42,2.84,0.7587,0.59,44.4,59.2,29.8,0,No Event,0.83,Low,38.0,1.03625,0.052998190193403,1.068,61.02,0,2022,1,1,3,0
2022-01-24,United Kingdom,Europe,1.12,0.999,2.249,63.43,2.94,0.7589,2.03,40.5,45.4,26.0,0,No Event,-0.6,Low,38.0,1.0615,0.0523219041690476,1.07,60.42,0,2022,1,1,4,0
2022-01-31,United Kingdom,Europe,1.041,0.97,1.74,63.08,1.21,0.7572,2.53,42.3,49.7,21.1,0,No Event,0.53,Low,38.0,1.07475,0.0597491289025942,1.12,63.43,0,2022,1,1,5,0
2022-02-07,United Kingdom,Europe,1.143,0.993,1.989,65.67,2.22,0.7553,2.78,48.4,51.4,26.7,0,No Event,-1.35,Low,38.0,1.0935,0.0615921881876475,1.041,63.08,0,2022,2,1,6,0
2022-02-14,United Kingdom,Europe,1.172,1.055,1.872,69.39,2.31,0.7596,3.74,50.2,70.4,25.2,0,No Event,-0.14,Low,38.0,1.119,0.0615800687890238,1.143,65.67,0,2022,2,1,7,0
2022-02-21,United Kingdom,Europe,1.202,1.092,1.781,69.56,10.1,0.7506,3.71,55.0,53.2,38.3,1,Russia-Ukraine War,-0.73,Low,38.0,1.1395,0.0611726395481566,1.172,69.39,0,2022,2,1,8,0
2022-02-28,United Kingdom,Europe,1.26,1.155,2.586,73.88,6.2,0.7511,0.57,53.7,34.8,36.3,1,Russia-Ukraine War,0.09,Low,38.0,1.19425,0.0575636148977075,1.202,69.56,0,2022,2,1,9,0
2022-03-07,United Kingdom,Europe,1.389,1.23,2.693,79.91,8.01,0.7572,3.21,49.5,40.5,65.3,1,Russia-Ukraine War,0.26,Low,38.0,1.25575,0.0514831397127088,1.26,73.88,0,2022,3,1,10,0
2022-03-14,United Kingdom,Europe,1.35,1.199,2.343,75.87,5.61,0.754,5.28,50.5,44.0,38.6,1,Russia-Ukraine War,-0.36,Low,38.0,1.30025,0.0531869122977007,1.389,79.91,0,2022,3,1,11,0
2022-03-21,United Kingdom,Europe,1.321,1.278,2.254,79.71,8.2,0.7662,4.52,36.2,57.5,68.8,1,Russia-Ukraine War,-0.23,Low,38.0,1.33,0.0548831491322041,1.35,75.87,1,2022,3,1,12,0
2022-03-28,United Kingdom,Europe,1.46,1.301,2.859,82.14,7.97,0.7571,2.85,44.8,37.6,36.1,1,Russia-Ukraine War,0.08,Low,38.0,1.38,0.0567670617907548,1.321,79.71,0,2022,3,1,13,0
2022-04-04,United Kingdom,Europe,1.494,1.354,2.889,86.53,11.31,0.7644,1.64,57.7,65.7,46.3,1,Russia-Ukraine War,0.36,Low,38.0,1.40625,0.0548875453538313,1.46,82.14,0,2022,4,2,14,0
2022-04-11,United Kingdom,Europe,1.452,1.271,2.706,83.34,5.3,0.7658,-0.26,49.2,45.9,54.3,1,Russia-Ukraine War,-0.16,Low,38.0,1.43175,0.0569154700730051,1.494,86.53,0,2022,4,2,15,0
2022-04-18,United Kingdom,Europe,1.459,1.33,2.604,83.55,4.39,0.7544,1.75,60.3,54.0,33.0,1,Russia-Ukraine War,0.56,Low,38.0,1.46625,0.0568951884205549,1.452,83.34,0,2022,4,2,16,0
2022-04-25,United Kingdom,Europe,1.44,1.311,2.077,84.81,10.96,0.7608,3.46,58.0,54.1,41.7,1,Russia-Ukraine War,0.24,Low,38.0,1.46125,0.0502694993620681,1.459,83.55,0,2022,4,2,17,0
2022-05-02,United Kingdom,Europe,1.38,1.274,2.081,80.69,7.41,0.7477,1.18,60.9,31.8,58.6,1,Russia-Ukraine War,0.18,Low,38.0,1.43275,0.0488716289164729,1.44,84.81,0,2022,5,2,18,0
2022-05-09,United Kingdom,Europe,1.496,1.321,2.799,85.31,9.96,0.7502,0.53,44.5,55.4,44.8,1,Russia-Ukraine War,0.41,Low,38.0,1.44375,0.0525931420449148,1.38,80.69,0,2022,5,2,19,0
2022-05-16,United Kingdom,Europe,1.458,1.27,2.388,85.69,7.89,0.7559,0.44,58.8,49.0,37.7,1,Russia-Ukraine War,0.35,Low,38.0,1.4435,0.0542890587558239,1.496,85.31,0,2022,5,2,20,0
2022-05-23,United Kingdom,Europe,1.551,1.424,2.615,89.1,7.35,0.7699,2.08,43.0,37.9,42.8,1,Russia-Ukraine War,-0.44,Low,38.0,1.47125,0.0552648087138327,1.458,85.69,0,2022,5,2,21,0
2022-05-30,United Kingdom,Europe,1.071,0.948,1.61,61.13,6.48,0.7552,3.66,51.8,35.5,47.0,1,Russia-Ukraine War,0.54,Low,38.0,1.394,0.1045572654489315,1.551,89.1,0,2022,5,2,22,0
2022-06-06,United Kingdom,Europe,1.155,1.028,1.612,65.38,9.15,0.7459,2.82,62.4,45.4,47.2,1,Russia-Ukraine War,0.24,Low,38.0,1.30875,0.1078614965831767,1.071,61.13,0,2022,6,2,23,0
2022-06-13,United Kingdom,Europe,1.128,1.007,2.188,63.89,7.91,0.7676,1.66,46.4,45.0,44.1,1,Russia-Ukraine War,-0.22,Low,38.0,1.22625,0.107886603829797,1.155,65.38,0,2022,6,2,24,0
2022-06-20,United Kingdom,Europe,0.997,0.891,1.629,57.4,7.16,0.7561,2.27,54.5,48.7,39.4,1,Russia-Ukraine War,-0.36,Low,38.0,1.08775,0.1058995370096395,1.128,63.89,0,2022,6,2,25,0
2022-06-27,United Kingdom,Europe,0.99,0.858,1.5,56.35,9.3,0.7601,1.04,32.2,46.0,52.6,1,Russia-Ukraine War,1.47,Low,38.0,1.0675,0.1049946484876768,0.997,57.4,1,2022,6,2,26,0
2022-07-04,United Kingdom,Europe,0.993,0.905,1.587,57.89,3.96,0.7629,2.71,66.2,32.7,55.3,1,Russia-Ukraine War,0.59,Low,38.0,1.027,0.1053693578017525,0.99,56.35,0,2022,7,3,27,0
2022-07-11,United Kingdom,Europe,0.908,0.767,1.5,51.46,9.3,0.7543,1.73,44.6,45.6,38.6,1,Russia-Ukraine War,-0.39,Low,38.0,0.972,0.1062593854833193,0.993,57.89,0,2022,7,3,28,0
2022-07-18,United Kingdom,Europe,0.971,0.86,1.919,55.63,6.41,0.7446,3.51,49.7,41.5,55.6,1,Russia-Ukraine War,0.38,Low,38.0,0.9655,0.1102350564538321,0.908,51.46,0,2022,7,3,29,0
2022-07-25,United Kingdom,Europe,0.976,0.863,1.5,55.44,7.65,0.7454,0.61,42.3,38.4,48.6,1,Russia-Ukraine War,0.64,Low,38.0,0.962,0.1104519387929714,0.971,55.63,0,2022,7,3,30,0
2022-08-01,United Kingdom,Europe,0.874,0.777,1.5,50.93,9.58,0.7523,2.13,50.6,40.8,52.7,1,Russia-Ukraine War,0.95,Low,38.0,0.93225,0.1073728268436423,0.976,55.44,0,2022,8,3,31,0
2022-08-08,United Kingdom,Europe,0.867,0.753,1.703,49.43,8.75,0.7307,2.68,31.7,31.0,60.4,1,Russia-Ukraine War,-0.21,Low,38.0,0.922,0.1076700860405107,0.874,50.93,0,2022,8,3,32,0
2022-08-15,United Kingdom,Europe,0.947,0.82,1.936,54.17,8.39,0.7395,0.68,59.8,47.1,53.5,1,Russia-Ukraine War,-0.66,Low,38.0,0.916,0.1103553560502483,0.867,49.43,0,2022,8,3,33,0
2022-08-22,United Kingdom,Europe,0.865,0.77,1.5,49.2,6.77,0.7365,3.13,40.1,53.6,62.0,1,Russia-Ukraine War,-0.68,Low,38.0,0.88825,0.0717442144249807,0.947,54.17,0,2022,8,3,34,0
2022-08-29,United Kingdom,Europe,0.88,0.752,1.647,50.93,7.98,0.741,2.28,56.1,48.4,51.1,1,Russia-Ukraine War,-0.25,Low,38.0,0.88975,0.0664658606908555,0.865,49.2,0,2022,8,3,35,0
2022-09-05,United Kingdom,Europe,0.775,0.712,1.561,46.14,5.31,0.7391,3.18,51.6,45.8,59.5,1,Russia-Ukraine War,0.03,Low,38.0,0.86675,0.0723724569740504,0.88,50.93,0,2022,9,3,36,0
2022-09-12,United Kingdom,Europe,0.792,0.739,1.5,47.28,5.64,0.7351,-0.86,44.8,47.0,43.3,1,Russia-Ukraine War,-0.05,Low,38.0,0.8280000000000001,0.0679871849518825,0.775,46.14,0,2022,9,3,37,0
2022-09-19,United Kingdom,Europe,0.895,0.785,1.5,49.31,8.7,0.7538,1.95,39.8,43.6,55.7,1,Russia-Ukraine War,0.34,Low,38.0,0.8354999999999999,0.0802021153533553,0.792,47.28,1,2022,9,3,38,0
2022-09-26,United Kingdom,Europe,0.801,0.725,1.5,45.96,6.66,0.7438,-0.87,33.6,53.6,60.0,1,Russia-Ukraine War,0.09,Low,38.0,0.81575,0.0850864081309369,0.895,49.31,1,2022,9,3,39,0
2022-10-03,United Kingdom,Europe,0.84,0.737,1.692,48.47,3.76,0.7394,2.71,52.7,46.1,38.9,1,Russia-Ukraine War,0.04,Low,38.0,0.8320000000000001,0.0836917976854572,0.801,45.96,0,2022,10,4,40,0
2022-10-10,United Kingdom,Europe,0.854,0.786,1.512,49.4,11.41,0.7409,0.95,34.3,49.8,58.4,1,Russia-Ukraine War,0.34,Low,38.0,0.8475,0.0808703896806403,0.84,48.47,1,2022,10,4,41,0
2022-10-17,United Kingdom,Europe,0.805,0.718,1.5,46.91,8.65,0.7338,-0.37,42.1,42.0,53.3,1,Russia-Ukraine War,-0.26,Low,38.0,0.8250000000000001,0.0819800901550729,0.854,49.4,0,2022,10,4,42,0
2022-10-24,United Kingdom,Europe,0.836,0.766,1.5,48.58,6.67,0.7311,1.97,37.1,56.4,37.9,1,Russia-Ukraine War,-0.14,Low,38.0,0.83375,0.0777246812490617,0.805,46.91,1,2022,10,4,43,0
2022-10-31,United Kingdom,Europe,0.875,0.797,1.5,49.88,4.75,0.7471,3.75,53.8,55.3,43.9,1,Russia-Ukraine War,-0.89,Low,38.0,0.8425,0.0788637855674252,0.836,48.58,0,2022,10,4,44,0
2022-11-07,United Kingdom,Europe,0.893,0.783,1.515,51.48,10.91,0.746,2.38,43.7,60.5,61.7,1,Russia-Ukraine War,0.06,Low,38.0,0.8522500000000001,0.0741120273361941,0.875,49.88,0,2022,11,4,45,0
2022-11-14,United Kingdom,Europe,0.875,0.805,1.693,51.84,4.63,0.7428,1.19,50.1,43.5,63.7,1,Russia-Ukraine War,-0.49,Low,38.0,0.86975,0.069588554942761,0.893,51.48,0,2022,11,4,46,0
2022-11-21,United Kingdom,Europe,0.892,0.777,1.5,50.15,9.17,0.7335,2.06,49.0,57.5,58.5,1,Russia-Ukraine War,0.42,Low,38.0,0.88375,0.0696296856620389,0.875,51.84,0,2022,11,4,47,0
2022-11-28,United Kingdom,Europe,0.875,0.788,1.5,50.37,9.66,0.7417,-0.98,47.9,58.9,42.5,1,Russia-Ukraine War,0.01,Low,38.0,0.88375,0.0587298538875933,0.892,50.15,0,2022,11,4,48,0
2022-12-05,United Kingdom,Europe,0.985,0.892,1.565,57.27,6.2,0.7432,4.45,40.8,53.0,39.0,1,Russia-Ukraine War,-0.13,Low,38.0,0.90675,0.0673726468678084,0.875,50.37,0,2022,12,4,49,0
2022-12-12,United Kingdom,Europe,0.956,0.861,1.9,55.82,10.11,0.7501,-0.3,44.1,64.9,65.6,1,Russia-Ukraine War,-0.75,Low,38.0,0.927,0.0589816963304455,0.985,57.27,0,2022,12,4,50,0
2022-12-19,United Kingdom,Europe,0.967,0.843,1.5,55.61,5.67,0.7468,3.1,46.8,54.4,35.5,1,Russia-Ukraine War,-0.17,Low,38.0,0.94575,0.0472737819876228,0.956,55.82,0,2022,12,4,51,0
2022-12-26,United Kingdom,Europe,1.023,0.901,1.61,59.37,10.57,0.7642,-0.34,52.2,54.2,41.2,1,Russia-Ukraine War,-0.57,Low,38.0,0.98275,0.0479098327725252,0.967,55.61,0,2022,12,4,52,0
2023-01-02,United Kingdom,Europe,1.038,0.931,1.833,60.19,9.29,0.7607,2.13,45.1,57.8,43.5,1,Russia-Ukraine War,1.48,Low,38.0,0.996,0.0479167863014289,1.023,59.37,0,2023,1,1,1,0
2023-01-09,United Kingdom,Europe,1.112,1.007,2.105,64.96,8.79,0.7549,1.84,60.4,51.9,57.7,1,Russia-Ukraine War,0.4,Low,38.0,1.035,0.0438868591125194,1.038,60.19,0,2023,1,1,2,0
2023-01-16,United Kingdom,Europe,1.041,0.927,1.863,59.52,8.65,0.7538,2.64,51.0,60.1,51.6,1,Russia-Ukraine War,0.12,Low,38.0,1.0535,0.0510493526026543,1.112,64.96,0,2023,1,1,3,0
2023-01-23,United Kingdom,Europe,1.156,1.016,2.013,66.52,5.24,0.7429,1.29,51.3,45.9,56.2,1,Russia-Ukraine War,-0.05,Low,38.0,1.08675,0.0570903621104746,1.041,59.52,0,2023,1,1,4,0
2023-01-30,United Kingdom,Europe,1.15,1.045,2.186,67.41,10.56,0.7624,0.72,59.6,53.2,44.6,1,Russia-Ukraine War,0.81,Low,38.0,1.11475,0.0577493516612505,1.156,66.52,0,2023,1,1,5,0
2023-02-06,United Kingdom,Europe,1.139,0.988,1.674,66.12,8.48,0.7567,1.46,60.8,58.9,54.5,1,Russia-Ukraine War,0.81,Low,38.0,1.1215,0.0571109667264951,1.15,67.41,0,2023,2,1,6,0
2023-02-13,United Kingdom,Europe,1.228,1.091,1.969,69.71,4.64,0.7555,1.92,52.2,52.2,43.0,1,Russia-Ukraine War,-0.81,Low,38.0,1.16825,0.0591926458165434,1.139,66.12,0,2023,2,1,7,0
2023-02-20,United Kingdom,Europe,1.183,1.045,2.262,67.85,9.03,0.7509,2.15,48.1,46.3,65.0,1,Russia-Ukraine War,0.1,Low,38.0,1.175,0.0606776070024455,1.228,69.71,0,2023,2,1,8,0
2023-02-27,United Kingdom,Europe,1.234,1.112,2.284,70.76,2.03,0.7606,3.41,52.3,52.3,23.9,0,No Event,-0.05,Low,38.0,1.196,0.0526219309520443,1.183,67.85,0,2023,2,1,9,0
2023-03-06,United Kingdom,Europe,1.14,1.007,2.181,65.41,2.84,0.7485,1.5,38.4,49.1,22.3,0,No Event,0.25,Low,38.0,1.19625,0.0580764399699786,1.234,70.76,1,2023,3,1,10,0
2023-03-13,United Kingdom,Europe,1.168,1.068,1.831,68.22,3.29,0.7577,2.19,35.9,59.2,23.8,0,No Event,0.43,Low,38.0,1.18125,0.0581006371389887,1.14,65.41,1,2023,3,1,11,0
2023-03-20,United Kingdom,Europe,1.234,1.095,2.067,70.83,2.1,0.7493,2.75,56.2,49.6,21.9,0,No Event,-0.03,Low,38.0,1.194,0.0580129617637031,1.168,68.22,0,2023,3,1,12,0
2023-03-27,United Kingdom,Europe,1.17,1.039,2.355,65.96,2.67,0.7446,4.97,69.0,55.6,24.4,0,No Event,-0.09,Low,38.0,1.178,0.0613672098306151,1.234,70.83,0,2023,3,1,13,0
2023-04-03,United Kingdom,Europe,1.118,1.056,2.039,65.14,3.3,0.7684,0.03,40.1,48.7,29.9,0,No Event,-0.4,Low,38.0,1.1725,0.060240213579364,1.17,65.96,0,2023,4,2,14,0
2023-04-10,United Kingdom,Europe,1.111,0.97,1.983,64.44,3.93,0.7641,2.23,53.7,47.9,22.8,0,No Event,-0.41,Low,38.0,1.15825,0.0566996784019604,1.118,65.14,0,2023,4,2,15,0
2023-04-17,United Kingdom,Europe,1.18,1.082,2.096,68.24,3.51,0.7535,4.73,57.3,49.5,27.6,0,No Event,0.36,Low,38.0,1.14475,0.0499891216368238,1.111,64.44,0,2023,4,2,16,0
2023-04-24,United Kingdom,Europe,1.203,1.042,2.448,68.74,3.47,0.7513,1.99,46.8,33.1,26.5,0,No Event,-0.34,Low,38.0,1.153,0.0501354874766726,1.18,68.24,0,2023,4,2,17,0
2023-05-01,United Kingdom,Europe,1.23,1.08,1.704,69.4,1.82,0.7499,1.5,56.6,55.0,25.6,0,No Event,-0.17,Low,38.0,1.181,0.0501466433435406,1.203,68.74,0,2023,5,2,18,0
2023-05-08,United Kingdom,Europe,1.212,1.059,2.125,69.65,2.52,0.7631,-1.1,44.7,56.4,20.5,0,No Event,-0.88,Low,38.0,1.20625,0.0451858772664906,1.23,69.4,0,2023,5,2,19,0
2023-05-15,United Kingdom,Europe,1.18,1.051,1.656,68.32,2.95,0.758,1.29,67.0,36.4,27.8,0,No Event,0.27,Low,38.0,1.20625,0.0445257650268613,1.212,69.65,0,2023,5,2,20,0
2023-05-22,United Kingdom,Europe,1.074,0.961,2.117,60.27,2.48,0.7505,3.85,57.2,42.0,25.3,0,No Event,-0.55,Low,38.0,1.174,0.0492979562825703,1.18,68.32,0,2023,5,2,21,0
2023-05-29,United Kingdom,Europe,1.049,0.944,1.6,61.13,3.53,0.749,1.42,53.1,49.8,28.4,0,No Event,-0.58,Low,38.0,1.12875,0.0450624207684929,1.074,60.27,0,2023,5,2,22,0
2023-06-05,United Kingdom,Europe,1.084,1.012,1.814,62.57,2.87,0.7413,-0.03,64.2,54.9,25.9,0,No Event,-0.23,Low,38.0,1.09675,0.0456721644035736,1.049,61.13,0,2023,6,2,23,0
2023-06-12,United Kingdom,Europe,1.014,0.951,1.5,60.51,2.96,0.7529,0.91,46.3,22.7,27.3,0,No Event,-0.73,Low,38.0,1.05525,0.0441416229466423,1.084,62.57,0,2023,6,2,24,0
2023-06-19,United Kingdom,Europe,1.045,0.932,1.568,59.73,2.93,0.7544,3.98,56.5,46.7,29.7,0,No Event,-0.66,Low,38.0,1.048,0.0443521242822181,1.014,60.51,0,2023,6,2,25,0
2023-06-26,United Kingdom,Europe,0.924,0.824,1.5,52.28,3.27,0.7478,-1.33,52.8,45.3,21.2,0,No Event,-0.11,Low,38.0,1.01675,0.0534616635731774,1.045,59.73,0,2023,6,2,26,0
2023-07-03,United Kingdom,Europe,1.007,0.9,1.632,57.9,2.54,0.7458,1.38,57.5,50.2,23.7,0,No Event,-0.09,Low,38.0,0.9975,0.0613981834341627,0.924,52.28,0,2023,7,3,27,0
2023-07-10,United Kingdom,Europe,0.928,0.804,1.632,52.53,2.81,0.747,1.25,60.7,38.6,22.0,0,No Event,-0.61,Low,38.0,0.976,0.0605439088445432,1.007,57.9,0,2023,7,3,28,0
2023-07-17,United Kingdom,Europe,0.999,0.893,1.741,57.43,2.5,0.7565,3.62,48.6,35.9,20.2,0,No Event,-0.54,Low,38.0,0.9645,0.065774098904542,0.928,52.53,0,2023,7,3,29,0
2023-07-24,United Kingdom,Europe,0.942,0.825,1.586,53.76,1.57,0.7563,2.16,52.3,43.0,24.5,0,No Event,-0.31,Low,38.0,0.969,0.0658444244387446,0.999,57.43,0,2023,7,3,30,0
2023-07-31,United Kingdom,Europe,0.91,0.83,1.701,52.35,2.2,0.7444,2.5,58.8,49.3,26.1,0,No Event,0.64,Low,38.0,0.94475,0.065938270489964,0.942,53.76,0,2023,7,3,31,0
2023-08-07,United Kingdom,Europe,0.885,0.789,1.515,50.08,2.38,0.7617,0.29,53.9,36.6,26.0,0,No Event,-0.5,Low,38.0,0.934,0.0659460920762392,0.91,52.35,0,2023,8,3,32,0
2023-08-14,United Kingdom,Europe,0.861,0.771,1.577,48.77,2.23,0.733,3.55,55.5,34.4,22.5,0,No Event,-0.43,Low,38.0,0.8995,0.0624463563441217,0.885,50.08,0,2023,8,3,33,0
2023-08-21,United Kingdom,Europe,0.89,0.786,1.739,50.91,3.28,0.745,0.78,52.4,44.9,28.4,0,No Event,-0.44,Low,38.0,0.8865,0.0640252877212427,0.861,48.77,0,2023,8,3,34,0
2023-08-28,United Kingdom,Europe,0.881,0.772,1.5,50.74,3.26,0.7398,-0.56,49.8,57.0,21.8,0,No Event,-0.29,Low,38.0,0.8792500000000001,0.0624537383192702,0.89,50.91,0,2023,8,3,35,0
2023-09-04,United Kingdom,Europe,0.812,0.778,1.5,48.96,2.6,0.7425,-0.96,36.2,50.5,25.1,0,No Event,-0.46,Low,38.0,0.861,0.06355530493497,0.881,50.74,1,2023,9,3,36,0
2023-09-11,United Kingdom,Europe,0.858,0.766,1.5,50.21,2.7,0.7536,1.49,50.5,55.1,24.3,0,No Event,-0.66,Low,38.0,0.8602500000000001,0.0657192809712594,0.812,48.96,0,2023,9,3,37,0
2023-09-18,United Kingdom,Europe,0.851,0.738,1.656,47.92,2.75,0.7429,5.07,37.2,58.1,25.5,0,No Event,-0.02,Low,38.0,0.8505,0.0574313231574708,0.858,50.21,1,2023,9,3,38,0
2023-09-25,United Kingdom,Europe,0.876,0.784,1.703,50.04,2.59,0.7582,5.23,59.3,42.5,26.8,0,No Event,0.67,Low,38.0,0.84925,0.0505666503883112,0.851,47.92,0,2023,9,3,39,0
2023-10-02,United Kingdom,Europe,0.908,0.845,1.666,52.7,6.65,0.7771,4.21,32.9,63.2,48.4,1,Middle East Crisis,-0.34,Low,38.0,0.87325,0.0472803662999484,0.876,50.04,1,2023,10,4,40,0
2023-10-09,United Kingdom,Europe,0.906,0.833,1.595,52.46,7.73,0.8192,2.7,54.3,51.7,52.1,1,Middle East Crisis,-0.27,Low,38.0,0.88525,0.0405649092107334,0.908,52.7,0,2023,10,4,41,0
2023-10-16,United Kingdom,Europe,0.997,0.893,1.5,56.83,5.99,0.8231,4.88,45.7,67.8,59.4,1,Middle East Crisis,-0.75,Low,38.0,0.92175,0.0478453890461375,0.906,52.46,0,2023,10,4,42,0
2023-10-23,United Kingdom,Europe,1.03,0.933,1.5,57.94,7.09,0.866,2.68,36.5,62.2,51.1,1,Middle East Crisis,-0.73,Low,38.0,0.96025,0.0466834407959038,0.997,56.83,1,2023,10,4,43,0
2023-10-30,United Kingdom,Europe,1.115,1.03,1.767,65.98,3.07,0.8843,2.14,41.2,44.6,57.0,1,Middle East Crisis,0.64,Low,38.0,1.012,0.0491005650017095,1.03,57.94,0,2023,10,4,44,0
2023-11-06,United Kingdom,Europe,1.138,0.99,2.108,64.26,5.74,0.9085,-0.48,50.1,55.8,44.8,1,Middle East Crisis,-0.25,Low,38.0,1.07,0.0467672255554425,1.115,65.98,0,2023,11,4,45,0
2023-11-13,United Kingdom,Europe,1.126,0.984,1.905,63.53,8.86,0.9442,0.58,43.7,53.3,52.2,1,Middle East Crisis,0.33,Low,38.0,1.10225,0.0477119774959602,1.138,64.26,0,2023,11,4,46,0
2023-11-20,United Kingdom,Europe,1.195,1.094,1.978,70.18,5.86,0.992,-0.55,53.4,44.0,36.9,1,Middle East Crisis,0.32,Low,38.0,1.1435,0.0479538529865026,1.126,63.53,0,2023,11,4,47,0
2023-11-27,United Kingdom,Europe,1.202,1.104,2.147,70.3,6.95,1.0059,4.73,47.1,62.9,48.3,1,Middle East Crisis,-0.11,Low,38.0,1.16525,0.0357990783564028,1.195,70.18,0,2023,11,4,48,0
2023-12-04,United Kingdom,Europe,1.342,1.186,2.275,76.4,8.7,1.0307,0.74,57.7,61.5,46.1,1,Middle East Crisis,-0.89,Low,38.0,1.21625,0.0427603199903074,1.202,70.3,0,2023,12,4,49,0
2023-12-11,United Kingdom,Europe,1.297,1.224,2.524,76.89,6.71,1.0827,5.68,57.1,62.5,52.8,1,Middle East Crisis,1.44,Low,38.0,1.259,0.0458106873202757,1.342,76.4,0,2023,12,4,50,0
2023-12-18,United Kingdom,Europe,1.422,1.263,2.473,81.64,6.33,1.1314,1.17,53.5,58.5,49.0,1,Middle East Crisis,-0.08,Low,38.0,1.31575,0.0488258722163328,1.297,76.89,0,2023,12,4,51,0
2023-12-25,United Kingdom,Europe,1.55,1.296,2.807,83.44,7.52,1.1496,2.21,38.1,61.3,58.0,1,Middle East Crisis,0.86,Low,38.0,1.40275,0.0506633844185129,1.422,81.64,1,2023,12,4,52,0
2024-01-01,United Kingdom,Europe,1.477,1.345,2.418,87.07,7.27,1.1895,0.25,34.5,54.9,44.0,1,Middle East Crisis,0.05,Low,38.0,1.4365,0.055981384265646,1.55,83.44,1,2024,1,1,1,0
2024-01-08,United Kingdom,Europe,1.037,0.928,1.5,60.13,8.2,1.2411,2.14,58.5,61.9,62.1,1,Middle East Crisis,-0.24,Low,38.0,1.3715,0.1104256691356582,1.477,87.07,0,2024,1,1,2,0
2024-01-15,United Kingdom,Europe,1.033,0.938,1.5,59.07,5.64,1.2541,1.29,50.3,65.4,37.2,1,Middle East Crisis,0.01,Low,38.0,1.27425,0.110230893832323,1.037,60.13,0,2024,1,1,3,0
2024-01-22,United Kingdom,Europe,1.054,0.941,1.882,60.53,6.39,1.2799,2.1,48.9,58.5,48.1,1,Middle East Crisis,0.16,Low,38.0,1.15025,0.1077756755221481,1.033,59.07,0,2024,1,1,4,0
2024-01-29,United Kingdom,Europe,1.23,1.089,2.2,68.87,9.17,1.2858,0.38,40.8,55.4,54.3,1,Middle East Crisis,0.41,Low,38.0,1.0885,0.1179386220779665,1.054,60.53,0,2024,1,1,5,0
2024-02-05,United Kingdom,Europe,1.149,1.026,1.907,66.82,6.45,1.2917,3.71,57.2,46.0,59.2,1,Middle East Crisis,0.59,Low,38.0,1.1165,0.1200343004856916,1.23,68.87,0,2024,2,1,6,0
2024-02-12,United Kingdom,Europe,1.144,0.985,1.771,65.47,5.87,1.3629,4.06,53.9,57.8,59.7,1,Middle East Crisis,-0.38,Low,38.0,1.14425,0.1189302761710611,1.149,66.82,0,2024,2,1,7,0
2024-02-19,United Kingdom,Europe,1.267,1.1,1.727,69.58,6.79,1.4046,2.86,52.7,49.5,40.5,1,Middle East Crisis,0.16,Low,38.0,1.1974999999999998,0.1226662019490071,1.144,65.47,0,2024,2,1,8,0
2024-02-26,United Kingdom,Europe,1.215,1.016,1.949,69.65,8.19,1.4358,0.54,58.2,59.6,38.4,1,Middle East Crisis,0.5,Low,38.0,1.19375,0.1188494850193666,1.267,69.58,0,2024,2,1,9,0
2024-03-04,United Kingdom,Europe,1.268,1.14,2.581,74.81,4.42,1.4846,4.64,55.6,51.0,37.8,1,Middle East Crisis,-0.06,Low,38.0,1.2235,0.11901841412087,1.215,69.65,0,2024,3,1,10,0
2024-03-11,United Kingdom,Europe,1.233,1.086,1.899,71.86,7.3,1.5369,4.07,59.3,57.8,51.6,1,Middle East Crisis,0.84,Low,38.0,1.24575,0.1157385547963775,1.268,74.81,0,2024,3,1,11,0
2024-03-18,United Kingdom,Europe,1.211,1.102,1.833,70.56,8.78,1.5624,0.12,60.8,59.7,54.8,1,Middle East Crisis,-0.16,Low,38.0,1.23175,0.1118160207460678,1.233,71.86,0,2024,3,1,12,0
2024-03-25,United Kingdom,Europe,1.2,1.098,1.978,71.15,6.93,1.5991,5.08,58.7,44.0,60.4,1,Middle East Crisis,-0.53,Low,38.0,1.2280000000000002,0.1113282133654621,1.211,70.56,0,2024,3,1,13,0
2024-04-01,United Kingdom,Europe,1.165,1.013,1.831,66.57,6.41,1.6797,2.41,50.7,42.1,33.5,1,Middle East Crisis,-0.22,Low,38.0,1.20225,0.0661970970111433,1.2,71.15,0,2024,4,2,14,0
2024-04-08,United Kingdom,Europe,1.254,1.098,2.071,70.58,3.62,1.7216,3.4,51.4,59.0,55.5,1,Middle East Crisis,0.67,Low,38.0,1.2075,0.0685030327280396,1.165,66.57,0,2024,4,2,15,0
2024-04-15,United Kingdom,Europe,1.169,1.064,2.112,68.46,4.55,1.7501,2.08,61.6,50.0,31.7,1,Middle East Crisis,-0.43,Low,38.0,1.197,0.0728528889889705,1.254,70.58,0,2024,4,2,16,0
2024-04-22,United Kingdom,Europe,1.153,1.036,1.608,65.91,8.34,1.8233,2.39,65.0,52.3,46.3,1,Middle East Crisis,0.5,Low,38.0,1.18525,0.0538814606915229,1.169,68.46,0,2024,4,2,17,0
2024-04-29,United Kingdom,Europe,1.133,0.995,2.125,64.65,6.28,1.9058,1.87,60.8,41.0,58.6,1,Middle East Crisis,-0.84,Low,38.0,1.17725,0.0505412459674635,1.153,65.91,0,2024,4,2,18,0
2024-05-06,United Kingdom,Europe,1.136,1.027,2.297,65.24,7.98,1.9432,0.76,59.8,44.9,54.1,1,Middle East Crisis,-0.1,Low,38.0,1.14775,0.0505272362672745,1.133,64.65,0,2024,5,2,19,0
2024-05-13,United Kingdom,Europe,1.229,1.107,2.319,70.37,4.63,2.0173,0.39,68.7,48.4,41.3,1,Middle East Crisis,-0.36,Low,38.0,1.16275,0.045923442633607,1.136,65.24,0,2024,5,2,20,0
2024-05-20,United Kingdom,Europe,1.141,1.014,2.023,65.5,5.77,2.0382,1.35,45.8,56.1,53.1,1,Middle East Crisis,0.28,Low,38.0,1.15975,0.0490513747509356,1.229,70.37,0,2024,5,2,21,0
2024-05-27,United Kingdom,Europe,1.154,1.046,2.231,65.25,7.08,2.1168,3.8,59.3,40.5,42.9,1,Middle East Crisis,0.25,Low,38.0,1.165,0.0470401305086567,1.141,65.5,0,2024,5,2,22,0
2024-06-03,United Kingdom,Europe,1.164,1.08,1.862,67.62,9.25,2.2467,5.16,57.9,51.6,55.7,1,Middle East Crisis,0.38,Low,38.0,1.172,0.0467474997209392,1.154,65.25,0,2024,6,2,23,0
2024-06-10,United Kingdom,Europe,1.043,0.905,2.005,60.51,5.64,2.2466,1.13,68.3,37.0,56.9,1,Middle East Crisis,-0.26,Low,38.0,1.1255,0.0549832431458152,1.164,67.62,0,2024,6,2,24,0
2024-06-17,United Kingdom,Europe,1.04,0.882,1.682,58.27,7.5,2.3152,2.12,43.0,45.9,46.1,1,Middle East Crisis,-0.46,Low,38.0,1.10025,0.0550317912722648,1.043,60.51,0,2024,6,2,25,0
2024-06-24,United Kingdom,Europe,1.057,0.931,1.954,59.19,4.87,2.383,2.52,41.9,46.9,55.4,1,Middle East Crisis,-0.04,Low,38.0,1.0759999999999998,0.0551929914176513,1.04,58.27,0,2024,6,2,26,0
2024-07-01,United Kingdom,Europe,1.058,0.949,1.557,60.73,7.06,2.4927,4.05,51.9,37.9,54.0,1,Middle East Crisis,0.58,Low,38.0,1.0495,0.0487984090401262,1.057,59.19,0,2024,7,3,27,0
2024-07-08,United Kingdom,Europe,0.93,0.853,1.525,54.95,4.45,2.5694,2.05,36.4,50.0,54.5,1,Middle East Crisis,-0.95,Low,38.0,1.02125,0.0561029070856972,1.058,60.73,1,2024,7,3,28,0
2024-07-15,United Kingdom,Europe,1.006,0.907,1.631,56.93,7.93,2.5652,2.66,33.9,39.3,48.0,1,Middle East Crisis,-0.74,Low,38.0,1.01275,0.0630093458432341,0.93,54.95,1,2024,7,3,29,0
2024-07-22,United Kingdom,Europe,0.965,0.853,1.581,55.36,6.88,2.7348,0.12,34.8,40.5,40.8,1,Middle East Crisis,0.93,Low,38.0,0.98975,0.0636359333534935,1.006,56.93,1,2024,7,3,30,0
2024-07-29,United Kingdom,Europe,0.898,0.792,1.594,50.92,7.19,2.763,2.25,48.8,57.4,35.9,1,Middle East Crisis,-0.26,Low,38.0,0.94975,0.0655637500117854,0.965,55.36,0,2024,7,3,31,0
2024-08-05,United Kingdom,Europe,1.025,0.887,1.721,57.16,6.66,2.8445,1.98,61.0,53.0,34.1,1,Middle East Crisis,-0.25,Low,38.0,0.9735,0.0752930062331034,0.898,50.92,0,2024,8,3,32,0
2024-08-12,United Kingdom,Europe,1.011,0.893,1.542,56.61,4.9,2.9761,3.04,58.0,53.9,49.0,1,Middle East Crisis,-0.27,Low,38.0,0.97475,0.0729751687145715,1.025,57.16,0,2024,8,3,33,0
2024-08-19,United Kingdom,Europe,0.843,0.757,1.535,48.18,8.45,3.0096,1.28,40.2,35.0,48.2,1,Middle East Crisis,-0.01,Low,38.0,0.94425,0.085672347521238,1.011,56.61,0,2024,8,3,34,0
2024-08-26,United Kingdom,Europe,0.909,0.809,1.5,52.91,4.87,3.0814,3.2,40.9,45.1,57.7,1,Middle East Crisis,-0.76,Low,38.0,0.947,0.0902049023996092,0.843,48.18,0,2024,8,3,35,0
2024-09-02,United Kingdom,Europe,0.869,0.778,1.688,50.62,7.03,3.2489,3.16,38.9,44.7,55.8,1,Middle East Crisis,0.36,Low,38.0,0.908,0.0865113328252901,0.909,52.91,1,2024,9,3,36,0
2024-09-09,United Kingdom,Europe,0.855,0.732,1.5,48.22,8.56,3.2715,0.9,35.2,45.0,44.0,1,Middle East Crisis,0.3,Low,38.0,0.869,0.0864744179462825,0.869,50.62,1,2024,9,3,37,0
2024-09-16,United Kingdom,Europe,0.848,0.75,1.5,48.81,6.69,3.5036,-1.79,41.1,39.9,56.7,1,Middle East Crisis,-0.27,Low,38.0,0.87025,0.0860140947072043,0.855,48.22,0,2024,9,3,38,0
2024-09-23,United Kingdom,Europe,0.81,0.724,1.5,46.46,5.91,3.4493,0.62,45.8,52.4,41.1,1,Middle East Crisis,-0.27,Low,38.0,0.8455,0.0862692070561687,0.848,48.81,0,2024,9,3,39,0
2024-09-30,United Kingdom,Europe,0.867,0.806,1.5,49.69,5.32,3.5348,3.88,40.3,48.3,34.4,1,Middle East Crisis,0.34,Low,38.0,0.845,0.083247438964742,0.81,46.46,0,2024,9,3,40,0
2024-10-07,United Kingdom,Europe,0.835,0.766,1.5,49.08,3.3,3.5031,1.4,51.1,63.1,28.5,0,No Event,1.04,Low,38.0,0.8400000000000001,0.0792714076035936,0.867,49.69,0,2024,10,4,41,0
2024-10-14,United Kingdom,Europe,0.928,0.795,1.5,50.9,2.88,3.6088,4.38,53.0,67.3,21.7,0,No Event,-0.08,Low,38.0,0.86,0.0862031283875389,0.835,49.08,0,2024,10,4,42,0
2024-10-21,United Kingdom,Europe,0.936,0.838,1.585,53.29,3.02,3.6063,5.08,56.0,61.5,21.9,0,No Event,0.21,Low,38.0,0.8915,0.0833713018831876,0.928,50.9,0,2024,10,4,43,0
2024-10-28,United Kingdom,Europe,0.939,0.823,1.877,53.83,1.81,3.6171,1.78,49.7,65.0,25.6,0,No Event,0.1,Low,38.0,0.9095,0.0718102753941129,0.936,53.29,0,2024,10,4,44,0
2024-11-04,United Kingdom,Europe,0.914,0.823,1.586,51.89,2.98,3.5888,0.63,44.6,65.2,29.2,0,No Event,-0.64,Low,38.0,0.92925,0.0720522803392741,0.939,53.83,0,2024,11,4,45,0
2024-11-11,United Kingdom,Europe,0.906,0.823,1.664,52.99,3.18,3.6752,0.72,47.6,59.1,26.6,0,No Event,0.12,Low,38.0,0.92375,0.0516692085068531,0.914,51.89,0,2024,11,4,46,0
2024-11-18,United Kingdom,Europe,0.98,0.869,1.879,56.16,2.5,3.6203,2.19,45.2,35.6,21.1,0,No Event,0.58,Low,38.0,0.93475,0.0521001376044996,0.906,52.99,0,2024,11,4,47,0
2024-11-25,United Kingdom,Europe,0.976,0.857,1.826,57.62,3.42,3.6065,3.28,42.4,49.8,27.8,0,No Event,0.29,Low,38.0,0.944,0.0497340779893891,0.98,56.16,0,2024,11,4,48,0
2024-12-02,United Kingdom,Europe,0.961,0.824,1.627,54.08,3.18,3.5993,1.92,46.4,54.3,24.2,0,No Event,-0.04,Low,38.0,0.95575,0.0496980258831246,0.976,57.62,0,2024,12,4,49,0
2024-12-09,United Kingdom,Europe,1.023,0.951,1.697,59.67,2.57,3.6202,4.44,33.2,55.6,29.5,0,No Event,0.14,Low,38.0,0.985,0.0515594597853362,0.961,54.08,1,2024,12,4,50,0
2024-12-16,United Kingdom,Europe,1.09,1.021,2.183,63.29,3.43,3.6165,1.97,62.9,72.1,24.6,0,No Event,-0.01,Low,38.0,1.0125,0.0493351827071114,1.023,59.67,0,2024,12,4,51,0
2024-12-23,United Kingdom,Europe,0.965,0.874,1.726,57.01,3.41,3.6304,0.87,47.6,56.7,23.5,0,No Event,-0.76,Low,38.0,1.00975,0.0616358871449579,1.09,63.29,0,2024,12,4,52,0
2024-12-30,United Kingdom,Europe,1.091,0.958,2.178,62.19,3.07,3.6659,-2.43,46.4,48.0,25.1,0,No Event,1.48,Low,38.0,1.04225,0.0684579969179378,0.965,57.01,0,2024,12,4,1,0
2025-01-06,United Kingdom,Europe,1.063,0.966,1.551,61.1,3.51,3.6616,4.67,65.8,50.3,26.3,0,No Event,-0.91,Low,38.0,1.05225,0.0639601398597823,1.091,62.19,0,2025,1,1,2,0
2025-01-13,United Kingdom,Europe,1.172,1.029,2.356,66.11,2.53,3.6851,2.27,50.4,62.6,22.8,0,No Event,-0.14,Low,38.0,1.07275,0.0688987823950778,1.063,61.1,0,2025,1,1,3,0
2025-01-20,United Kingdom,Europe,1.09,0.956,2.111,62.89,3.14,3.6673,3.32,55.0,51.9,23.8,0,No Event,0.71,Low,38.0,1.104,0.0736944394213065,1.172,66.11,0,2025,1,1,4,0
2025-01-27,United Kingdom,Europe,1.111,0.946,1.788,63.36,3.16,3.6095,0.06,43.5,58.9,29.0,0,No Event,-0.29,Low,38.0,1.109,0.0725210394483756,1.09,62.89,0,2025,1,1,5,0
2025-02-03,United Kingdom,Europe,1.138,1.003,2.025,64.53,2.44,3.6258,5.72,49.3,53.1,26.6,0,No Event,-0.34,Low,38.0,1.12775,0.0720054624778409,1.111,63.36,0,2025,2,1,6,0
2025-02-10,United Kingdom,Europe,1.125,0.999,1.588,65.43,2.18,3.6637,3.38,57.3,50.0,29.9,0,No Event,-0.19,Low,38.0,1.116,0.0699235567170276,1.138,64.53,0,2025,2,1,7,0
2025-02-17,United Kingdom,Europe,1.22,1.117,2.064,71.21,2.16,3.7291,1.49,47.9,58.8,21.2,0,No Event,-0.52,Low,38.0,1.1485,0.0724892204793609,1.125,65.43,0,2025,2,1,8,0
2025-02-24,United Kingdom,Europe,1.189,1.013,1.856,66.92,3.19,3.6982,3.84,51.4,59.1,22.9,0,No Event,0.26,Low,38.0,1.168,0.0730054383908446,1.22,71.21,0,2025,2,1,9,0
2025-03-03,United Kingdom,Europe,1.236,1.057,1.715,70.82,3.9,3.6487,0.83,47.0,54.1,22.4,0,No Event,-0.15,Low,38.0,1.1925,0.0719798063069137,1.189,66.92,0,2025,3,1,10,0
2025-03-10,United Kingdom,Europe,1.095,0.999,1.552,63.88,3.15,3.6473,5.23,46.8,59.9,29.7,0,No Event,-0.1,Low,38.0,1.185,0.0795347825172977,1.236,70.82,0,2025,3,1,11,0
2025-03-17,United Kingdom,Europe,1.223,1.082,1.79,68.98,2.85,3.6932,1.83,53.3,43.0,24.7,0,No Event,0.19,Low,38.0,1.18575,0.0763401639728419,1.095,63.88,0,2025,3,1,12,0
2025-03-24,United Kingdom,Europe,1.189,1.087,2.016,69.12,2.47,3.6568,2.52,50.0,45.3,23.6,0,No Event,0.35,Low,38.0,1.18575,0.0693433424332427,1.223,68.98,0,2025,3,1,13,0
2025-03-31,United Kingdom,Europe,1.121,1.048,2.143,65.78,2.85,3.6661,1.88,56.8,32.1,23.6,0,No Event,0.33,Low,38.0,1.157,0.0713599240212851,1.189,69.12,0,2025,3,1,14,0
2025-04-07,United Kingdom,Europe,1.202,1.074,2.245,69.27,3.07,3.6622,3.71,37.0,42.5,27.9,0,No Event,-0.95,Low,38.0,1.18375,0.0681270120600828,1.121,65.78,1,2025,4,2,15,0
2025-04-14,United Kingdom,Europe,1.173,1.068,2.093,67.63,2.57,3.6665,0.82,47.7,26.8,22.9,0,No Event,0.69,Low,38.0,1.17125,0.0647917251700331,1.202,69.27,0,2025,4,2,16,0
2025-04-21,United Kingdom,Europe,1.183,1.003,2.041,67.34,3.21,3.6349,3.04,60.2,58.6,29.4,0,No Event,0.18,Low,38.0,1.16975,0.0646968963154274,1.173,67.63,0,2025,4,2,17,0
2025-04-28,United Kingdom,Europe,1.225,1.087,2.004,70.03,3.58,3.6785,1.77,49.6,53.3,23.9,0,No Event,-0.84,Low,38.0,1.19575,0.0650465364183447,1.183,67.34,0,2025,4,2,18,0
2025-05-05,United Kingdom,Europe,1.134,1.015,2.293,65.41,2.93,3.6532,1.73,51.8,56.0,22.7,0,No Event,0.34,Low,38.0,1.17875,0.0691623340094243,1.225,70.03,0,2025,5,2,19,0
2025-05-12,United Kingdom,Europe,1.207,1.034,1.658,67.44,3.28,3.7295,3.59,50.8,47.1,25.7,0,No Event,0.57,Low,38.0,1.18725,0.0672254614062842,1.134,65.41,0,2025,5,2,20,0
2025-05-19,United Kingdom,Europe,1.128,1.013,1.848,64.92,3.47,3.6261,3.82,68.0,33.2,24.1,0,No Event,0.9,Low,38.0,1.1735,0.0696166333321099,1.207,67.44,0,2025,5,2,21,0
2025-05-26,United Kingdom,Europe,1.159,1.034,1.924,67.71,3.07,3.6538,2.47,56.1,49.1,20.8,0,No Event,-0.1,Low,38.0,1.157,0.0690454193231844,1.128,64.92,0,2025,5,2,22,0
2025-06-02,United Kingdom,Europe,1.133,1.065,1.962,68.09,3.26,3.6413,0.3,50.0,46.4,20.6,0,No Event,0.85,Low,38.0,1.1567500000000002,0.0601577038896112,1.159,67.71,0,2025,6,2,23,0
2025-06-09,United Kingdom,Europe,0.989,0.903,1.967,58.54,2.4,3.6638,0.24,50.2,38.5,27.4,0,No Event,-0.62,Low,38.0,1.10225,0.059940991772347,1.133,68.09,0,2025,6,2,24,0
2025-06-16,United Kingdom,Europe,1.078,0.979,1.921,61.07,3.22,3.6654,3.2,58.0,52.4,26.5,0,No Event,-1.21,Low,38.0,1.08975,0.0670319123840783,0.989,58.54,0,2025,6,2,25,0
2025-06-23,United Kingdom,Europe,1.102,0.958,2.211,62.88,2.42,3.6702,0.12,52.4,49.4,22.1,0,No Event,0.53,Low,38.0,1.0755,0.0654246804379971,1.078,61.07,0,2025,6,2,26,0
2025-06-30,United Kingdom,Europe,1.04,0.913,1.606,58.94,2.69,3.6297,3.03,52.1,57.2,28.4,0,No Event,0.93,Low,38.0,1.05225,0.0631031709908474,1.102,62.88,0,2025,6,2,27,0
2025-07-07,United Kingdom,Europe,1.081,0.961,2.161,61.05,2.76,3.679,4.8,46.2,51.9,25.5,0,No Event,0.51,Low,38.0,1.07525,0.0644731907498319,1.04,58.94,0,2025,7,3,28,0
2025-07-14,United Kingdom,Europe,1.004,0.896,1.86,57.23,3.29,3.6621,2.57,41.5,43.9,24.1,0,No Event,-0.06,Low,38.0,1.05675,0.0670313269010976,1.081,61.05,0,2025,7,3,29,0
2025-07-21,United Kingdom,Europe,0.98,0.883,1.938,55.66,3.73,3.6193,-0.38,59.1,46.8,23.3,0,No Event,-0.17,Low,38.0,1.02625,0.0654206110835989,1.004,57.23,0,2025,7,3,30,0
2025-07-28,United Kingdom,Europe,0.898,0.805,1.5,52.64,2.4,3.5889,2.1,50.6,43.1,25.5,0,No Event,0.02,Low,38.0,0.99075,0.0662265554197351,0.98,55.66,0,2025,7,3,31,0
2025-08-04,United Kingdom,Europe,0.97,0.859,1.748,55.53,2.84,3.6031,1.5,41.1,37.0,25.1,0,No Event,0.06,Low,38.0,0.963,0.068126371049484,0.898,52.64,0,2025,8,3,32,0
2025-08-11,United Kingdom,Europe,0.921,0.839,1.821,53.91,3.28,3.5989,2.86,57.4,37.7,26.9,0,No Event,0.09,Low,38.0,0.94225,0.0672696723363419,0.97,55.53,0,2025,8,3,33,0
2025-08-18,United Kingdom,Europe,0.963,0.797,1.607,53.48,2.33,3.6093,4.0,40.2,49.8,23.4,0,No Event,-0.47,Low,38.0,0.938,0.0684936062876373,0.921,53.91,0,2025,8,3,34,0
2025-08-25,United Kingdom,Europe,0.887,0.815,1.5,51.13,2.66,3.6199,4.2,55.1,51.6,24.3,0,No Event,-0.46,Low,38.0,0.93525,0.0710825923627442,0.963,53.48,0,2025,8,3,35,0
2025-09-01,United Kingdom,Europe,0.903,0.825,1.722,52.53,3.63,3.6721,2.84,50.2,43.3,29.8,0,No Event,0.16,Low,38.0,0.9185,0.0626510058708231,0.887,51.13,0,2025,9,3,36,0
2025-09-08,United Kingdom,Europe,0.878,0.796,1.5,51.61,3.29,3.5934,0.1,54.7,43.9,20.7,0,No Event,0.25,Low,38.0,0.90775,0.0550516525041497,0.903,52.53,0,2025,9,3,37,0
2025-09-15,United Kingdom,Europe,0.913,0.785,1.5,51.78,3.42,3.6394,4.43,61.0,55.4,26.7,0,No Event,-0.06,Low,38.0,0.89525,0.0563695150891647,0.878,51.61,0,2025,9,3,38,0
2025-09-22,United Kingdom,Europe,0.856,0.798,1.707,51.07,3.94,3.5879,0.73,40.3,50.8,26.9,0,No Event,-0.78,Low,38.0,0.8875,0.0568155304514416,0.913,51.78,0,2025,9,3,39,0
2025-09-29,United Kingdom,Europe,0.91,0.804,1.742,50.88,3.32,3.632,1.92,34.7,57.6,27.8,0,No Event,-0.29,Low,38.0,0.88925,0.0592206521119733,0.856,51.07,1,2025,9,3,40,0
2025-10-06,United Kingdom,Europe,1.009,0.877,1.87,57.36,2.93,3.5771,0.71,41.0,47.6,25.9,0,No Event,-0.01,Low,38.0,0.922,0.0654963087221414,0.91,50.88,0,2025,10,4,41,0
2025-10-13,United Kingdom,Europe,0.917,0.815,1.639,53.33,3.22,3.6862,1.61,42.6,48.4,28.3,0,No Event,-0.38,Low,38.0,0.923,0.0706278809128885,1.009,57.36,0,2025,10,4,42,0
2025-10-20,United Kingdom,Europe,0.856,0.782,1.797,50.94,2.97,3.6853,4.17,47.5,53.9,20.9,0,No Event,0.21,Low,38.0,0.923,0.0690070086483604,0.917,53.33,0,2025,10,4,43,0
2025-10-27,United Kingdom,Europe,0.975,0.903,1.842,57.45,3.61,3.5795,1.38,38.3,52.4,28.6,0,No Event,0.03,Low,38.0,0.93925,0.0769908738999391,0.856,50.94,1,2025,10,4,44,0
2025-11-03,United Kingdom,Europe,0.868,0.806,1.62,50.75,3.02,3.6334,2.67,41.1,44.2,21.7,0,No Event,0.51,Low,38.0,0.904,0.0824454233030117,0.975,57.45,0,2025,11,4,45,0
2025-11-10,United Kingdom,Europe,0.919,0.783,1.5,50.67,3.97,3.6116,3.44,43.8,41.9,29.3,0,No Event,-0.31,Low,38.0,0.9045,0.083217328250241,0.868,50.75,0,2025,11,4,46,0
2025-11-17,United Kingdom,Europe,0.965,0.835,1.516,54.74,2.67,3.5895,0.23,50.0,56.6,27.8,0,No Event,0.01,Low,38.0,0.93175,0.0804866931505762,0.919,50.67,0,2025,11,4,47,0
2025-11-24,United Kingdom,Europe,0.863,0.781,1.553,50.87,2.46,3.6528,1.02,66.2,59.1,25.1,0,No Event,0.31,Low,38.0,0.90375,0.0870245207155639,0.965,54.74,0,2025,11,4,48,0
2025-12-01,United Kingdom,Europe,0.957,0.874,1.97,56.09,3.29,3.5827,2.26,43.5,54.8,21.6,0,No Event,0.66,Low,38.0,0.926,0.0919152177535469,0.863,50.87,0,2025,12,4,49,0
2025-12-08,United Kingdom,Europe,1.006,0.889,2.0,58.68,2.48,3.6467,4.0,56.3,58.9,22.1,0,No Event,0.48,Low,38.0,0.94775,0.0922955337881468,0.957,56.09,0,2025,12,4,50,0
2025-12-15,United Kingdom,Europe,1.098,0.931,2.086,62.93,3.42,3.6688,1.52,49.5,62.2,21.7,0,No Event,-0.06,Low,38.0,0.981,0.0916989934856251,1.006,58.68,0,2025,12,4,51,0
2025-12-22,United Kingdom,Europe,1.073,0.951,1.5,60.06,2.86,3.6496,2.49,60.9,55.3,20.6,0,No Event,0.49,Low,38.0,1.0335,0.0917933974892004,1.098,62.93,0,2025,12,4,52,0
2025-12-29,United Kingdom,Europe,1.129,0.959,2.105,61.96,3.16,3.6848,0.77,51.7,68.2,22.2,0,No Event,-0.82,Low,38.0,1.0765,0.0880651560973882,1.073,60.06,0,2025,12,4,1,0
2026-01-05,United Kingdom,Europe,1.075,1.002,1.535,63.65,3.54,3.6459,3.98,38.3,66.8,24.3,0,No Event,-0.48,Low,38.0,1.09375,0.084209061344298,1.129,61.96,1,2026,1,1,2,0
2026-01-12,United Kingdom,Europe,1.027,0.907,1.767,60.12,2.98,3.661,2.31,42.3,50.8,28.7,0,No Event,-0.32,Low,38.0,1.076,0.0824654983630554,1.075,63.65,0,2026,1,1,3,0
2026-01-19,United Kingdom,Europe,1.197,1.002,2.226,66.1,3.11,3.6421,0.52,54.8,63.8,25.7,0,No Event,-0.42,Low,38.0,1.107,0.0862584311372493,1.027,60.12,0,2026,1,1,4,0
2026-01-26,United Kingdom,Europe,1.159,1.064,2.012,68.91,3.7,3.6737,2.24,59.7,41.2,26.1,0,No Event,0.69,Low,38.0,1.1145,0.0780946972105259,1.197,66.1,0,2026,1,1,5,0
2026-02-02,United Kingdom,Europe,1.177,0.989,1.814,65.55,3.04,3.6736,1.62,65.4,71.4,25.2,0,No Event,-0.4,Low,38.0,1.14,0.0774973203847797,1.159,68.91,0,2026,2,1,6,0
2026-02-09,United Kingdom,Europe,1.256,1.176,2.438,73.34,2.48,3.6447,4.74,71.6,51.9,25.5,0,No Event,-0.04,Low,38.0,1.19725,0.0781821496668999,1.177,65.55,0,2026,2,1,7,0
2026-02-16,United Kingdom,Europe,1.24,1.093,2.039,72.54,2.85,3.6709,1.69,49.9,57.6,23.1,0,No Event,0.14,Low,38.0,1.208,0.0680041849976775,1.256,73.34,0,2026,2,1,8,0
2026-02-23,United Kingdom,Europe,1.179,1.075,1.859,69.76,3.17,3.7418,-0.98,50.3,53.1,21.6,0,No Event,0.3,Low,38.0,1.213,0.0672029635954222,1.24,72.54,0,2026,2,1,9,0
2026-03-02,United Kingdom,Europe,1.297,1.139,2.308,73.52,3.4,3.6263,3.87,45.4,32.6,28.6,0,No Event,0.59,Low,38.0,1.243,0.0706898643848212,1.179,69.76,0,2026,3,1,10,0
2026-03-09,United Kingdom,Europe,1.256,1.162,2.552,72.48,3.55,3.648,2.93,64.5,48.9,21.4,0,No Event,0.25,Low,38.0,1.243,0.0688513301030214,1.297,73.52,0,2026,3,1,11,0
2026-03-16,United Kingdom,Europe,1.301,1.105,2.041,73.02,3.14,3.6453,2.63,49.6,54.6,26.9,0,No Event,-0.06,Low,38.0,1.25825,0.0681328274329126,1.256,72.48,0,2026,3,1,12,0
2026-03-23,United Kingdom,Europe,1.198,1.079,2.395,70.56,3.3,3.7229,0.96,59.6,57.5,27.5,0,No Event,-0.19,Low,38.0,1.263,0.0725841139694151,1.301,73.02,0,2026,3,1,13,0
2015-01-05,United States,North America,0.703,0.657,1.5,50.52,1.58,1.008,4.26,53.2,52.2,28.2,0,No Event,-0.49,Low,18.0,0.703,0.0320053270842891,0.703,50.52,0,2015,1,1,2,0
2015-01-12,United States,North America,0.72,0.655,1.648,50.5,1.55,1.0022,4.08,58.7,41.9,23.5,0,No Event,0.75,Low,18.0,0.7115,0.0320053270842891,0.703,50.52,0,2015,1,1,3,0
2015-01-19,United States,North America,0.77,0.7,1.637,54.43,1.45,1.0075,1.7,51.6,69.1,29.2,0,No Event,0.24,Low,18.0,0.731,0.0320053270842891,0.72,50.5,0,2015,1,1,4,0
2015-01-26,United States,North America,0.855,0.775,2.07,58.78,1.75,1.0086,1.86,58.0,75.0,24.0,0,No Event,-0.21,Low,18.0,0.762,0.0431217798470624,0.77,54.43,0,2015,1,1,5,0
2015-02-02,United States,North America,0.728,0.691,1.5,53.16,2.05,1.0018,3.91,45.8,42.4,24.5,0,No Event,-0.14,Low,18.0,0.76825,0.1138526170910087,0.855,58.78,0,2015,2,1,6,0
2015-02-09,United States,North America,0.74,0.666,1.62,52.33,2.36,1.0066,0.47,57.0,47.7,30.0,0,No Event,0.03,Low,18.0,0.77325,0.0986061884413635,0.728,53.16,0,2015,2,1,7,0
2015-02-16,United States,North America,0.848,0.769,1.586,59.93,1.94,0.9813,5.85,44.5,64.9,24.4,0,No Event,-1.04,Low,18.0,0.79275,0.10326149693628,0.74,52.33,0,2015,2,1,8,0
2015-02-23,United States,North America,0.826,0.73,1.864,58.75,1.63,1.0005,1.46,53.2,57.2,26.6,0,No Event,-0.56,Low,18.0,0.7855,0.0971574106908845,0.848,59.93,0,2015,2,1,9,0
2015-03-02,United States,North America,0.813,0.709,1.5,56.85,2.38,1.0097,3.22,46.6,54.7,24.0,0,No Event,0.31,Low,18.0,0.80675,0.0912355348209504,0.826,58.75,0,2015,3,1,10,0
2015-03-09,United States,North America,0.856,0.783,1.768,60.83,1.4,0.99,0.14,47.9,62.8,22.7,0,No Event,0.88,Low,18.0,0.83575,0.0859608275334652,0.813,56.85,0,2015,3,1,11,0
2015-03-16,United States,North America,0.823,0.721,1.863,56.18,1.98,1.0231,3.46,54.4,49.1,20.2,0,No Event,-0.86,Low,18.0,0.8294999999999999,0.0835341048744298,0.856,60.83,0,2015,3,1,12,0
2015-03-23,United States,North America,0.825,0.736,2.056,57.41,1.93,1.0163,0.07,55.7,38.2,25.5,0,No Event,0.24,Low,18.0,0.8292499999999999,0.07940580900699,0.823,56.18,0,2015,3,1,13,0
2015-03-30,United States,North America,0.88,0.805,1.591,60.96,2.53,0.9867,1.76,61.4,53.7,20.5,0,No Event,-0.36,Low,18.0,0.846,0.0770269642420967,0.825,57.41,0,2015,3,1,14,0
2015-04-06,United States,North America,0.79,0.715,1.556,56.64,1.33,0.993,4.01,47.9,54.6,24.8,0,No Event,0.09,Low,18.0,0.8294999999999999,0.0848954606571587,0.88,60.96,0,2015,4,2,15,0
2015-04-13,United States,North America,0.801,0.705,1.671,55.78,2.09,1.0123,-0.53,62.9,46.6,20.8,0,No Event,0.89,Low,18.0,0.8240000000000001,0.082916562415422,0.79,56.64,0,2015,4,2,16,0
2015-04-20,United States,North America,0.853,0.754,1.953,58.15,1.75,1.0211,0.37,62.3,34.7,20.9,0,No Event,0.31,Low,18.0,0.831,0.0786660114716285,0.801,55.78,0,2015,4,2,17,0
2015-04-27,United States,North America,0.797,0.745,1.948,57.85,2.34,1.0161,3.93,63.2,44.6,24.9,0,No Event,0.1,Low,18.0,0.81025,0.0669468240376658,0.853,58.15,0,2015,4,2,18,0
2015-05-04,United States,North America,0.83,0.752,2.111,60.15,2.57,1.0178,3.69,53.8,44.0,28.3,0,No Event,-0.23,Low,18.0,0.82025,0.0675637659108702,0.797,57.85,0,2015,5,2,19,0
2015-05-11,United States,North America,0.792,0.723,1.58,56.28,1.8,0.99,1.61,55.2,50.5,27.9,0,No Event,-0.74,Low,18.0,0.8180000000000001,0.0542892060593622,0.83,60.15,0,2015,5,2,20,0
2015-05-18,United States,North America,0.797,0.708,1.952,55.33,2.57,0.9822,3.83,48.3,42.6,26.3,0,No Event,0.73,Low,18.0,0.804,0.0539179111413208,0.792,56.28,0,2015,5,2,21,0
2015-05-25,United States,North America,0.867,0.784,1.748,61.86,1.9,0.9955,0.49,44.9,30.8,26.8,0,No Event,-0.11,Low,18.0,0.8215,0.0594571536295018,0.797,55.33,0,2015,5,2,22,0
2015-06-01,United States,North America,0.798,0.695,1.995,55.59,2.24,1.0058,3.75,65.8,33.3,21.8,0,No Event,-0.28,Low,18.0,0.8135,0.0623901527922396,0.867,61.86,0,2015,6,2,23,0
2015-06-08,United States,North America,0.79,0.717,1.764,54.52,1.76,0.9992,2.52,49.3,39.9,25.4,0,No Event,0.9,Low,18.0,0.813,0.0614922175448282,0.798,55.59,0,2015,6,2,24,0
2015-06-15,United States,North America,0.71,0.65,1.61,50.53,2.22,0.9909,0.72,52.6,31.3,22.6,0,No Event,0.9,Low,18.0,0.79125,0.067826192052979,0.79,54.52,0,2015,6,2,25,0
2015-06-22,United States,North America,0.729,0.655,1.526,51.25,2.64,0.9917,3.81,53.9,55.7,25.7,0,No Event,-0.18,Low,18.0,0.75675,0.0646119360104239,0.71,50.53,0,2015,6,2,26,0
2015-06-29,United States,North America,0.76,0.683,1.701,52.54,2.3,1.0058,3.51,62.9,39.8,28.8,0,No Event,0.07,Low,18.0,0.74725,0.0598992906014009,0.729,51.25,0,2015,6,2,27,0
2015-07-06,United States,North America,0.688,0.636,1.678,49.38,1.86,0.9837,1.66,50.0,51.5,29.8,0,No Event,0.37,Low,18.0,0.72175,0.0653152944083924,0.76,52.54,0,2015,7,3,28,0
2015-07-13,United States,North America,0.749,0.644,1.681,50.73,2.17,0.9839,2.81,49.8,54.7,29.3,0,No Event,0.1,Low,18.0,0.7315,0.0681111153187002,0.688,49.38,0,2015,7,3,29,0
2015-07-20,United States,North America,0.665,0.615,1.5,47.97,1.71,0.9939,1.28,49.8,48.1,20.2,0,No Event,-0.03,Low,18.0,0.7155,0.0728105846972911,0.749,50.73,0,2015,7,3,30,0
2015-07-27,United States,North America,0.675,0.57,1.5,45.93,0.96,1.0102,2.97,56.1,54.3,22.7,0,No Event,-0.05,Low,18.0,0.69425,0.0714203796098277,0.665,47.97,0,2015,7,3,31,0
2015-08-03,United States,North America,0.643,0.575,1.662,46.4,1.72,0.9874,3.35,46.0,39.9,20.3,0,No Event,0.72,Low,18.0,0.683,0.0714861496932398,0.675,45.93,0,2015,8,3,32,0
2015-08-10,United States,North America,0.703,0.625,1.615,48.56,2.3,0.9977,2.69,52.0,38.3,20.3,0,No Event,0.35,Low,18.0,0.6715,0.0779459029248118,0.643,46.4,0,2015,8,3,33,0
2015-08-17,United States,North America,0.64,0.554,1.5,43.9,2.97,0.9986,0.89,46.6,33.5,28.0,0,No Event,-0.94,Low,18.0,0.66525,0.0749738174057852,0.703,48.56,0,2015,8,3,34,0
2015-08-24,United States,North America,0.548,0.504,1.5,40.69,2.45,0.9868,2.56,50.1,46.5,21.0,0,No Event,-0.58,Low,18.0,0.6335000000000001,0.0814347316612652,0.64,43.9,0,2015,8,3,35,0
2015-08-31,United States,North America,0.654,0.578,1.5,45.42,2.08,0.9899,0.69,46.2,45.0,20.8,0,No Event,-0.14,Low,18.0,0.63625,0.1036134408182232,0.548,40.69,0,2015,8,3,36,0
2015-09-07,United States,North America,0.585,0.516,1.5,40.82,2.36,0.9956,2.41,39.2,62.2,28.7,0,No Event,0.32,Low,18.0,0.60675,0.1039566680913861,0.654,45.42,1,2015,9,3,37,0
2015-09-14,United States,North America,0.598,0.56,1.5,42.66,2.17,0.992,2.6,62.8,45.3,20.6,0,No Event,-0.24,Low,18.0,0.59625,0.1038144894969025,0.585,40.82,0,2015,9,3,38,0
2015-09-21,United States,North America,0.527,0.476,1.5,36.87,1.79,0.9979,6.45,44.4,41.3,30.0,0,No Event,0.06,Low,18.0,0.591,0.1065855283653571,0.598,42.66,0,2015,9,3,39,0
2015-09-28,United States,North America,0.536,0.491,1.5,38.64,1.24,0.9813,3.4,52.0,34.5,23.7,0,No Event,0.52,Low,18.0,0.5615,0.1048012256306648,0.527,36.87,0,2015,9,3,40,0
2015-10-05,United States,North America,0.597,0.556,1.5,42.56,2.06,0.9933,-0.45,40.4,56.4,22.1,0,No Event,0.69,Low,18.0,0.5645,0.107297230304611,0.536,38.64,0,2015,10,4,41,0
2015-10-12,United States,North America,0.597,0.54,1.5,41.82,2.21,0.9903,2.49,42.7,37.4,28.7,0,No Event,-1.42,Low,18.0,0.56425,0.1027119036192259,0.597,42.56,0,2015,10,4,42,0
2015-10-19,United States,North America,0.58,0.538,1.511,42.41,1.52,0.9832,3.21,35.2,60.1,21.3,0,No Event,0.24,Low,18.0,0.5775,0.1027399882608528,0.597,41.82,1,2015,10,4,43,0
2015-10-26,United States,North America,0.57,0.539,1.5,41.32,1.84,0.9955,2.97,34.2,45.1,21.7,0,No Event,1.04,Low,18.0,0.586,0.1020495806085081,0.58,42.41,1,2015,10,4,44,0
2015-11-02,United States,North America,0.596,0.544,1.5,41.72,2.21,0.985,1.51,41.2,52.7,29.4,0,No Event,-0.04,Low,18.0,0.58575,0.0987349703854127,0.57,41.32,0,2015,11,4,45,0
2015-11-09,United States,North America,0.54,0.517,1.5,39.76,2.26,0.9969,-1.15,69.4,45.9,20.3,0,No Event,-0.52,Low,18.0,0.5715,0.0990637541297571,0.596,41.72,0,2015,11,4,46,0
2015-11-16,United States,North America,0.589,0.536,1.5,42.49,3.05,1.0128,2.82,38.9,53.1,26.2,0,No Event,0.53,Low,18.0,0.57375,0.0931528033356113,0.54,39.76,1,2015,11,4,47,0
2015-11-23,United States,North America,0.643,0.574,1.5,44.33,1.52,0.9925,0.84,49.1,61.8,27.8,0,No Event,0.23,Low,18.0,0.592,0.0783910985430702,0.589,42.49,0,2015,11,4,48,0
2015-11-30,United States,North America,0.68,0.617,1.588,47.14,1.48,0.9915,3.08,52.2,64.4,21.2,0,No Event,0.01,Low,18.0,0.613,0.0720436376773599,0.643,44.33,0,2015,11,4,49,0
2015-12-07,United States,North America,0.632,0.606,1.5,45.97,1.68,0.991,-0.33,45.2,44.1,20.7,0,No Event,0.5,Low,18.0,0.636,0.0760698365420284,0.68,47.14,0,2015,12,4,50,0
2015-12-14,United States,North America,0.641,0.564,1.5,43.3,1.94,0.9821,1.32,48.1,45.4,24.0,0,No Event,1.22,Low,18.0,0.649,0.0649105496389501,0.632,45.97,0,2015,12,4,51,0
2015-12-21,United States,North America,0.725,0.655,1.795,50.62,2.53,1.0014,1.62,51.9,53.3,21.0,0,No Event,-0.05,Low,18.0,0.6695,0.0725878019203031,0.641,43.3,0,2015,12,4,52,0
2015-12-28,United States,North America,0.666,0.617,1.5,48.07,2.8,0.9835,4.27,55.6,50.1,21.2,0,No Event,-0.48,Low,18.0,0.666,0.0734434768927646,0.725,50.62,0,2015,12,4,53,0
2016-01-04,United States,North America,0.686,0.629,1.534,49.79,2.27,1.0008,4.1,49.4,50.4,26.3,0,No Event,0.27,Low,18.0,0.6795,0.0735238021248989,0.666,48.07,0,2016,1,1,1,0
2016-01-11,United States,North America,0.759,0.675,1.678,53.54,1.78,1.008,3.72,48.2,52.8,22.4,0,No Event,0.45,Low,18.0,0.709,0.0766663599692912,0.686,49.79,0,2016,1,1,2,0
2016-01-18,United States,North America,0.801,0.696,1.738,55.21,2.25,0.9949,5.33,41.3,59.0,28.6,0,No Event,-0.06,Low,18.0,0.728,0.0758598870789799,0.759,53.54,0,2016,1,1,3,0
2016-01-25,United States,North America,0.799,0.737,1.515,56.56,3.21,1.0027,4.19,38.3,57.2,21.4,0,No Event,0.82,Low,18.0,0.76125,0.0763099847248225,0.801,55.21,1,2016,1,1,4,0
2016-02-01,United States,North America,0.783,0.723,1.526,55.9,2.93,1.0029,0.35,46.6,49.7,25.2,0,No Event,-0.78,Low,18.0,0.7855000000000001,0.0681730178327977,0.799,56.56,0,2016,2,1,5,0
2016-02-08,United States,North America,0.814,0.694,1.584,56.57,2.3,1.0235,3.04,68.4,52.0,20.6,0,No Event,0.04,Low,18.0,0.79925,0.0658306037915401,0.783,55.9,0,2016,2,1,6,0
2016-02-15,United States,North America,0.821,0.758,1.5,59.08,1.41,0.9934,4.38,50.9,64.3,28.0,0,No Event,-0.16,Low,18.0,0.80425,0.0629786374629656,0.814,56.57,0,2016,2,1,7,0
2016-02-22,United States,North America,0.882,0.83,1.556,62.09,2.31,1.0125,1.21,56.6,57.3,27.1,0,No Event,-0.67,Low,18.0,0.825,0.0640070478307206,0.821,59.08,0,2016,2,1,8,0
2016-02-29,United States,North America,0.806,0.704,1.758,56.32,1.04,1.0083,3.25,54.4,54.9,28.5,0,No Event,-0.05,Low,18.0,0.8307499999999999,0.0662145895155446,0.882,62.09,0,2016,2,1,9,0
2016-03-07,United States,North America,0.856,0.781,2.036,60.8,2.29,1.0054,1.24,52.5,42.8,26.9,0,No Event,-0.0,Low,18.0,0.84125,0.0671068310386608,0.806,56.32,0,2016,3,1,10,0
2016-03-14,United States,North America,0.853,0.762,1.865,59.65,2.53,1.0094,1.02,58.9,31.6,21.5,0,No Event,-0.09,Low,18.0,0.84925,0.0587617787062565,0.856,60.8,0,2016,3,1,11,0
2016-03-21,United States,North America,0.839,0.749,1.627,58.64,2.37,1.0033,-2.33,57.2,53.5,22.2,0,No Event,0.61,Low,18.0,0.8384999999999999,0.0516094588470932,0.853,59.65,0,2016,3,1,12,0
2016-03-28,United States,North America,0.912,0.802,2.24,62.56,1.96,1.0025,1.15,51.7,47.7,21.0,0,No Event,0.09,Low,18.0,0.865,0.0550576282019692,0.839,58.64,0,2016,3,1,13,0
2016-04-04,United States,North America,0.909,0.828,1.777,64.22,2.73,1.0065,2.75,73.3,41.6,28.9,0,No Event,-0.11,Low,18.0,0.87825,0.0491744780966147,0.912,62.56,0,2016,4,2,14,0
2016-04-11,United States,North America,0.815,0.771,1.983,59.67,2.51,1.0092,1.96,53.6,46.3,22.6,0,No Event,0.2,Low,18.0,0.86875,0.0582233625386594,0.909,64.22,0,2016,4,2,15,0
2016-04-18,United States,North America,0.87,0.782,1.549,61.19,2.42,1.0091,-0.94,71.3,39.3,23.2,0,No Event,0.86,Low,18.0,0.8765000000000001,0.0610564965578831,0.815,59.67,0,2016,4,2,16,0
2016-04-25,United States,North America,0.819,0.786,2.074,59.75,2.03,1.0074,3.71,45.7,35.4,28.4,0,No Event,-0.3,Low,18.0,0.8532500000000001,0.0636762389791763,0.87,61.19,0,2016,4,2,17,0
2016-05-02,United States,North America,0.852,0.785,1.5,59.82,2.92,1.0257,0.21,54.9,48.4,26.8,0,No Event,0.09,Low,18.0,0.839,0.0637105712281494,0.819,59.75,0,2016,5,2,18,0
2016-05-09,United States,North America,0.815,0.769,1.876,58.73,1.81,1.0021,1.32,50.6,49.4,27.6,0,No Event,-0.38,Low,18.0,0.839,0.0652465080914056,0.852,59.82,0,2016,5,2,19,0
2016-05-16,United States,North America,0.878,0.765,1.89,60.22,2.02,1.0072,2.96,63.5,42.0,29.7,0,No Event,0.46,Low,18.0,0.841,0.0655565177561084,0.815,58.73,0,2016,5,2,20,0
2016-05-23,United States,North America,0.827,0.765,1.959,58.07,2.4,1.0035,0.72,56.2,50.7,22.2,0,No Event,-0.98,Low,18.0,0.843,0.06257170328516,0.878,60.22,0,2016,5,2,21,0
2016-05-30,United States,North America,0.869,0.799,2.174,62.75,2.0,1.0082,-0.01,60.1,48.3,28.5,0,No Event,0.14,Low,18.0,0.84725,0.0617005737284469,0.827,58.07,0,2016,5,2,22,0
2016-06-06,United States,North America,0.74,0.654,1.687,50.63,2.52,1.0054,0.44,56.3,48.2,29.4,0,No Event,-0.33,Low,18.0,0.8285,0.0756922855275639,0.869,62.75,0,2016,6,2,23,0
2016-06-13,United States,North America,0.804,0.735,1.839,56.09,2.16,1.0051,5.45,60.4,30.1,25.7,0,No Event,0.19,Low,18.0,0.8099999999999999,0.0804628590063414,0.74,50.63,0,2016,6,2,24,0
2016-06-20,United States,North America,0.796,0.707,1.5,55.48,1.54,0.9998,3.24,43.8,55.4,22.0,0,No Event,0.2,Low,18.0,0.80225,0.075598483242817,0.804,56.09,0,2016,6,2,25,0
2016-06-27,United States,North America,0.727,0.666,1.56,50.9,1.85,0.9947,-0.17,41.8,41.4,28.8,0,No Event,-0.2,Low,18.0,0.76675,0.0788324771388272,0.796,55.48,0,2016,6,2,26,0
2016-07-04,United States,North America,0.75,0.646,1.681,51.98,1.28,0.9911,3.75,45.4,46.4,24.8,0,No Event,0.09,Low,18.0,0.76925,0.0746751566474003,0.727,50.9,0,2016,7,3,27,0
2016-07-11,United States,North America,0.704,0.637,1.536,47.83,2.76,1.0117,1.06,56.0,45.0,20.8,0,No Event,-0.23,Low,18.0,0.7442500000000001,0.0726542879614049,0.75,51.98,0,2016,7,3,28,0
2016-07-18,United States,North America,0.714,0.633,1.5,49.45,2.9,0.9978,1.35,41.7,38.4,22.2,0,No Event,0.32,Low,18.0,0.7237499999999999,0.0717152377490832,0.704,47.83,0,2016,7,3,29,0
2016-07-25,United States,North America,0.702,0.626,1.5,47.79,2.45,0.9766,3.72,45.8,54.9,25.9,0,No Event,-0.56,Low,18.0,0.7175,0.0700264212362421,0.714,49.45,0,2016,7,3,30,0
2016-08-01,United States,North America,0.684,0.644,1.5,50.09,2.09,0.9982,3.55,46.1,42.6,28.0,0,No Event,-1.44,Low,18.0,0.701,0.0695263032467593,0.702,47.79,0,2016,8,3,31,0
2016-08-08,United States,North America,0.659,0.593,1.5,44.92,1.94,0.9885,2.53,38.4,49.0,26.6,0,No Event,-0.1,Low,18.0,0.68975,0.0637272854959453,0.684,50.09,1,2016,8,3,32,0
2016-08-15,United States,North America,0.594,0.543,1.5,42.67,2.35,0.9908,1.54,59.2,42.0,20.6,0,No Event,0.44,Low,18.0,0.65975,0.0668314301739336,0.659,44.92,0,2016,8,3,33,0
2016-08-22,United States,North America,0.617,0.561,1.545,43.85,2.42,0.9841,1.84,41.4,53.8,29.8,0,No Event,-0.63,Low,18.0,0.6385000000000001,0.0656669488032568,0.594,42.67,0,2016,8,3,34,0
2016-08-29,United States,North America,0.628,0.588,1.5,45.59,2.15,0.9866,0.79,43.4,43.7,22.5,0,No Event,0.57,Low,18.0,0.6244999999999999,0.0540076447052324,0.617,43.85,0,2016,8,3,35,0
2016-09-05,United States,North America,0.605,0.55,1.5,42.66,2.52,0.9833,2.57,60.1,47.0,24.8,0,No Event,0.45,Low,18.0,0.611,0.0443877257987165,0.628,45.59,0,2016,9,3,36,0
2016-09-12,United States,North America,0.547,0.51,1.5,39.4,3.2,0.9894,4.1,45.8,43.0,27.9,0,No Event,-0.4,Low,18.0,0.5992500000000001,0.0488834866315519,0.605,42.66,0,2016,9,3,37,0
2016-09-19,United States,North America,0.593,0.547,1.5,42.68,2.99,0.9909,1.46,49.2,51.3,27.7,0,No Event,-0.04,Low,18.0,0.59325,0.055217604330415,0.547,39.4,0,2016,9,3,38,0
2016-09-26,United States,North America,0.631,0.539,1.5,41.92,1.8,0.994,3.96,40.5,34.8,27.9,0,No Event,0.54,Low,18.0,0.594,0.0584316127723136,0.593,42.68,0,2016,9,3,39,0
2016-10-03,United States,North America,0.63,0.555,1.5,43.37,2.61,0.9854,3.47,50.3,56.7,29.1,0,No Event,-0.2,Low,18.0,0.60025,0.05642284795308,0.631,41.92,0,2016,10,4,40,0
2016-10-10,United States,North America,0.567,0.529,1.5,39.73,1.65,0.9891,2.29,47.0,54.8,24.2,0,No Event,0.21,Low,18.0,0.60525,0.0617651626596755,0.63,43.37,0,2016,10,4,41,0
2016-10-17,United States,North America,0.597,0.541,1.5,41.34,3.48,0.9923,0.79,49.9,53.4,25.4,0,No Event,0.57,Low,18.0,0.60625,0.0650044058696494,0.567,39.73,0,2016,10,4,42,0
2016-10-24,United States,North America,0.605,0.524,1.5,42.85,1.88,0.982,1.25,53.3,56.1,28.3,0,No Event,-0.18,Low,18.0,0.59975,0.0652056676623652,0.597,41.34,0,2016,10,4,43,0
2016-10-31,United States,North America,0.553,0.525,1.5,39.8,2.02,1.0025,-0.28,55.5,51.5,29.8,0,No Event,0.16,Low,18.0,0.5805,0.0686288154776527,0.605,42.85,0,2016,10,4,44,0
2016-11-07,United States,North America,0.627,0.548,1.5,43.24,2.29,0.9997,1.4,50.1,48.8,26.4,0,No Event,0.97,Low,18.0,0.5954999999999999,0.074591906275452,0.553,39.8,0,2016,11,4,45,0
2016-11-14,United States,North America,0.616,0.569,1.519,44.08,2.28,1.0015,3.09,51.6,43.6,29.1,0,No Event,0.95,Low,18.0,0.60025,0.0741887037035722,0.627,43.24,0,2016,11,4,46,0
2016-11-21,United States,North America,0.628,0.591,1.5,45.22,2.13,0.9843,2.38,46.2,52.2,20.4,0,No Event,0.1,Low,18.0,0.606,0.0742215081009736,0.616,44.08,0,2016,11,4,47,0
2016-11-28,United States,North America,0.652,0.6,1.536,46.48,2.06,0.9908,3.33,42.9,59.4,21.1,0,No Event,0.92,Low,18.0,0.63075,0.0737765208263605,0.628,45.22,0,2016,11,4,48,0
2016-12-05,United States,North America,0.623,0.566,1.5,44.32,2.05,0.9877,-0.41,53.9,62.8,20.5,0,No Event,0.86,Low,18.0,0.62975,0.0684507823584835,0.652,46.48,0,2016,12,4,49,0
2016-12-12,United States,North America,0.671,0.608,1.5,47.53,2.78,1.0031,2.52,57.5,56.8,28.3,0,No Event,0.5,Low,18.0,0.6435,0.0678128684653023,0.623,44.32,0,2016,12,4,50,0
2016-12-19,United States,North America,0.665,0.584,1.542,46.31,1.28,0.9881,3.33,50.6,71.7,26.3,0,No Event,0.37,Low,18.0,0.65275,0.0660109132217251,0.671,47.53,0,2016,12,4,51,0
2016-12-26,United States,North America,0.676,0.627,1.5,49.32,1.78,1.0043,2.64,50.5,66.8,25.1,0,No Event,0.1,Low,18.0,0.65875,0.0660198706516657,0.665,46.31,0,2016,12,4,52,0
2017-01-02,United States,North America,0.703,0.644,1.5,50.99,2.19,0.9877,1.67,33.5,58.6,22.8,0,No Event,-0.73,Low,18.0,0.6787500000000001,0.0569722363927227,0.676,49.32,1,2017,1,1,1,0
2017-01-09,United States,North America,0.75,0.692,1.622,53.78,2.88,0.9989,2.57,49.2,48.7,26.2,0,No Event,-0.4,Low,18.0,0.6985,0.0578504020030094,0.703,50.99,0,2017,1,1,2,0
2017-01-16,United States,North America,0.843,0.79,2.138,59.54,2.18,0.9841,1.4,46.0,43.8,24.1,0,No Event,0.25,Low,18.0,0.743,0.0649558687922829,0.75,53.78,0,2017,1,1,3,0
2017-01-23,United States,North America,0.782,0.687,1.5,54.26,2.28,1.0048,2.22,46.9,49.0,23.8,0,No Event,-0.36,Low,18.0,0.7695000000000001,0.0628360236686126,0.843,59.54,0,2017,1,1,4,0
2017-01-30,United States,North America,0.792,0.728,1.5,57.08,2.25,1.0161,2.77,51.0,64.2,23.6,0,No Event,0.01,Low,18.0,0.79175,0.0539221523750472,0.782,54.26,0,2017,1,1,5,0
2017-02-06,United States,North America,0.833,0.762,1.913,58.53,2.36,0.9987,2.09,46.9,40.5,24.9,0,No Event,0.05,Low,18.0,0.8125,0.0531289341388959,0.792,57.08,0,2017,2,1,6,0
2017-02-13,United States,North America,0.765,0.723,1.756,55.17,1.78,1.0002,2.71,60.1,68.5,22.8,0,No Event,-0.34,Low,18.0,0.7929999999999999,0.0617097802524867,0.833,58.53,0,2017,2,1,7,0
2017-02-20,United States,North America,0.864,0.788,2.146,61.31,2.35,1.0202,-0.73,48.2,38.6,26.0,0,No Event,0.56,Low,18.0,0.8135,0.0695067006464693,0.765,55.17,0,2017,2,1,8,0
2017-02-27,United States,North America,0.832,0.741,2.055,59.27,2.11,1.0061,0.55,50.7,53.2,26.4,0,No Event,-0.1,Low,18.0,0.8235,0.0688517133736554,0.864,61.31,0,2017,2,1,9,0
2017-03-06,United States,North America,0.889,0.831,1.811,63.82,3.03,0.9979,4.84,50.7,52.0,20.3,0,No Event,0.0,Low,18.0,0.8374999999999999,0.0683244029440875,0.832,59.27,0,2017,3,1,10,0
2017-03-13,United States,North America,0.858,0.775,1.574,60.71,2.04,1.0128,-0.71,51.8,51.0,28.9,0,No Event,0.18,Low,18.0,0.86075,0.0699151554371399,0.889,63.82,0,2017,3,1,11,0
2017-03-20,United States,North America,0.893,0.774,1.905,62.48,1.66,1.0104,2.27,45.4,63.8,28.3,0,No Event,-0.27,Low,18.0,0.868,0.0700410790076,0.858,60.71,0,2017,3,1,12,0
2017-03-27,United States,North America,0.856,0.78,1.667,61.2,1.99,0.9938,2.09,58.9,58.3,21.4,0,No Event,-0.46,Low,18.0,0.874,0.0724332766294993,0.893,62.48,0,2017,3,1,13,0
2017-04-03,United States,North America,0.802,0.744,1.791,56.97,3.21,1.0046,1.33,44.8,49.8,25.4,0,No Event,0.23,Low,18.0,0.8522500000000001,0.0743008193626313,0.856,61.2,0,2017,4,2,14,0
2017-04-10,United States,North America,0.936,0.848,1.682,65.97,2.04,0.9993,1.0,61.9,48.4,29.8,0,No Event,-0.03,Low,18.0,0.87175,0.0811379982126114,0.802,56.97,0,2017,4,2,15,0
2017-04-17,United States,North America,0.89,0.77,2.033,61.34,1.91,1.007,2.36,35.5,70.5,28.7,0,No Event,0.14,Low,18.0,0.871,0.0792062779000197,0.936,65.97,1,2017,4,2,16,0
2017-04-24,United States,North America,0.918,0.827,1.69,63.99,2.28,1.02,3.75,53.0,47.1,25.1,0,No Event,0.1,Low,18.0,0.8865000000000001,0.0793722109683503,0.89,61.34,0,2017,4,2,17,0
2017-05-01,United States,North America,0.835,0.777,1.92,59.43,2.72,1.0045,1.39,48.5,56.8,22.8,0,No Event,0.26,Low,18.0,0.89475,0.083892892992198,0.918,63.99,0,2017,5,2,18,0
2017-05-08,United States,North America,0.921,0.813,2.128,64.4,2.46,1.0127,3.05,63.6,51.8,26.1,0,No Event,-0.44,Low,18.0,0.891,0.0838297644170196,0.835,59.43,0,2017,5,2,19,0
2017-05-15,United States,North America,0.794,0.718,1.605,56.96,2.17,1.0136,2.16,52.7,46.9,23.0,0,No Event,-0.41,Low,18.0,0.867,0.0871810490060164,0.921,64.4,0,2017,5,2,20,0
2017-05-22,United States,North America,0.881,0.756,1.636,61.08,1.86,1.0134,3.31,48.3,45.0,29.1,0,No Event,-1.0,Low,18.0,0.85775,0.0921957355709793,0.794,56.96,0,2017,5,2,21,0
2017-05-29,United States,North America,0.875,0.811,1.793,63.36,2.38,1.0175,0.72,55.5,45.9,24.5,0,No Event,0.62,Low,18.0,0.86775,0.0902928543384279,0.881,61.08,0,2017,5,2,22,0
2017-06-05,United States,North America,0.777,0.72,1.877,55.42,1.76,1.0053,2.35,63.3,36.3,27.8,0,No Event,-0.88,Low,18.0,0.83175,0.0957630779445405,0.875,63.36,0,2017,6,2,23,0
2017-06-12,United States,North America,0.761,0.685,1.787,54.19,2.33,0.994,1.06,51.9,53.0,20.6,0,No Event,-0.43,Low,18.0,0.8235,0.0947830818610367,0.777,55.42,0,2017,6,2,24,0
2017-06-19,United States,North America,0.766,0.677,1.857,54.43,1.84,1.0122,3.54,45.9,43.9,29.1,0,No Event,-0.05,Low,18.0,0.79475,0.0943102971184301,0.761,54.19,0,2017,6,2,25,0
2017-06-26,United States,North America,0.743,0.645,1.676,53.06,2.18,1.002,2.78,44.1,46.6,27.6,0,No Event,0.1,Low,18.0,0.7617499999999999,0.0929382395513788,0.766,54.43,0,2017,6,2,26,0
2017-07-03,United States,North America,0.688,0.633,1.5,48.89,2.86,0.9996,2.61,49.0,22.3,24.6,0,No Event,-0.61,Low,18.0,0.7394999999999999,0.0777863806716929,0.743,53.06,0,2017,7,3,27,0
2017-07-10,United States,North America,0.72,0.646,1.728,51.03,2.98,1.0205,1.41,53.3,42.1,28.8,0,No Event,-0.54,Low,18.0,0.72925,0.079688579913813,0.688,48.89,0,2017,7,3,28,0
2017-07-17,United States,North America,0.671,0.6,1.532,46.63,1.81,0.9897,3.61,37.9,57.5,22.0,0,No Event,0.3,Low,18.0,0.7055,0.0796427697205517,0.72,51.03,1,2017,7,3,29,0
2017-07-24,United States,North America,0.699,0.633,1.5,49.52,1.76,0.9725,-0.29,39.2,43.6,24.0,0,No Event,0.39,Low,18.0,0.6944999999999999,0.0785796447185062,0.671,46.63,1,2017,7,3,30,0
2017-07-31,United States,North America,0.65,0.59,1.5,46.18,2.53,1.0115,3.58,41.9,46.5,29.8,0,No Event,0.3,Low,18.0,0.685,0.0711174028465086,0.699,49.52,0,2017,7,3,31,0
2017-08-07,United States,North America,0.697,0.637,1.5,49.76,3.04,0.9995,3.48,36.3,51.2,24.6,0,No Event,-0.41,Low,18.0,0.67925,0.0668825316788297,0.65,46.18,1,2017,8,3,32,0
2017-08-14,United States,North America,0.608,0.566,1.5,44.43,3.1,0.9865,2.81,47.1,44.6,22.3,0,No Event,-0.16,Low,18.0,0.6635,0.0637215781993746,0.697,49.76,0,2017,8,3,33,0
2017-08-21,United States,North America,0.655,0.572,1.543,45.75,2.39,1.0008,0.05,58.9,37.3,23.5,0,No Event,0.23,Low,18.0,0.6525000000000001,0.0705829859940498,0.608,44.43,0,2017,8,3,34,0
2017-08-28,United States,North America,0.665,0.598,1.5,47.07,2.34,0.9996,0.37,44.6,47.5,22.4,0,No Event,0.0,Low,18.0,0.65625,0.0650976831148504,0.655,45.75,0,2017,8,3,35,0
2017-09-04,United States,North America,0.581,0.526,1.5,41.31,2.96,0.9784,1.15,44.9,46.1,22.1,0,No Event,0.29,Low,18.0,0.62725,0.0731810967022273,0.665,47.07,0,2017,9,3,36,0
2017-09-11,United States,North America,0.607,0.565,1.5,42.5,1.59,0.9853,2.24,45.7,52.6,29.1,0,No Event,0.01,Low,18.0,0.627,0.0752288881562971,0.581,41.31,0,2017,9,3,37,0
2017-09-18,United States,North America,0.645,0.598,1.5,45.14,2.18,0.9779,4.09,54.5,50.7,27.7,0,No Event,-0.0,Low,18.0,0.6245,0.0784033033415602,0.607,42.5,0,2017,9,3,38,0
2017-09-25,United States,North America,0.555,0.503,1.5,38.71,2.05,0.9848,1.77,38.1,49.2,26.6,0,No Event,-0.32,Low,18.0,0.597,0.0853316419047667,0.645,45.14,1,2017,9,3,39,0
2017-10-02,United States,North America,0.619,0.553,1.5,43.87,2.94,0.9952,2.37,46.2,50.8,23.6,0,No Event,0.4,Low,18.0,0.6065,0.0918495124818511,0.555,38.71,0,2017,10,4,40,0
2017-10-09,United States,North America,0.602,0.521,1.5,41.76,2.65,0.9883,-0.29,45.3,52.3,22.8,0,No Event,0.29,Low,18.0,0.6052500000000001,0.0901906875114837,0.619,43.87,0,2017,10,4,41,0
2017-10-16,United States,North America,0.638,0.614,1.5,46.52,2.34,0.9848,3.17,42.8,62.5,24.8,0,No Event,-0.01,Low,18.0,0.6035,0.0911900137288543,0.602,41.76,0,2017,10,4,42,0
2017-10-23,United States,North America,0.571,0.521,1.5,40.07,2.07,0.9882,2.02,51.0,61.9,28.4,0,No Event,-0.54,Low,18.0,0.6074999999999999,0.0940163612434331,0.638,46.52,0,2017,10,4,43,0
2017-10-30,United States,North America,0.609,0.518,1.5,42.01,2.44,0.9816,3.04,25.1,46.5,23.0,0,No Event,-0.57,Low,18.0,0.605,0.0935910187129693,0.571,40.07,1,2017,10,4,44,0
2017-11-06,United States,North America,0.663,0.572,1.5,46.38,1.95,0.9798,3.3,50.5,49.2,29.0,0,No Event,0.71,Low,18.0,0.62025,0.088960295077028,0.609,42.01,0,2017,11,4,45,0
2017-11-13,United States,North America,0.689,0.611,1.551,47.69,1.89,0.9942,2.72,41.7,57.9,20.4,0,No Event,-0.75,Low,18.0,0.633,0.0870381452892249,0.663,46.38,0,2017,11,4,46,0
2017-11-20,United States,North America,0.664,0.607,1.5,47.86,2.42,1.0036,-1.46,47.9,62.4,24.6,0,No Event,0.25,Low,18.0,0.65625,0.0879050746671413,0.689,47.69,0,2017,11,4,47,0
2017-11-27,United States,North America,0.695,0.633,1.5,48.67,1.98,1.0037,0.05,37.4,62.6,25.6,0,No Event,0.33,Low,18.0,0.67775,0.0783411816553408,0.664,47.86,1,2017,11,4,48,0
2017-12-04,United States,North America,0.646,0.596,1.5,46.01,2.72,0.9858,1.91,51.3,60.6,28.2,0,No Event,0.02,Low,18.0,0.6735,0.0817465656132799,0.695,48.67,0,2017,12,4,49,0
2017-12-11,United States,North America,0.698,0.648,1.5,49.99,2.51,0.9932,2.37,59.3,46.7,28.7,0,No Event,-0.43,Low,18.0,0.67575,0.0829802173064021,0.646,46.01,0,2017,12,4,50,0
2017-12-18,United States,North America,0.73,0.679,1.5,51.98,2.61,0.9902,3.67,64.3,55.4,22.9,0,No Event,-0.68,Low,18.0,0.6922499999999999,0.0686673010707492,0.698,49.99,0,2017,12,4,51,0
2017-12-25,United States,North America,0.708,0.618,1.5,48.93,3.07,0.9921,0.94,56.9,69.5,23.3,0,No Event,-0.27,Low,18.0,0.6955,0.0640082796599786,0.73,51.98,0,2017,12,4,52,0
2018-01-01,United States,North America,0.816,0.745,1.505,57.03,3.03,0.9951,4.28,46.0,52.6,22.8,0,No Event,-0.02,Low,18.0,0.738,0.0739449834723053,0.708,48.93,0,2018,1,1,1,0
2018-01-08,United States,North America,0.772,0.704,1.818,55.33,1.85,0.9845,1.04,64.2,46.1,22.6,0,No Event,-0.72,Low,18.0,0.7565,0.0767545981918175,0.816,57.03,0,2018,1,1,2,0
2018-01-15,United States,North America,0.724,0.67,1.631,52.19,2.34,0.993,1.87,52.7,56.4,26.2,0,No Event,0.41,Low,18.0,0.755,0.0712793720302055,0.772,55.33,0,2018,1,1,3,0
2018-01-22,United States,North America,0.816,0.766,1.637,58.98,3.08,1.0074,2.98,39.5,53.0,25.9,0,No Event,0.58,Low,18.0,0.7819999999999999,0.0766386471728422,0.724,52.19,1,2018,1,1,4,0
2018-01-29,United States,North America,0.787,0.689,1.636,55.64,2.57,1.0088,1.84,56.3,51.3,26.7,0,No Event,-0.09,Low,18.0,0.77475,0.0759803577610184,0.816,58.98,0,2018,1,1,5,0
2018-02-05,United States,North America,0.854,0.774,1.647,60.75,2.73,1.0035,4.52,48.9,54.2,26.1,0,No Event,0.34,Low,18.0,0.7952499999999999,0.0783241972218472,0.787,55.64,0,2018,2,1,6,0
2018-02-12,United States,North America,0.876,0.792,2.023,61.56,2.2,1.003,0.95,46.4,67.4,26.1,0,No Event,0.12,Low,18.0,0.83325,0.0762356705019864,0.854,60.75,0,2018,2,1,7,0
2018-02-19,United States,North America,0.853,0.764,1.576,59.69,2.69,1.0253,4.13,59.2,54.6,20.7,0,No Event,-0.1,Low,18.0,0.8425,0.0773310313718192,0.876,61.56,0,2018,2,1,8,0
2018-02-26,United States,North America,0.961,0.815,2.251,64.8,1.63,1.0001,3.66,59.2,70.0,22.5,0,No Event,0.86,Low,18.0,0.886,0.0773267107502663,0.853,59.69,0,2018,2,1,9,0
2018-03-05,United States,North America,0.913,0.828,1.921,65.49,2.75,1.0082,0.96,54.5,58.7,21.1,0,No Event,0.72,Low,18.0,0.90075,0.0796797514128583,0.961,64.8,0,2018,3,1,10,0
2018-03-12,United States,North America,0.902,0.797,1.558,62.7,2.19,1.0107,2.81,46.4,52.9,26.9,0,No Event,-0.31,Low,18.0,0.90725,0.0800819816224247,0.913,65.49,0,2018,3,1,11,0
2018-03-19,United States,North America,0.911,0.885,1.849,65.39,2.95,1.0196,3.57,51.1,45.9,29.1,0,No Event,0.16,Low,18.0,0.92175,0.0785953695535427,0.902,62.7,0,2018,3,1,12,0
2018-03-26,United States,North America,0.851,0.8,1.927,62.9,1.9,1.0188,-0.1,55.1,53.9,28.4,0,No Event,0.3,Low,18.0,0.89425,0.0710299167113319,0.911,65.39,0,2018,3,1,13,0
2018-04-02,United States,North America,0.892,0.831,1.685,64.42,1.87,1.0267,0.44,61.0,50.9,21.6,0,No Event,-0.63,Low,18.0,0.889,0.0693291453500527,0.851,62.9,0,2018,4,2,14,0
2018-04-09,United States,North America,0.862,0.821,1.651,61.28,2.55,1.004,1.78,50.2,43.5,29.6,0,No Event,1.04,Low,18.0,0.879,0.0669165972691315,0.892,64.42,0,2018,4,2,15,0
2018-04-16,United States,North America,0.811,0.79,1.931,59.55,2.53,1.0063,2.0,44.5,56.9,26.3,0,No Event,0.04,Low,18.0,0.8540000000000001,0.0602342582736228,0.862,61.28,0,2018,4,2,16,0
2018-04-23,United States,North America,0.875,0.772,1.986,61.48,2.13,1.0108,1.29,44.4,47.2,25.1,0,No Event,-0.03,Low,18.0,0.8600000000000001,0.062907332803605,0.811,59.55,0,2018,4,2,17,0
2018-04-30,United States,North America,0.918,0.872,1.793,66.3,2.83,1.0133,3.87,55.5,50.6,24.9,0,No Event,-0.31,Low,18.0,0.8665,0.059814743331633,0.875,61.48,0,2018,4,2,18,0
2018-05-07,United States,North America,0.855,0.762,1.737,60.62,2.31,1.0081,1.59,61.6,51.1,20.7,0,No Event,0.11,Low,18.0,0.8647499999999999,0.0633186044929512,0.918,66.3,0,2018,5,2,19,0
2018-05-14,United States,North America,0.899,0.789,1.709,64.14,2.65,1.0022,0.12,42.0,45.2,24.6,0,No Event,0.64,Low,18.0,0.8867499999999999,0.0643798855801663,0.855,60.62,0,2018,5,2,20,0
2018-05-21,United States,North America,0.844,0.776,2.052,60.96,2.34,1.0109,2.4,65.4,57.4,27.5,0,No Event,0.71,Low,18.0,0.879,0.0545340096900765,0.899,64.14,0,2018,5,2,21,0
2018-05-28,United States,North America,0.872,0.823,1.631,62.64,2.69,1.0096,2.23,51.9,48.7,27.6,0,No Event,0.54,Low,18.0,0.8674999999999999,0.0541933136952257,0.844,60.96,0,2018,5,2,22,0
2018-06-04,United States,North America,0.835,0.725,1.719,57.9,2.55,0.9942,0.52,59.8,40.5,22.4,0,No Event,-0.7,Low,18.0,0.8625,0.0553781913576715,0.872,62.64,0,2018,6,2,23,0
2018-06-11,United States,North America,0.902,0.785,2.119,62.59,3.11,0.9927,3.66,56.5,52.7,22.6,0,No Event,0.28,Low,18.0,0.8632500000000001,0.0605765923297619,0.835,57.9,0,2018,6,2,24,0
2018-06-18,United States,North America,0.777,0.723,1.5,55.9,1.88,1.0071,-0.29,56.1,53.5,27.8,0,No Event,0.29,Low,18.0,0.8465,0.0706559034680948,0.902,62.59,0,2018,6,2,25,0
2018-06-25,United States,North America,0.748,0.669,1.5,53.39,1.37,1.0026,1.5,54.5,40.7,26.7,0,No Event,-0.15,Low,18.0,0.8155,0.0690762201909575,0.777,55.9,0,2018,6,2,26,0
2018-07-02,United States,North America,0.735,0.658,1.5,51.16,2.52,0.9909,0.94,51.0,54.3,28.1,0,No Event,-0.12,Low,18.0,0.7905,0.0687793475276203,0.748,53.39,0,2018,7,3,27,0
2018-07-09,United States,North America,0.754,0.687,1.5,53.38,3.07,1.0055,0.2,54.9,55.7,20.4,0,No Event,0.55,Low,18.0,0.7535,0.0677353625978039,0.735,51.16,0,2018,7,3,28,0
2018-07-16,United States,North America,0.764,0.679,1.638,52.89,2.88,0.9924,4.65,44.9,34.3,26.0,0,No Event,-1.05,Low,18.0,0.7502500000000001,0.0629188705792347,0.754,53.38,0,2018,7,3,29,0
2018-07-23,United States,North America,0.753,0.66,1.538,52.23,2.42,0.9968,3.78,57.6,49.8,21.7,0,No Event,0.0,Low,18.0,0.7515000000000001,0.0601605753689175,0.764,52.89,0,2018,7,3,30,0
2018-07-30,United States,North America,0.742,0.643,1.614,51.03,2.12,1.0132,0.19,50.7,42.4,26.7,0,No Event,0.17,Low,18.0,0.75325,0.0577271579390251,0.753,52.23,0,2018,7,3,31,0
2018-08-06,United States,North America,0.711,0.637,1.755,49.4,2.6,0.9916,0.53,71.7,37.1,25.7,0,No Event,-0.1,Low,18.0,0.7425,0.0548840298941372,0.742,51.03,0,2018,8,3,32,0
2018-08-13,United States,North America,0.687,0.596,1.5,47.03,2.29,0.9949,0.79,45.5,53.7,28.8,0,No Event,0.31,Low,18.0,0.72325,0.0534722252368897,0.711,49.4,0,2018,8,3,33,0
2018-08-20,United States,North America,0.61,0.57,1.576,43.81,2.05,0.9908,2.43,46.9,56.2,20.6,0,No Event,-0.1,Low,18.0,0.6875,0.057690908280278,0.687,47.03,0,2018,8,3,34,0
2018-08-27,United States,North America,0.621,0.567,1.5,44.49,1.59,1.0018,-0.55,42.2,42.3,23.0,0,No Event,-0.18,Low,18.0,0.6572499999999999,0.0589193284524704,0.61,43.81,0,2018,8,3,35,0
2018-09-03,United States,North America,0.634,0.582,1.5,45.96,2.47,0.9873,1.43,48.2,54.7,21.5,0,No Event,-0.42,Low,18.0,0.638,0.0515217996189851,0.621,44.49,0,2018,9,3,36,0
2018-09-10,United States,North America,0.62,0.577,1.5,45.43,2.53,0.9984,0.25,45.5,36.8,24.9,0,No Event,-0.42,Low,18.0,0.6212500000000001,0.0378925361363193,0.634,45.96,0,2018,9,3,37,0
2018-09-17,United States,North America,0.594,0.541,1.5,42.42,2.06,0.9975,2.81,58.3,57.8,28.6,0,No Event,-0.96,Low,18.0,0.61725,0.0381296346027333,0.62,45.43,0,2018,9,3,38,0
2018-09-24,United States,North America,0.634,0.563,1.5,44.05,1.67,0.9987,-2.99,33.3,46.0,28.6,0,No Event,-0.46,Low,18.0,0.6205,0.0454598783717926,0.594,42.42,1,2018,9,3,39,0
2018-10-01,United States,North America,0.649,0.586,1.632,46.07,2.23,1.0171,2.39,35.0,47.2,26.4,0,No Event,-0.76,Low,18.0,0.62425,0.0453013647265722,0.634,44.05,1,2018,10,4,40,0
2018-10-08,United States,North America,0.601,0.558,1.5,43.47,1.83,0.9847,0.64,39.3,54.1,22.9,0,No Event,0.11,Low,18.0,0.6194999999999999,0.047898561287606,0.649,46.07,1,2018,10,4,41,0
2018-10-15,United States,North America,0.639,0.575,1.5,45.62,2.27,0.9809,2.6,48.9,55.4,22.2,0,No Event,-0.15,Low,18.0,0.63075,0.0534547767702307,0.601,43.47,0,2018,10,4,42,0
2018-10-22,United States,North America,0.612,0.568,1.5,43.98,3.0,0.9871,1.79,35.9,46.1,24.9,0,No Event,-0.33,Low,18.0,0.62525,0.0541567358533918,0.639,45.62,1,2018,10,4,43,0
2018-10-29,United States,North America,0.608,0.526,1.5,43.09,1.32,0.9766,1.93,35.9,67.8,30.0,0,No Event,0.69,Low,18.0,0.615,0.0534977345198738,0.612,43.98,1,2018,10,4,44,0
2018-11-05,United States,North America,0.658,0.591,1.5,46.13,1.33,0.9897,2.03,53.0,47.6,20.3,0,No Event,0.86,Low,18.0,0.62925,0.0592985141237852,0.608,43.09,0,2018,11,4,45,0
2018-11-12,United States,North America,0.675,0.605,1.5,47.38,2.18,0.9866,2.37,39.1,46.8,23.8,0,No Event,0.63,Low,18.0,0.63825,0.0483715330531055,0.658,46.13,1,2018,11,4,46,0
2018-11-19,United States,North America,0.699,0.618,1.576,49.04,2.77,0.9918,3.11,47.6,48.6,20.2,0,No Event,0.65,Low,18.0,0.6599999999999999,0.0489126249172469,0.675,47.38,0,2018,11,4,47,0
2018-11-26,United States,North America,0.715,0.634,1.768,49.76,2.36,0.9806,2.76,48.7,59.7,26.8,0,No Event,-0.23,Low,18.0,0.6867500000000001,0.0489519726772091,0.699,49.04,0,2018,11,4,48,0
2018-12-03,United States,North America,0.662,0.596,1.645,45.85,3.14,0.9884,0.37,37.4,53.6,22.6,0,No Event,-0.23,Low,18.0,0.68775,0.0541904843035528,0.715,49.76,1,2018,12,4,49,0
2018-12-10,United States,North America,0.695,0.634,1.5,49.3,1.83,0.9978,1.92,52.1,41.5,24.7,0,No Event,0.39,Low,18.0,0.69275,0.0531495379710256,0.662,45.85,0,2018,12,4,50,0
2018-12-17,United States,North America,0.777,0.668,1.535,53.25,3.27,1.0063,1.59,53.6,46.0,21.9,0,No Event,-0.53,Low,18.0,0.71225,0.0593751017845602,0.695,49.3,0,2018,12,4,51,0
2018-12-24,United States,North America,0.779,0.712,1.679,55.28,2.11,0.9835,1.91,34.6,61.2,24.3,0,No Event,0.05,Low,18.0,0.72825,0.0595267010162969,0.777,53.25,1,2018,12,4,52,0
2018-12-31,United States,North America,0.788,0.731,1.916,56.58,2.5,1.0085,4.86,56.5,53.3,23.3,0,No Event,0.05,Low,18.0,0.75975,0.052340286232066,0.779,55.28,0,2018,12,4,1,0
2019-01-07,United States,North America,0.915,0.812,1.504,61.66,2.71,1.0051,2.64,67.2,41.0,29.4,0,No Event,-0.43,Low,18.0,0.8147500000000001,0.0650862169520808,0.788,56.58,0,2019,1,1,2,0
2019-01-14,United States,North America,0.841,0.74,1.548,57.26,1.74,1.0054,-0.8,59.4,58.3,24.8,0,No Event,-0.7,Low,18.0,0.83075,0.0698821650404371,0.915,61.66,0,2019,1,1,3,0
2019-01-21,United States,North America,0.858,0.735,2.023,59.34,0.99,1.0063,1.17,41.4,58.6,23.8,0,No Event,-0.19,Low,18.0,0.8505,0.0690671282151388,0.841,57.26,0,2019,1,1,4,0
2019-01-28,United States,North America,0.872,0.772,1.813,61.03,2.43,1.0048,0.28,49.8,55.7,25.6,0,No Event,0.09,Low,18.0,0.8714999999999999,0.0672394929595236,0.858,59.34,0,2019,1,1,5,0
2019-02-04,United States,North America,0.847,0.777,1.919,60.06,2.5,1.0175,1.68,47.8,36.6,28.3,0,No Event,0.6,Low,18.0,0.8544999999999999,0.069049415267158,0.872,61.03,0,2019,2,1,6,0
2019-02-11,United States,North America,0.818,0.745,1.698,58.63,2.02,1.0002,3.74,63.6,52.4,21.8,0,No Event,-0.17,Low,18.0,0.84875,0.0706514276553545,0.847,60.06,0,2019,2,1,7,0
2019-02-18,United States,North America,0.885,0.783,1.897,63.18,2.58,1.022,2.53,51.7,64.3,24.0,0,No Event,0.82,Low,18.0,0.8554999999999999,0.0732283258141483,0.818,58.63,0,2019,2,1,8,0
2019-02-25,United States,North America,0.882,0.78,1.548,60.11,2.69,1.0197,2.23,64.2,51.0,23.8,0,No Event,0.15,Low,18.0,0.858,0.0675638182897962,0.885,63.18,0,2019,2,1,9,0
2019-03-04,United States,North America,0.909,0.77,1.934,62.65,2.5,1.003,1.66,53.7,64.4,23.5,0,No Event,0.29,Low,18.0,0.8735,0.0671788029255141,0.882,60.11,0,2019,3,1,10,0
2019-03-11,United States,North America,0.896,0.789,2.246,62.58,2.85,1.0189,2.11,52.0,62.0,21.2,0,No Event,0.29,Low,18.0,0.893,0.0610336103570629,0.909,62.65,0,2019,3,1,11,0
2019-03-18,United States,North America,0.884,0.809,1.689,64.83,2.28,1.0085,4.24,51.0,44.5,20.2,0,No Event,0.83,Low,18.0,0.89275,0.0614676852926452,0.896,62.58,0,2019,3,1,12,0
2019-03-25,United States,North America,0.955,0.881,2.398,68.29,2.25,1.0048,1.11,54.1,51.3,23.9,0,No Event,-0.21,Low,18.0,0.911,0.0645267353587347,0.884,64.83,0,2019,3,1,13,0
2019-04-01,United States,North America,0.857,0.747,2.162,60.58,3.18,1.0202,-0.6,57.7,41.8,29.0,0,No Event,-1.06,Low,18.0,0.8979999999999999,0.0556280327712177,0.955,68.29,0,2019,4,2,14,0
2019-04-08,United States,North America,0.918,0.846,1.751,65.61,2.67,1.0009,2.95,50.6,33.5,28.7,0,No Event,-0.19,Low,18.0,0.9035,0.0538159404993869,0.857,60.58,0,2019,4,2,15,0
2019-04-15,United States,North America,0.817,0.744,1.842,59.68,2.49,1.0069,2.91,60.6,47.4,22.7,0,No Event,-0.88,Low,18.0,0.88675,0.0635298572333313,0.918,65.61,0,2019,4,2,16,0
2019-04-22,United States,North America,0.886,0.796,2.02,62.4,2.23,1.0051,2.79,45.6,52.4,29.0,0,No Event,-0.38,Low,18.0,0.8694999999999999,0.0682073716387354,0.817,59.68,0,2019,4,2,17,0
2019-04-29,United States,North America,0.892,0.829,2.04,63.61,2.69,1.0007,1.44,63.9,51.5,23.6,0,No Event,0.45,Low,18.0,0.87825,0.067451528949044,0.886,62.4,0,2019,4,2,18,0
2019-05-06,United States,North America,0.939,0.811,1.895,64.0,2.8,1.0,0.03,68.2,32.5,25.6,0,No Event,0.22,Low,18.0,0.8835,0.0673535144667597,0.892,63.61,0,2019,5,2,19,0
2019-05-13,United States,North America,0.881,0.792,2.057,61.66,3.08,1.0044,3.0,47.9,51.4,21.0,0,No Event,0.23,Low,18.0,0.8995,0.0668919463326698,0.939,64.0,0,2019,5,2,20,0
2019-05-20,United States,North America,0.89,0.85,2.072,64.37,3.2,0.9979,-0.58,67.9,53.6,22.3,0,No Event,0.38,Low,18.0,0.9005,0.0669129271985784,0.881,61.66,0,2019,5,2,21,0
2019-05-27,United States,North America,0.978,0.876,2.329,68.12,1.95,1.0099,1.57,35.9,44.2,24.7,0,No Event,0.96,Low,18.0,0.922,0.072182485220509,0.89,64.37,1,2019,5,2,22,0
2019-06-03,United States,North America,0.887,0.814,2.22,62.4,1.82,1.003,4.43,67.9,39.4,20.9,0,No Event,0.53,Low,18.0,0.909,0.0778073816201456,0.978,68.12,0,2019,6,2,23,0
2019-06-10,United States,North America,0.952,0.853,1.821,66.18,2.08,1.0054,4.85,53.7,46.2,26.8,0,No Event,0.07,Low,18.0,0.92675,0.08023646399297,0.887,62.4,0,2019,6,2,24,0
2019-06-17,United States,North America,0.912,0.855,2.033,65.33,3.17,1.0097,3.75,41.2,29.4,21.3,0,No Event,0.32,Low,18.0,0.93225,0.078122189223385,0.952,66.18,0,2019,6,2,25,0
2019-06-24,United States,North America,0.907,0.848,1.658,65.22,2.81,0.9983,0.05,44.5,45.2,28.5,0,No Event,0.28,Low,18.0,0.9145,0.0713770499196495,0.912,65.33,0,2019,6,2,26,0
2019-07-01,United States,North America,0.995,0.859,2.197,70.24,2.9,0.9952,-0.08,45.2,42.7,21.0,0,No Event,-1.24,Low,18.0,0.9415,0.0738341239918445,0.907,65.22,0,2019,7,3,27,0
2019-07-08,United States,North America,1.006,0.88,2.035,70.58,1.92,0.995,3.81,58.5,38.7,26.3,0,No Event,-0.51,Low,18.0,0.955,0.0636200109848073,0.995,70.24,0,2019,7,3,28,0
2019-07-15,United States,North America,0.944,0.844,1.959,65.31,2.64,0.9799,3.12,60.3,41.5,26.2,0,No Event,0.21,Low,18.0,0.963,0.0640026352080237,1.006,70.58,0,2019,7,3,29,0
2019-07-22,United States,North America,0.953,0.898,1.719,68.68,3.62,0.9837,3.77,66.5,50.6,28.2,0,No Event,-0.29,Low,18.0,0.9745,0.0640060628308631,0.944,65.31,0,2019,7,3,30,0
2019-07-29,United States,North America,0.951,0.86,2.297,66.06,1.69,1.0076,2.52,58.0,39.2,26.4,0,No Event,-0.07,Low,18.0,0.9635,0.0624155737136314,0.953,68.68,0,2019,7,3,31,0
2019-08-05,United States,North America,1.054,0.931,1.742,71.83,2.35,1.0035,1.44,45.9,52.0,23.3,0,No Event,0.81,Low,18.0,0.9755,0.0656404252865038,0.951,66.06,0,2019,8,3,32,0
2019-08-12,United States,North America,0.995,0.882,1.839,68.07,2.4,0.9968,2.33,38.9,45.6,20.6,0,No Event,-1.06,Low,18.0,0.98825,0.0689598244782039,1.054,71.83,1,2019,8,3,33,0
2019-08-19,United States,North America,0.988,0.889,1.807,71.19,1.62,0.9808,1.68,53.9,59.4,24.4,0,No Event,0.09,Low,18.0,0.997,0.0633037923772227,0.995,68.07,0,2019,8,3,34,0
2019-08-26,United States,North America,1.039,0.934,2.285,73.2,1.87,0.9887,-0.7,57.8,40.5,23.9,0,No Event,-0.36,Low,18.0,1.019,0.0568685955140372,0.988,71.19,0,2019,8,3,35,0
2019-09-02,United States,North America,0.722,0.639,1.5,49.8,2.99,0.9817,2.28,56.7,48.7,29.1,0,No Event,-0.4,Low,18.0,0.936,0.1055270966199503,1.039,73.2,0,2019,9,3,36,0
2019-09-09,United States,North America,0.609,0.572,1.5,43.07,1.78,0.9828,3.8,47.9,47.9,26.3,0,No Event,0.28,Low,18.0,0.8395,0.1129289021837982,0.722,49.8,0,2019,9,3,37,0
2019-09-16,United States,North America,0.632,0.576,1.5,44.7,1.21,0.9888,2.28,48.9,59.8,29.5,0,No Event,-0.2,Low,18.0,0.7505000000000001,0.1143370752498243,0.609,43.07,0,2019,9,3,38,0
2019-09-23,United States,North America,0.638,0.579,1.5,45.8,2.4,0.976,1.65,51.5,47.1,20.5,0,No Event,0.21,Low,18.0,0.65025,0.1086518849780219,0.632,44.7,0,2019,9,3,39,0
2019-09-30,United States,North America,0.609,0.541,1.5,42.08,3.17,1.0097,3.86,49.6,37.8,29.6,0,No Event,0.44,Low,18.0,0.622,0.1079306694601749,0.638,45.8,0,2019,9,3,40,0
2019-10-07,United States,North America,0.678,0.612,1.5,49.12,2.63,0.9913,4.1,49.5,38.2,26.7,0,No Event,-0.4,Low,18.0,0.63925,0.1155178699063641,0.609,42.08,0,2019,10,4,41,0
2019-10-14,United States,North America,0.642,0.579,1.5,45.72,1.86,0.9869,2.43,25.2,32.2,28.4,0,No Event,-0.59,Low,18.0,0.64175,0.115468201023472,0.678,49.12,1,2019,10,4,42,0
2019-10-21,United States,North America,0.655,0.572,1.584,44.59,3.0,0.9988,5.16,50.1,47.9,20.8,0,No Event,-0.04,Low,18.0,0.646,0.1160568777111788,0.642,45.72,0,2019,10,4,43,0
2019-10-28,United States,North America,0.666,0.605,1.724,48.05,1.84,0.9822,2.48,46.6,49.7,25.5,0,No Event,0.69,Low,18.0,0.66025,0.1094229135820531,0.655,44.59,0,2019,10,4,44,0
2019-11-04,United States,North America,0.681,0.644,1.5,50.75,2.46,1.0028,2.17,49.9,45.5,23.9,0,No Event,-0.11,Low,18.0,0.661,0.1101486298204244,0.666,48.05,0,2019,11,4,45,0
2019-11-11,United States,North America,0.702,0.647,1.5,50.13,3.46,0.9885,0.65,35.8,57.3,28.3,0,No Event,-0.69,Low,18.0,0.6759999999999999,0.1112355116193584,0.681,50.75,1,2019,11,4,46,0
2019-11-18,United States,North America,0.646,0.59,1.5,45.7,2.22,0.9954,1.17,59.5,63.4,28.0,0,No Event,0.21,Low,18.0,0.6737500000000001,0.1098455427253002,0.702,50.13,0,2019,11,4,47,0
2019-11-25,United States,North America,0.672,0.642,1.787,49.69,1.25,0.9909,2.6,40.5,46.1,21.6,0,No Event,-0.59,Low,18.0,0.67525,0.0698760776942446,0.646,45.7,0,2019,11,4,48,0
2019-12-02,United States,North America,0.779,0.65,1.643,52.8,1.97,0.9824,0.23,49.8,75.0,25.7,0,No Event,-0.41,Low,18.0,0.6997500000000001,0.066438705939379,0.672,49.69,0,2019,12,4,49,0
2019-12-09,United States,North America,0.708,0.645,1.5,50.13,3.23,1.0036,2.92,62.5,59.9,26.1,0,No Event,-0.02,Low,18.0,0.70125,0.0737916388159259,0.779,52.8,0,2019,12,4,50,0
2019-12-16,United States,North America,0.728,0.683,1.5,53.08,3.76,0.9892,2.0,47.0,62.8,20.2,0,No Event,0.06,Low,18.0,0.7217499999999999,0.0739337391977309,0.708,50.13,0,2019,12,4,51,0
2019-12-23,United States,North America,0.764,0.711,1.696,55.4,2.12,0.9995,2.87,29.3,54.7,20.2,0,No Event,0.54,Low,18.0,0.74475,0.0721079016854216,0.728,53.08,1,2019,12,4,52,0
2019-12-30,United States,North America,0.772,0.681,1.768,53.59,3.16,0.9913,2.22,56.6,50.4,22.0,0,No Event,-0.53,Low,18.0,0.7430000000000001,0.0660500690586227,0.764,55.4,0,2019,12,4,1,0
2020-01-06,United States,North America,0.853,0.779,1.5,58.7,1.9,0.9866,-0.23,51.4,49.2,28.1,0,No Event,0.3,Low,18.0,0.77925,0.0674472705183527,0.772,53.59,0,2020,1,1,2,0
2020-01-13,United States,North America,0.735,0.701,1.882,53.51,3.08,1.009,2.97,48.3,52.6,22.2,0,No Event,0.0,Low,18.0,0.781,0.0825277808278088,0.853,58.7,0,2020,1,1,3,0
2020-01-20,United States,North America,0.803,0.725,1.668,57.65,3.05,0.9956,2.84,53.3,62.7,27.7,0,No Event,-0.14,Low,18.0,0.7907500000000001,0.0856959944946494,0.735,53.51,0,2020,1,1,4,0
2020-01-27,United States,North America,0.877,0.756,1.829,60.84,2.68,1.0107,0.97,38.1,64.7,22.3,0,No Event,-0.32,Low,18.0,0.817,0.088267724029371,0.803,57.65,1,2020,1,1,5,0
2020-02-03,United States,North America,0.827,0.753,1.954,59.18,3.16,0.998,-0.26,43.6,53.9,42.3,1,COVID-19 Pandemic,0.36,Low,18.0,0.8105,0.091320990916235,0.877,60.84,0,2020,2,1,6,0
2020-02-10,United States,North America,0.943,0.85,2.125,66.02,4.8,1.0299,2.01,36.6,55.0,43.4,1,COVID-19 Pandemic,-0.63,Low,18.0,0.8625,0.0920838995562868,0.827,59.18,1,2020,2,1,7,0
2020-02-17,United States,North America,0.917,0.816,2.196,64.01,2.69,1.0188,2.6,48.0,60.1,22.5,0,No Event,0.9,Low,18.0,0.891,0.0938580922229297,0.943,66.02,0,2020,2,1,8,0
2020-02-24,United States,North America,0.968,0.861,2.047,66.92,2.35,1.0114,2.9,47.3,72.7,24.6,0,No Event,0.42,Low,18.0,0.91375,0.0852910039794464,0.917,64.01,0,2020,2,1,9,0
2020-03-02,United States,North America,1.048,0.942,2.37,72.47,2.36,1.0117,1.67,47.0,52.9,50.2,1,COVID-19 Pandemic,-0.36,Low,18.0,0.969,0.0789175201687811,0.968,66.92,0,2020,3,1,10,0
2020-03-09,United States,North America,1.04,0.945,2.639,73.9,2.39,0.9913,-0.15,44.1,54.0,24.4,0,No Event,1.15,Low,18.0,0.99325,0.0799161139186058,1.048,72.47,0,2020,3,1,11,0
2020-03-16,United States,North America,1.008,0.93,2.069,71.37,4.21,1.0049,4.1,51.8,55.3,36.6,1,COVID-19 Pandemic,0.83,Low,18.0,1.016,0.0817601679034227,1.04,73.9,0,2020,3,1,12,0
2020-03-23,United States,North America,1.095,1.023,2.805,80.04,5.2,0.9957,1.31,53.7,47.6,44.1,1,COVID-19 Pandemic,0.26,Low,18.0,1.04775,0.0833296730717911,1.008,71.37,0,2020,3,1,13,0
2020-03-30,United States,North America,1.115,0.983,2.366,78.48,5.41,1.018,0.15,43.1,61.6,30.8,1,COVID-19 Pandemic,-0.23,Low,18.0,1.0645,0.080203675170975,1.095,80.04,0,2020,3,1,14,0
2020-04-06,United States,North America,1.109,1.017,2.307,76.62,3.38,1.0088,2.42,54.8,52.0,52.4,1,COVID-19 Pandemic,0.65,Low,18.0,1.08175,0.0628038242808062,1.115,78.48,0,2020,4,2,15,0
2020-04-13,United States,North America,1.16,1.08,1.989,82.85,2.79,0.9964,0.4,48.5,50.7,45.4,1,COVID-19 Pandemic,0.46,Low,18.0,1.11975,0.0604303531772469,1.109,76.62,0,2020,4,2,16,0
2020-04-20,United States,North America,1.144,1.017,2.263,81.26,4.64,1.0007,2.7,50.3,50.8,30.0,1,COVID-19 Pandemic,0.65,Low,18.0,1.132,0.0586746516321253,1.16,82.85,0,2020,4,2,17,0
2020-04-27,United States,North America,1.164,1.065,2.003,82.9,2.99,1.0004,4.35,55.0,42.6,38.8,1,COVID-19 Pandemic,-0.43,Low,18.0,1.14425,0.0530010003529309,1.144,81.26,0,2020,4,2,18,0
2020-05-04,United States,North America,1.159,1.097,2.741,83.38,1.71,1.0088,0.51,57.5,40.3,34.3,1,COVID-19 Pandemic,-0.06,Low,18.0,1.15675,0.040687859547656,1.164,82.9,0,2020,5,2,19,0
2020-05-11,United States,North America,1.154,1.059,2.987,83.5,5.43,0.993,3.97,49.2,56.3,45.3,1,COVID-19 Pandemic,0.43,Low,18.0,1.15525,0.0388274233192026,1.159,83.38,0,2020,5,2,20,0
2020-05-18,United States,North America,1.16,1.04,2.159,83.75,3.4,1.0051,3.86,56.4,38.5,39.8,1,COVID-19 Pandemic,0.41,Low,18.0,1.15925,0.0373228919688792,1.154,83.5,0,2020,5,2,21,0
2020-05-25,United States,North America,1.256,1.141,3.009,89.54,1.79,1.0166,1.51,59.2,37.0,33.3,1,COVID-19 Pandemic,-0.13,Low,18.0,1.18225,0.0373414593882489,1.16,83.75,0,2020,5,2,22,0
2020-06-01,United States,North America,0.879,0.801,1.611,62.11,2.11,1.0135,2.48,65.6,46.7,48.7,1,COVID-19 Pandemic,-0.74,Low,18.0,1.11225,0.0988566017163862,1.256,89.54,0,2020,6,2,23,0
2020-06-08,United States,North America,0.81,0.728,1.5,55.89,3.04,0.9946,1.64,38.4,51.3,53.4,1,COVID-19 Pandemic,-1.45,Low,18.0,1.02625,0.1007730390790442,0.879,62.11,1,2020,6,2,24,0
2020-06-15,United States,North America,0.891,0.832,2.133,63.21,2.75,1.0138,0.8,35.9,42.0,27.9,0,No Event,0.36,Low,18.0,0.959,0.1020630689743482,0.81,55.89,1,2020,6,2,25,0
2020-06-22,United States,North America,0.763,0.676,1.541,53.46,4.48,1.0135,1.17,66.1,39.1,42.3,1,COVID-19 Pandemic,-0.47,Low,18.0,0.83575,0.1082985793498345,0.891,63.21,0,2020,6,2,26,0
2020-06-29,United States,North America,0.809,0.694,1.923,55.29,0.26,0.9848,4.78,51.8,42.2,27.0,1,COVID-19 Pandemic,0.23,Low,18.0,0.81825,0.1109994686495946,0.763,53.46,0,2020,6,2,27,0
2020-07-06,United States,North America,0.773,0.705,1.783,54.4,3.63,0.9991,-0.79,56.3,40.5,50.3,1,COVID-19 Pandemic,0.75,Low,18.0,0.809,0.1092115510290381,0.809,55.29,0,2020,7,3,28,0
2020-07-13,United States,North America,0.78,0.717,1.5,55.18,3.52,0.9842,2.81,52.2,42.9,39.4,1,COVID-19 Pandemic,-0.31,Low,18.0,0.78125,0.1096601895641745,0.773,54.4,0,2020,7,3,29,0
2020-07-20,United States,North America,0.717,0.665,1.629,50.89,1.86,0.9978,2.88,47.6,48.0,44.8,1,COVID-19 Pandemic,-0.35,Low,18.0,0.76975,0.1098633143106293,0.78,55.18,0,2020,7,3,30,0
2020-07-27,United States,North America,0.773,0.665,1.521,53.26,2.5,0.9986,2.52,48.4,48.4,46.0,1,COVID-19 Pandemic,0.82,Low,18.0,0.76075,0.1143214493841799,0.717,50.89,0,2020,7,3,31,0
2020-08-03,United States,North America,0.723,0.671,1.5,52.25,1.63,0.9866,1.22,51.2,44.9,42.7,1,COVID-19 Pandemic,-0.1,Low,18.0,0.74825,0.1145903826138132,0.773,53.26,0,2020,8,3,32,0
2020-08-10,United States,North America,0.691,0.629,1.5,48.03,5.03,0.9956,-1.12,44.1,59.4,40.2,1,COVID-19 Pandemic,0.3,Low,18.0,0.726,0.114042262507396,0.723,52.25,0,2020,8,3,33,0
2020-08-17,United States,North America,0.662,0.6,1.5,47.37,2.09,0.987,4.36,46.5,47.6,42.9,1,COVID-19 Pandemic,-0.11,Low,18.0,0.71225,0.1077942710360052,0.691,48.03,0,2020,8,3,34,0
2020-08-24,United States,North America,0.656,0.611,1.5,47.86,4.36,0.9902,-0.78,52.2,41.7,48.0,1,COVID-19 Pandemic,0.4,Low,18.0,0.6829999999999999,0.0722844831043685,0.662,47.37,0,2020,8,3,35,0
2020-08-31,United States,North America,0.639,0.58,1.537,46.45,1.15,0.9892,0.55,36.3,54.7,26.1,0,No Event,0.15,Low,18.0,0.662,0.0700862409808753,0.656,47.86,1,2020,8,3,36,0
2020-09-07,United States,North America,0.692,0.639,1.5,49.27,3.98,0.9842,4.06,32.3,50.1,29.3,0,No Event,0.1,Low,18.0,0.66225,0.0676209276156022,0.639,46.45,1,2020,9,3,37,0
2020-09-14,United States,North America,0.689,0.628,1.532,48.22,2.46,0.9828,2.38,51.6,45.6,22.0,0,No Event,0.15,Low,18.0,0.669,0.0549984960296523,0.692,49.27,0,2020,9,3,38,0
2020-09-21,United States,North America,0.673,0.601,1.5,46.53,2.22,0.9872,2.84,34.4,48.7,24.7,0,No Event,-0.15,Low,18.0,0.6732499999999999,0.0508224046645348,0.689,48.22,1,2020,9,3,39,0
2020-09-28,United States,North America,0.668,0.632,1.5,47.84,1.62,0.9915,1.91,41.0,50.6,20.9,0,No Event,0.04,Low,18.0,0.6805,0.0499220533392472,0.673,46.53,0,2020,9,3,40,0
2020-10-05,United States,North America,0.638,0.568,1.602,45.43,3.29,0.9984,0.63,35.3,58.7,29.3,0,No Event,-0.29,Low,18.0,0.667,0.0503834418956074,0.668,47.84,1,2020,10,4,41,0
2020-10-12,United States,North America,0.639,0.559,1.5,45.07,2.19,0.9896,3.82,41.2,59.6,21.8,0,No Event,-0.39,Low,18.0,0.6545000000000001,0.0461055722936159,0.638,45.43,0,2020,10,4,42,0
2020-10-19,United States,North America,0.682,0.656,1.5,49.69,2.4,0.9891,1.78,42.8,41.6,23.5,0,No Event,-0.07,Low,18.0,0.6567500000000001,0.0443288513667612,0.639,45.07,0,2020,10,4,43,0
2020-10-26,United States,North America,0.702,0.635,1.578,49.35,2.04,0.966,4.55,40.1,53.4,20.1,0,No Event,0.64,Low,18.0,0.66525,0.0419318193359237,0.682,49.69,0,2020,10,4,44,0
2020-11-02,United States,North America,0.67,0.609,1.5,47.7,2.76,0.9939,2.38,49.8,63.5,28.6,0,No Event,-1.32,Low,18.0,0.67325,0.0420556485063901,0.702,49.35,0,2020,11,4,45,0
2020-11-09,United States,North America,0.696,0.623,1.691,49.23,2.71,1.0062,0.85,46.0,35.7,28.8,0,No Event,-0.24,Low,18.0,0.6875,0.04149815669952,0.67,47.7,0,2020,11,4,46,0
2020-11-16,United States,North America,0.729,0.657,1.5,51.37,2.83,0.9883,3.72,45.9,46.1,21.3,0,No Event,-0.36,Low,18.0,0.6992499999999999,0.0429411390912861,0.696,49.23,0,2020,11,4,47,0
2020-11-23,United States,North America,0.674,0.605,1.685,47.76,2.11,1.0044,0.01,46.7,53.3,27.1,0,No Event,-0.25,Low,18.0,0.69225,0.0486701503207797,0.729,51.37,0,2020,11,4,48,0
2020-11-30,United States,North America,0.724,0.655,1.531,51.72,2.77,1.0023,0.04,63.2,53.1,25.4,0,No Event,-0.25,Low,18.0,0.70575,0.0474543330661017,0.674,47.76,0,2020,11,4,49,0
2020-12-07,United States,North America,0.732,0.641,1.5,53.38,2.89,0.9808,-0.47,53.1,49.3,30.0,0,No Event,-0.31,Low,18.0,0.71475,0.0473927228405113,0.724,51.72,0,2020,12,4,50,0
2020-12-14,United States,North America,0.72,0.677,1.5,53.9,2.04,0.9991,1.76,52.2,61.6,20.1,0,No Event,0.28,Low,18.0,0.7125,0.0470485546023395,0.732,53.38,0,2020,12,4,51,0
2020-12-21,United States,North America,0.832,0.763,1.804,59.34,1.7,1.0003,0.24,46.7,75.1,22.3,0,No Event,0.21,Low,18.0,0.752,0.0633232134576893,0.72,53.9,0,2020,12,4,52,0
2020-12-28,United States,North America,0.824,0.721,1.936,58.21,3.28,0.9824,1.41,41.0,48.2,27.8,0,No Event,-0.04,Low,18.0,0.7769999999999999,0.0607911641989898,0.832,59.34,0,2020,12,4,53,0
2021-01-04,United States,North America,0.82,0.719,1.519,56.92,2.96,1.0082,-0.58,50.9,31.7,29.7,0,No Event,0.11,Low,18.0,0.7989999999999999,0.0610265235766729,0.824,58.21,0,2021,1,1,1,0
2021-01-11,United States,North America,0.852,0.79,2.007,61.54,3.13,0.9941,0.86,49.3,36.8,28.7,0,No Event,-0.15,Low,18.0,0.832,0.0596770518769586,0.82,56.92,0,2021,1,1,2,0
2021-01-18,United States,North America,0.855,0.769,1.929,59.82,1.61,0.9893,3.41,44.6,42.1,23.2,0,No Event,-0.05,Low,18.0,0.83775,0.0597866363009192,0.852,61.54,0,2021,1,1,3,0
2021-01-25,United States,North America,0.855,0.786,1.807,61.59,2.79,0.9928,2.43,52.7,60.7,27.2,0,No Event,0.1,Low,18.0,0.8455,0.0567403562070245,0.855,59.82,0,2021,1,1,4,0
2021-02-01,United States,North America,0.865,0.801,1.614,60.84,2.92,1.0035,1.79,62.5,50.6,29.5,0,No Event,-0.76,Low,18.0,0.8567499999999999,0.0565470252239108,0.855,61.59,0,2021,2,1,5,0
2021-02-08,United States,North America,0.884,0.781,1.655,62.3,2.22,0.9936,4.47,47.6,49.1,23.9,0,No Event,0.37,Low,18.0,0.86475,0.0558856082062732,0.865,60.84,0,2021,2,1,6,0
2021-02-15,United States,North America,0.889,0.811,2.112,63.35,1.74,0.9972,2.15,54.6,64.5,23.1,0,No Event,-0.17,Low,18.0,0.87325,0.0479575128773999,0.884,62.3,0,2021,2,1,7,0
2021-02-22,United States,North America,0.916,0.848,2.151,64.8,2.08,0.991,3.41,49.4,49.1,27.3,0,No Event,-0.58,Low,18.0,0.8885000000000001,0.0454162746832995,0.889,63.35,0,2021,2,1,8,0
2021-03-01,United States,North America,0.959,0.871,2.079,67.47,2.3,0.9928,1.7,40.3,59.2,28.9,0,No Event,0.51,Low,18.0,0.912,0.0459048136688997,0.916,64.8,0,2021,3,1,9,0
2021-03-08,United States,North America,0.897,0.809,1.755,63.31,1.83,1.0013,2.03,43.9,42.5,24.6,0,No Event,0.36,Low,18.0,0.91525,0.0515044572158363,0.959,67.47,0,2021,3,1,10,0
2021-03-15,United States,North America,0.994,0.914,1.793,70.67,2.97,1.019,3.55,58.4,66.1,24.6,0,No Event,0.02,Low,18.0,0.9415,0.0408442710361079,0.897,63.31,0,2021,3,1,11,0
2021-03-22,United States,North America,0.904,0.784,1.941,63.53,2.35,1.0119,2.61,48.8,46.6,21.0,0,No Event,1.02,Low,18.0,0.9385,0.0508554280712241,0.994,70.67,0,2021,3,1,12,0
2021-03-29,United States,North America,0.898,0.826,2.031,64.45,2.71,1.009,1.39,50.1,54.6,26.1,0,No Event,0.41,Low,18.0,0.92325,0.0509019691509382,0.904,63.53,0,2021,3,1,13,0
2021-04-05,United States,North America,0.97,0.899,1.944,69.21,1.95,1.0155,2.48,53.6,55.5,29.7,0,No Event,0.54,Low,18.0,0.9415,0.0543909264075069,0.898,64.45,0,2021,4,2,14,0
2021-04-12,United States,North America,0.95,0.85,1.631,66.64,3.06,1.0271,3.62,51.2,45.8,20.6,0,No Event,-1.25,Low,18.0,0.9305,0.055182535482666,0.97,69.21,0,2021,4,2,15,0
2021-04-19,United States,North America,0.966,0.866,1.672,67.43,1.66,1.0073,1.9,56.5,30.7,26.8,0,No Event,0.47,Low,18.0,0.946,0.0551134346128634,0.95,66.64,0,2021,4,2,16,0
2021-04-26,United States,North America,0.906,0.843,1.603,65.49,2.21,1.0188,3.5,56.5,46.7,24.6,0,No Event,-0.28,Low,18.0,0.948,0.0590789786533806,0.966,67.43,0,2021,4,2,17,0
2021-05-03,United States,North America,0.92,0.838,2.213,64.09,2.51,1.0191,2.47,41.5,45.5,23.4,0,No Event,0.05,Low,18.0,0.9355,0.0589433376164289,0.906,65.49,0,2021,5,2,18,0
2021-05-10,United States,North America,0.917,0.796,1.649,62.91,2.39,1.0004,2.19,48.7,47.5,28.2,0,No Event,-0.67,Low,18.0,0.92725,0.0589893802089498,0.92,64.09,0,2021,5,2,19,0
2021-05-17,United States,North America,0.882,0.804,2.022,61.45,3.57,1.0041,0.41,58.4,39.3,21.3,0,No Event,0.21,Low,18.0,0.90625,0.0595379698442623,0.917,62.91,0,2021,5,2,20,0
2021-05-24,United States,North America,0.872,0.786,1.92,61.12,3.28,1.0088,3.06,60.7,51.0,22.9,0,No Event,0.53,Low,18.0,0.89775,0.0575683097882469,0.882,61.45,0,2021,5,2,21,0
2021-05-31,United States,North America,0.88,0.776,1.657,61.77,2.92,1.0018,3.3,52.2,41.9,27.6,0,No Event,0.0,Low,18.0,0.88775,0.0546471602062976,0.872,61.12,0,2021,5,2,22,0
2021-06-07,United States,North America,0.839,0.763,1.946,60.43,2.42,0.984,4.2,56.1,41.3,24.1,0,No Event,-0.68,Low,18.0,0.86825,0.0439592716030767,0.88,61.77,0,2021,6,2,23,0
2021-06-14,United States,North America,0.794,0.708,1.934,55.64,2.84,1.0061,2.44,45.3,44.8,29.5,0,No Event,0.53,Low,18.0,0.84625,0.0390702377551785,0.839,60.43,0,2021,6,2,24,0
2021-06-21,United States,North America,0.787,0.721,1.9,56.63,2.19,0.9898,0.28,54.9,55.8,25.4,0,No Event,0.57,Low,18.0,0.8250000000000001,0.0390579482212042,0.794,55.64,0,2021,6,2,25,0
2021-06-28,United States,North America,0.805,0.715,1.942,55.99,2.37,1.0127,3.83,52.0,53.7,29.8,0,No Event,-0.32,Low,18.0,0.8062499999999999,0.0292759696137498,0.787,56.63,0,2021,6,2,26,0
2021-07-05,United States,North America,0.77,0.696,1.726,54.68,3.04,0.9914,-0.58,33.9,53.6,29.4,0,No Event,0.29,Low,18.0,0.7890000000000001,0.0303959405540913,0.805,55.99,1,2021,7,3,27,0
2021-07-12,United States,North America,0.745,0.679,1.664,52.66,2.54,0.9828,0.56,55.8,56.7,21.5,0,No Event,0.33,Low,18.0,0.7767499999999999,0.0287024226943438,0.77,54.68,0,2021,7,3,28,0
2021-07-19,United States,North America,0.771,0.66,1.5,52.61,2.77,0.9895,1.63,51.7,39.8,26.6,0,No Event,0.01,Low,18.0,0.77275,0.0297235173662942,0.745,52.66,0,2021,7,3,29,0
2021-07-26,United States,North America,0.733,0.676,1.5,52.05,2.37,0.9958,1.62,42.4,45.8,24.2,0,No Event,0.42,Low,18.0,0.75475,0.0299745510149386,0.771,52.61,0,2021,7,3,30,0
2021-08-02,United States,North America,0.699,0.644,1.719,50.38,3.06,0.9992,4.66,43.5,39.7,23.6,0,No Event,0.1,Low,18.0,0.7369999999999999,0.0305811125899926,0.733,52.05,0,2021,8,3,31,0
2021-08-09,United States,North America,0.675,0.637,1.684,49.84,2.75,0.9973,4.06,44.2,53.7,24.1,0,No Event,0.66,Low,18.0,0.7195,0.030415711104711,0.699,50.38,0,2021,8,3,32,0
2021-08-16,United States,North America,0.687,0.619,1.5,48.79,2.91,0.9942,0.69,55.4,36.7,29.6,0,No Event,-0.26,Low,18.0,0.6985000000000001,0.0324062723487498,0.675,49.84,0,2021,8,3,33,0
2021-08-23,United States,North America,0.645,0.599,1.5,45.85,1.25,0.988,4.48,41.2,60.5,22.3,0,No Event,0.63,Low,18.0,0.6765000000000001,0.03315920385324,0.687,48.79,0,2021,8,3,34,0
2021-08-30,United States,North America,0.623,0.583,1.5,44.67,2.88,1.0112,2.9,42.4,42.9,24.9,0,No Event,-0.61,Low,18.0,0.6575000000000001,0.0326132751998729,0.645,45.85,0,2021,8,3,35,0
2021-09-06,United States,North America,0.592,0.576,1.5,44.31,2.74,1.0154,4.62,42.2,46.4,21.9,0,No Event,-0.11,Low,18.0,0.63675,0.0323109643765299,0.623,44.67,0,2021,9,3,36,0
2021-09-13,United States,North America,0.668,0.596,1.5,46.61,2.99,0.9893,0.39,46.1,42.4,26.2,0,No Event,-0.14,Low,18.0,0.632,0.0546207563927282,0.592,44.31,0,2021,9,3,37,0
2021-09-20,United States,North America,0.661,0.611,1.534,47.16,2.6,1.0001,2.84,24.1,39.5,25.9,0,No Event,-0.53,Low,18.0,0.636,0.0535082475314493,0.668,46.61,1,2021,9,3,38,0
2021-09-27,United States,North America,0.705,0.658,1.594,50.79,3.23,1.0005,0.24,38.7,57.2,22.1,0,No Event,-0.48,Low,18.0,0.6565,0.0574727052988421,0.661,47.16,1,2021,9,3,39,0
2021-10-04,United States,North America,0.665,0.605,1.5,47.42,2.8,0.9851,1.56,47.2,54.1,26.2,0,No Event,-0.23,Low,18.0,0.67475,0.0589033519291605,0.705,50.79,0,2021,10,4,40,0
2021-10-11,United States,North America,0.634,0.597,1.5,46.1,2.97,1.0052,1.82,49.9,50.5,29.0,0,No Event,0.3,Low,18.0,0.66625,0.0582172732892601,0.665,47.42,0,2021,10,4,41,0
2021-10-18,United States,North America,0.686,0.616,1.5,48.08,2.66,1.0012,2.19,35.9,66.8,20.2,0,No Event,0.06,Low,18.0,0.6725000000000001,0.0632435372060674,0.634,46.1,1,2021,10,4,42,0
2021-10-25,United States,North America,0.675,0.603,1.5,47.17,2.53,1.0099,0.82,45.6,52.6,27.7,0,No Event,-0.02,Low,18.0,0.665,0.0619770494686237,0.686,48.08,0,2021,10,4,43,0
2021-11-01,United States,North America,0.684,0.615,1.5,47.83,3.17,0.9858,2.03,50.3,54.4,22.5,0,No Event,0.25,Low,18.0,0.6697500000000001,0.0611831603034248,0.675,47.17,0,2021,11,4,44,0
2021-11-08,United States,North America,0.701,0.647,1.5,49.08,2.55,0.984,5.0,62.5,52.0,28.5,0,No Event,-0.2,Low,18.0,0.6865,0.0613747817830769,0.684,47.83,0,2021,11,4,45,0
2021-11-15,United States,North America,0.721,0.628,1.694,50.63,3.33,0.9827,2.99,36.6,60.0,28.7,0,No Event,0.12,Low,18.0,0.6952499999999999,0.0581846787909195,0.701,49.08,1,2021,11,4,46,0
2021-11-22,United States,North America,0.686,0.635,1.5,48.67,3.09,0.9994,4.04,47.4,54.3,29.5,0,No Event,0.39,Low,18.0,0.6980000000000001,0.059336014284911,0.721,50.63,0,2021,11,4,47,0
2021-11-29,United States,North America,0.777,0.67,1.83,53.57,1.1,0.9752,1.49,57.0,53.6,25.7,0,No Event,-0.33,Low,18.0,0.72125,0.0657575800718304,0.686,48.67,0,2021,11,4,48,0
2021-12-06,United States,North America,0.767,0.691,1.924,54.37,2.5,0.9931,0.67,44.1,39.5,20.4,0,No Event,-0.97,Low,18.0,0.73775,0.0576826689541499,0.777,53.57,0,2021,12,4,49,0
2021-12-13,United States,North America,0.753,0.676,1.5,52.39,2.67,0.9965,0.71,42.3,67.5,22.1,0,No Event,-0.21,Low,18.0,0.7457500000000001,0.0580137213681933,0.767,54.37,0,2021,12,4,50,0
2021-12-20,United States,North America,0.786,0.747,1.5,57.72,2.3,1.0081,1.47,52.7,52.2,27.2,0,No Event,-0.14,Low,18.0,0.77075,0.0564336854863592,0.753,52.39,0,2021,12,4,51,0
2021-12-27,United States,North America,0.825,0.735,1.541,58.47,2.69,1.0042,3.02,48.4,41.3,27.0,0,No Event,-0.59,Low,18.0,0.78275,0.0531689191545284,0.786,57.72,0,2021,12,4,52,0
2022-01-03,United States,North America,0.837,0.718,1.507,58.38,2.75,1.0179,0.75,39.0,56.9,20.8,0,No Event,-0.07,Low,18.0,0.8002499999999999,0.0490387905250051,0.825,58.47,1,2022,1,1,1,0
2022-01-10,United States,North America,0.881,0.753,1.558,61.56,2.44,0.9901,2.44,54.3,55.2,24.9,0,No Event,0.07,Low,18.0,0.8322499999999999,0.0465719326830912,0.837,58.38,0,2022,1,1,2,0
2022-01-17,United States,North America,0.924,0.811,1.598,62.35,3.18,0.9952,1.59,53.9,46.3,23.7,0,No Event,-0.84,Low,18.0,0.86675,0.0455048237541977,0.881,61.56,0,2022,1,1,3,0
2022-01-24,United States,North America,0.884,0.8,1.539,62.44,2.45,1.0154,2.07,62.4,75.2,21.7,0,No Event,-0.51,Low,18.0,0.8815,0.0498289347357162,0.924,62.35,0,2022,1,1,4,0
2022-01-31,United States,North America,0.855,0.755,1.534,59.87,3.19,1.0109,2.67,46.4,63.8,29.4,0,No Event,0.24,Low,18.0,0.8860000000000001,0.0523204801386239,0.884,62.44,0,2022,1,1,5,0
2022-02-07,United States,North America,0.932,0.837,2.329,66.47,3.52,0.9887,0.96,55.4,45.6,20.5,0,No Event,-0.0,Low,18.0,0.89875,0.0563191030816847,0.855,59.87,0,2022,2,1,6,0
2022-02-14,United States,North America,0.923,0.864,1.723,66.7,3.02,1.0025,-0.06,42.1,56.4,27.1,0,No Event,-0.58,Low,18.0,0.8985000000000001,0.0528377926173401,0.932,66.47,0,2022,2,1,7,0
2022-02-21,United States,North America,1.026,0.932,2.279,73.65,3.38,0.9978,2.17,61.0,49.5,28.4,0,No Event,0.18,Low,18.0,0.934,0.0492079591858584,0.923,66.7,0,2022,2,1,8,0
2022-02-28,United States,North America,1.038,0.97,2.334,74.63,6.48,1.0123,2.67,50.4,48.7,35.2,1,Russia-Ukraine War,-1.1,Low,18.0,0.97975,0.0480077772301326,1.026,73.65,0,2022,2,1,9,0
2022-03-07,United States,North America,1.178,1.031,2.071,81.37,3.0,1.008,1.72,56.2,54.9,21.0,0,No Event,0.64,Low,18.0,1.04125,0.0548737541996366,1.038,74.63,0,2022,3,1,10,0
2022-03-14,United States,North America,1.136,0.976,2.223,78.36,3.12,1.0226,1.42,58.3,53.1,27.6,0,No Event,-0.69,Low,18.0,1.0945,0.0589273102739855,1.178,81.37,0,2022,3,1,11,0
2022-03-21,United States,North America,1.154,1.019,2.052,79.82,2.98,1.0062,2.78,53.9,57.0,28.8,0,No Event,-0.21,Low,18.0,1.1265,0.0588521021544058,1.136,78.36,0,2022,3,1,12,0
2022-03-28,United States,North America,1.146,1.034,2.736,82.07,1.31,0.9967,0.49,38.3,38.2,25.3,0,No Event,-1.11,Low,18.0,1.1534999999999995,0.0596816681028838,1.154,79.82,0,2022,3,1,13,0
2022-04-04,United States,North America,1.209,1.078,2.741,83.87,2.66,1.0059,4.79,62.7,50.1,25.1,0,No Event,-0.11,Low,18.0,1.16125,0.0597753046743194,1.146,82.07,0,2022,4,2,14,0
2022-04-11,United States,North America,1.077,1.027,2.404,79.87,3.62,1.0059,3.21,48.1,45.4,24.6,0,No Event,-0.64,Low,18.0,1.1465,0.0711605305509218,1.209,83.87,0,2022,4,2,15,0
2022-04-18,United States,North America,1.204,1.06,2.297,84.19,2.66,1.0096,2.09,57.0,43.8,25.7,0,No Event,0.25,Low,18.0,1.159,0.0742785034570775,1.077,79.87,0,2022,4,2,16,0
2022-04-25,United States,North America,1.204,1.078,2.519,85.15,7.35,0.9953,1.72,41.6,65.9,58.5,1,Russia-Ukraine War,0.63,Low,18.0,1.1735,0.0723944173885718,1.204,84.19,0,2022,4,2,17,0
2022-05-02,United States,North America,1.19,1.078,2.023,83.13,3.94,1.028,1.61,41.2,54.5,27.4,0,No Event,0.07,Low,18.0,1.16875,0.0708249889037643,1.204,85.15,0,2022,5,2,18,0
2022-05-09,United States,North America,1.241,1.132,2.476,88.56,1.84,1.0098,3.68,52.2,52.5,22.0,0,No Event,-0.56,Low,18.0,1.20975,0.0702559107277873,1.19,83.13,0,2022,5,2,19,0
2022-05-16,United States,North America,1.239,1.115,2.998,87.45,2.53,0.9944,0.09,49.8,31.0,29.2,0,No Event,0.0,Low,18.0,1.2185,0.0653203362014167,1.241,88.56,0,2022,5,2,20,0
2022-05-23,United States,North America,1.237,1.108,2.264,87.45,1.93,1.007,2.91,40.4,47.5,28.8,0,No Event,0.74,Low,18.0,1.22675,0.0655453499563871,1.239,87.45,0,2022,5,2,21,0
2022-05-30,United States,North America,0.877,0.791,1.683,61.8,7.07,1.0057,2.13,48.9,49.5,60.1,1,Russia-Ukraine War,-0.14,Low,18.0,1.1485,0.1012797719849992,1.237,87.45,0,2022,5,2,22,0
2022-06-06,United States,North America,0.907,0.83,1.849,65.63,2.7,1.0053,3.33,42.8,39.2,29.3,0,No Event,0.25,Low,18.0,1.065,0.1022287129540811,0.877,61.8,0,2022,6,2,23,0
2022-06-13,United States,North America,0.884,0.803,1.884,62.36,2.85,0.9931,2.11,43.0,47.1,24.8,0,No Event,-0.01,Low,18.0,0.97625,0.1018625251540737,0.907,65.63,0,2022,6,2,24,0
2022-06-20,United States,North America,0.768,0.732,1.556,56.4,3.52,1.0002,-0.07,47.1,43.0,22.2,0,No Event,-0.01,Low,18.0,0.8590000000000001,0.10699638480774,0.884,62.36,0,2022,6,2,25,0
2022-06-27,United States,North America,0.797,0.724,1.5,56.17,3.17,1.0139,2.78,53.4,45.3,22.3,0,No Event,-0.28,Low,18.0,0.839,0.1059101890960858,0.768,56.4,0,2022,6,2,26,0
2022-07-04,United States,North America,0.816,0.739,1.989,58.33,3.29,0.999,3.36,50.4,44.0,26.7,0,No Event,-0.43,Low,18.0,0.81625,0.1036046983359166,0.797,56.17,0,2022,7,3,27,0
2022-07-11,United States,North America,0.747,0.67,1.638,53.35,2.75,0.99,0.25,48.9,29.7,25.2,0,No Event,0.7,Low,18.0,0.782,0.0958000935406277,0.816,58.33,0,2022,7,3,28,0
2022-07-18,United States,North America,0.796,0.71,1.607,56.83,4.44,0.9781,2.82,62.6,34.9,62.1,1,Russia-Ukraine War,-0.22,Low,18.0,0.7889999999999999,0.0997099684888904,0.747,53.35,0,2022,7,3,29,0
2022-07-25,United States,North America,0.79,0.722,1.915,55.37,8.31,0.9699,2.38,42.7,39.2,44.1,1,Russia-Ukraine War,-0.76,Low,18.0,0.78725,0.099780090132972,0.796,56.83,0,2022,7,3,30,0
2022-08-01,United States,North America,0.742,0.653,1.5,51.73,2.59,1.0016,2.22,53.3,64.9,23.7,0,No Event,0.03,Low,18.0,0.76875,0.0975278002144103,0.79,55.37,0,2022,8,3,31,0
2022-08-08,United States,North America,0.665,0.611,1.652,47.97,2.97,0.9992,0.84,53.2,39.5,23.7,0,No Event,0.17,Low,18.0,0.7482500000000001,0.0986242641513328,0.742,51.73,0,2022,8,3,32,0
2022-08-15,United States,North America,0.709,0.692,1.5,52.73,8.51,0.9962,2.9,53.9,61.1,49.9,1,Russia-Ukraine War,0.6,Low,18.0,0.7264999999999999,0.1031931215564161,0.665,47.97,0,2022,8,3,33,0
2022-08-22,United States,North America,0.715,0.634,1.643,49.68,2.35,0.9972,1.96,57.5,44.8,24.1,0,No Event,0.33,Low,18.0,0.7077499999999999,0.0666268071324209,0.709,52.73,0,2022,8,3,34,0
2022-08-29,United States,North America,0.737,0.647,1.5,51.19,2.43,0.985,0.77,36.5,44.4,25.7,0,No Event,-0.39,Low,18.0,0.7064999999999999,0.0664040793503592,0.715,49.68,1,2022,8,3,35,0
2022-09-05,United States,North America,0.653,0.598,1.5,45.71,9.38,0.9984,1.46,38.4,43.4,49.6,1,Russia-Ukraine War,-0.81,Low,18.0,0.7034999999999999,0.0723186513673619,0.737,51.19,1,2022,9,3,36,0
2022-09-12,United States,North America,0.701,0.634,1.5,49.1,8.33,0.9927,-0.21,35.0,42.6,62.0,1,Russia-Ukraine War,0.21,Low,18.0,0.7015,0.0683625499366836,0.653,45.71,1,2022,9,3,37,0
2022-09-19,United States,North America,0.683,0.593,1.5,46.95,3.23,0.9734,0.97,56.2,46.3,28.2,0,No Event,0.28,Low,18.0,0.6935,0.0671659606651515,0.701,49.1,0,2022,9,3,38,0
2022-09-26,United States,North America,0.679,0.628,1.5,48.89,9.7,0.9794,1.81,38.2,43.9,50.6,1,Russia-Ukraine War,0.09,Low,18.0,0.679,0.0663209760070981,0.683,46.95,1,2022,9,3,39,0
2022-10-03,United States,North America,0.657,0.578,1.642,46.63,10.24,0.9912,0.52,41.4,55.8,35.2,1,Russia-Ukraine War,-0.48,Low,18.0,0.68,0.062831992975419,0.679,48.89,0,2022,10,4,40,0
2022-10-10,United States,North America,0.718,0.613,1.521,49.57,2.43,1.0015,1.19,43.1,53.2,30.0,0,No Event,-0.25,Low,18.0,0.68425,0.0661687046069425,0.657,46.63,0,2022,10,4,41,0
2022-10-17,United States,North America,0.643,0.586,1.5,46.16,3.17,0.9789,2.5,52.6,49.8,22.9,0,No Event,-0.01,Low,18.0,0.67425,0.0719654165559547,0.718,49.57,0,2022,10,4,42,0
2022-10-24,United States,North America,0.685,0.632,1.5,48.85,0.99,1.0011,2.92,48.6,53.7,28.3,0,No Event,-0.45,Low,18.0,0.6757500000000001,0.07379323127464,0.643,46.16,0,2022,10,4,43,0
2022-10-31,United States,North America,0.681,0.618,1.5,48.36,2.84,0.9891,0.97,46.2,51.0,24.6,0,No Event,0.4,Low,18.0,0.6817500000000001,0.0668558123433303,0.685,48.85,0,2022,10,4,44,0
2022-11-07,United States,North America,0.694,0.65,1.5,49.82,2.43,1.0005,0.36,45.7,56.8,24.8,0,No Event,-0.28,Low,18.0,0.6757500000000001,0.0642098432738255,0.681,48.36,0,2022,11,4,45,0
2022-11-14,United States,North America,0.732,0.657,1.842,52.37,11.41,0.9827,2.04,39.6,50.5,63.6,1,Russia-Ukraine War,-0.65,Low,18.0,0.6980000000000001,0.0661170268255609,0.694,49.82,1,2022,11,4,46,0
2022-11-21,United States,North America,0.726,0.685,1.5,52.48,7.1,0.9966,2.36,53.0,39.0,62.7,1,Russia-Ukraine War,0.0,Low,18.0,0.70825,0.065638284372898,0.732,52.37,0,2022,11,4,47,0
2022-11-28,United States,North America,0.709,0.623,1.5,48.98,3.35,0.9883,2.88,42.3,61.5,22.1,0,No Event,-0.03,Low,18.0,0.71525,0.0557014229979782,0.726,52.48,0,2022,11,4,48,0
2022-12-05,United States,North America,0.789,0.674,1.954,56.15,6.43,0.9956,1.73,53.5,62.4,50.7,1,Russia-Ukraine War,-0.31,Low,18.0,0.7389999999999999,0.0608092301561363,0.709,48.98,0,2022,12,4,49,0
2022-12-12,United States,North America,0.797,0.734,1.939,56.67,2.49,0.9883,-1.91,44.6,49.3,21.7,0,No Event,0.38,Low,18.0,0.75525,0.0596826330569878,0.789,56.15,0,2022,12,4,50,0
2022-12-19,United States,North America,0.796,0.749,1.5,56.35,7.36,1.0128,4.56,40.5,62.8,37.1,1,Russia-Ukraine War,0.33,Low,18.0,0.77275,0.0595541117158092,0.797,56.67,0,2022,12,4,51,0
2022-12-26,United States,North America,0.875,0.771,2.118,62.76,5.39,0.9915,2.58,56.6,55.7,64.1,1,Russia-Ukraine War,-0.65,Low,18.0,0.81425,0.0621089324382849,0.796,56.35,0,2022,12,4,52,0
2023-01-02,United States,North America,0.82,0.792,2.147,60.52,10.22,1.0051,-1.58,56.6,56.0,43.8,1,Russia-Ukraine War,1.04,Low,18.0,0.822,0.0631127175034858,0.875,62.76,0,2023,1,1,1,0
2023-01-09,United States,North America,0.878,0.812,1.945,63.66,7.24,1.0089,4.37,47.9,58.9,58.4,1,Russia-Ukraine War,0.14,Low,18.0,0.84225,0.0529263782386042,0.82,60.52,0,2023,1,1,2,0
2023-01-16,United States,North America,0.837,0.764,1.5,61.28,2.76,1.012,1.66,50.6,55.8,26.7,0,No Event,-0.76,Low,18.0,0.8524999999999999,0.0554754873816501,0.878,63.66,0,2023,1,1,3,0
2023-01-23,United States,North America,0.973,0.846,2.063,67.85,2.06,1.0129,1.0,46.1,49.5,21.9,0,No Event,0.27,Low,18.0,0.877,0.0685752441151728,0.837,61.28,0,2023,1,1,4,0
2023-01-30,United States,North America,0.941,0.866,2.275,67.31,3.62,1.0038,1.76,72.8,45.7,26.7,0,No Event,0.83,Low,18.0,0.90725,0.0710771771998148,0.973,67.85,0,2023,1,1,5,0
2023-02-06,United States,North America,0.933,0.839,2.015,66.15,1.98,0.9963,3.69,58.5,66.9,21.5,0,No Event,-0.37,Low,18.0,0.921,0.0712504689830294,0.941,67.31,0,2023,2,1,6,0
2023-02-13,United States,North America,0.981,0.9,2.066,69.32,2.84,1.015,0.43,53.5,48.3,29.0,0,No Event,0.35,Low,18.0,0.957,0.0709839587931258,0.933,66.15,0,2023,2,1,7,0
2023-02-20,United States,North America,0.997,0.893,1.696,69.48,2.32,0.997,0.17,54.0,49.0,24.3,0,No Event,-0.4,Low,18.0,0.963,0.0692943708682326,0.981,69.32,0,2023,2,1,8,0
2023-02-27,United States,North America,0.973,0.916,2.317,70.51,3.83,0.9799,3.75,48.6,47.2,26.5,0,No Event,0.47,Low,18.0,0.971,0.0657612169627238,0.997,69.48,0,2023,2,1,9,0
2023-03-06,United States,North America,0.947,0.841,2.061,66.24,2.38,1.0144,2.61,52.5,52.7,22.6,0,No Event,-0.16,Low,18.0,0.9745,0.0670861291528236,0.973,70.51,0,2023,3,1,10,0
2023-03-13,United States,North America,1.005,0.916,1.89,71.88,3.21,1.0275,3.35,55.2,56.5,29.1,0,No Event,-0.52,Low,18.0,0.9805,0.0680077074339871,0.947,66.24,0,2023,3,1,11,0
2023-03-20,United States,North America,1.014,0.884,1.921,70.28,2.81,0.9921,2.59,53.7,48.0,26.7,0,No Event,-0.63,Low,18.0,0.98475,0.0634859068380427,1.005,71.88,0,2023,3,1,12,0
2023-03-27,United States,North America,0.94,0.867,1.68,65.86,3.38,1.0127,0.89,61.9,51.2,27.5,0,No Event,-0.73,Low,18.0,0.9765,0.0646579512031698,1.014,70.28,0,2023,3,1,13,0
2023-04-03,United States,North America,0.973,0.863,2.301,67.92,3.1,0.9943,-2.25,65.8,55.5,27.3,0,No Event,-0.61,Low,18.0,0.983,0.0625640226047925,0.94,65.86,0,2023,4,2,14,0
2023-04-10,United States,North America,0.948,0.811,1.765,65.63,2.69,1.0032,3.52,54.5,59.8,21.0,0,No Event,-0.01,Low,18.0,0.96875,0.0611009838396062,0.973,67.92,0,2023,4,2,15,0
2023-04-17,United States,North America,0.954,0.823,1.923,66.5,2.84,1.0239,3.04,60.4,34.4,25.0,0,No Event,1.04,Low,18.0,0.95375,0.0386582322029597,0.948,65.63,0,2023,4,2,16,0
2023-04-24,United States,North America,0.931,0.912,2.157,70.72,2.6,1.0049,2.54,50.4,40.1,25.2,0,No Event,-0.37,Low,18.0,0.9515,0.0380776975450696,0.954,66.5,0,2023,4,2,17,0
2023-05-01,United States,North America,0.93,0.859,1.759,67.51,3.55,0.998,2.1,40.1,49.8,25.7,0,No Event,0.07,Low,18.0,0.94075,0.0379911734858166,0.931,70.72,0,2023,5,2,18,0
2023-05-08,United States,North America,0.922,0.849,2.34,65.61,2.68,1.0033,1.84,58.6,46.5,20.5,0,No Event,0.27,Low,18.0,0.93425,0.0344447194927631,0.93,67.51,0,2023,5,2,19,0
2023-05-15,United States,North America,1.006,0.925,2.098,71.84,3.27,1.011,2.13,45.0,53.1,21.6,0,No Event,0.16,Low,18.0,0.94725,0.0440127965486951,0.922,65.61,0,2023,5,2,20,0
2023-05-22,United States,North America,0.876,0.78,1.88,61.39,3.16,0.9993,1.35,66.6,39.7,26.7,0,No Event,-1.2,Low,18.0,0.9335,0.0578777036160316,1.006,71.84,0,2023,5,2,21,0
2023-05-29,United States,North America,0.808,0.747,1.5,58.36,3.01,1.0031,3.53,50.8,41.0,27.6,0,No Event,0.97,Low,18.0,0.903,0.0612128376789568,0.876,61.39,0,2023,5,2,22,0
2023-06-05,United States,North America,0.868,0.823,1.662,60.66,2.99,0.9915,1.42,53.4,45.2,21.6,0,No Event,-0.1,Low,18.0,0.8895,0.0627130950221335,0.808,58.36,0,2023,6,2,23,0
2023-06-12,United States,North America,0.867,0.752,2.108,60.84,2.59,1.007,1.22,58.0,45.4,23.0,0,No Event,-0.09,Low,18.0,0.85475,0.0624985395849188,0.868,60.66,0,2023,6,2,24,0
2023-06-19,United States,North America,0.87,0.732,1.916,59.08,4.27,0.986,3.05,43.9,47.5,22.2,0,No Event,0.14,Low,18.0,0.8532500000000001,0.0594434633077189,0.867,60.84,0,2023,6,2,25,0
2023-06-26,United States,North America,0.768,0.721,1.6,55.63,2.88,1.0028,1.84,65.5,31.0,24.5,0,No Event,-0.13,Low,18.0,0.8432499999999999,0.0660542273347024,0.87,59.08,0,2023,6,2,26,0
2023-07-03,United States,North America,0.818,0.732,1.749,57.28,2.56,0.9983,2.77,44.2,47.4,27.0,0,No Event,-1.09,Low,18.0,0.83075,0.0701022289469067,0.768,55.63,0,2023,7,3,27,0
2023-07-10,United States,North America,0.78,0.686,1.665,53.8,1.69,0.9892,3.65,60.3,46.9,21.2,0,No Event,-0.41,Low,18.0,0.8089999999999999,0.0706453915257665,0.818,57.28,0,2023,7,3,28,0
2023-07-17,United States,North America,0.8,0.745,1.526,58.46,2.44,1.0103,2.05,50.4,36.4,20.9,0,No Event,-0.47,Low,18.0,0.7915,0.0714721370471522,0.78,53.8,0,2023,7,3,29,0
2023-07-24,United States,North America,0.756,0.683,1.5,53.06,3.19,1.0105,2.28,44.3,30.3,23.6,0,No Event,-0.55,Low,18.0,0.7885,0.0725369480875852,0.8,58.46,0,2023,7,3,30,0
2023-07-31,United States,North America,0.733,0.617,1.691,49.88,2.68,0.9878,6.39,39.2,38.5,20.9,0,No Event,0.31,Low,18.0,0.76725,0.0726451438478242,0.756,53.06,0,2023,7,3,31,0
2023-08-07,United States,North America,0.736,0.632,1.5,50.37,1.64,1.0043,1.55,41.6,56.2,22.9,0,No Event,-0.09,Low,18.0,0.75625,0.0648571694049861,0.733,49.88,0,2023,8,3,32,0
2023-08-14,United States,North America,0.7,0.62,1.5,49.22,2.4,0.9839,1.05,47.9,49.6,23.4,0,No Event,0.88,Low,18.0,0.73125,0.0565974216348759,0.736,50.37,0,2023,8,3,33,0
2023-08-21,United States,North America,0.71,0.659,1.504,51.44,2.36,1.0083,3.01,33.9,35.3,22.3,0,No Event,-0.84,Low,18.0,0.7197499999999999,0.0538003132533915,0.7,49.22,1,2023,8,3,34,0
2023-08-28,United States,North America,0.744,0.656,1.511,52.82,2.14,0.9995,2.68,53.6,35.1,28.2,0,No Event,0.16,Low,18.0,0.7225,0.0505124128190515,0.71,51.44,0,2023,8,3,35,0
2023-09-04,United States,North America,0.703,0.61,1.5,49.71,2.54,0.9817,1.74,22.1,61.6,24.2,0,No Event,0.23,Low,18.0,0.7142499999999999,0.0518845441850991,0.744,52.82,1,2023,9,3,36,0
2023-09-11,United States,North America,0.713,0.621,1.549,50.24,2.35,0.9921,2.97,36.4,58.8,21.3,0,No Event,-0.53,Low,18.0,0.7175,0.0523436586957687,0.703,49.71,1,2023,9,3,37,0
2023-09-18,United States,North America,0.71,0.646,1.742,49.54,2.07,0.982,3.77,48.3,41.7,27.9,0,No Event,-0.27,Low,18.0,0.7175,0.0413112085021873,0.713,50.24,0,2023,9,3,38,0
2023-09-25,United States,North America,0.763,0.673,1.679,53.57,3.54,0.9974,3.87,62.9,39.4,20.8,0,No Event,-0.2,Low,18.0,0.72225,0.0428618144136738,0.71,49.54,0,2023,9,3,39,0
2023-10-02,United States,North America,0.779,0.717,1.552,55.0,4.46,1.0108,-0.5,33.1,51.7,51.2,1,Middle East Crisis,0.43,Low,18.0,0.74125,0.041316974502629,0.763,53.57,1,2023,10,4,40,0
2023-10-09,United States,North America,0.766,0.677,1.688,53.48,8.59,1.0341,-0.01,43.4,77.1,54.7,1,Middle East Crisis,0.9,Low,18.0,0.7545,0.0407953453741117,0.779,55.0,0,2023,10,4,41,0
2023-10-16,United States,North America,0.792,0.704,1.858,56.39,5.93,1.0476,4.48,50.3,53.7,36.7,1,Middle East Crisis,0.2,Low,18.0,0.775,0.0384733234951941,0.766,53.48,0,2023,10,4,42,0
2023-10-23,United States,North America,0.828,0.744,1.555,59.13,6.8,1.0505,2.75,51.6,59.8,54.4,1,Middle East Crisis,0.28,Low,18.0,0.79125,0.0384365105882486,0.792,56.39,0,2023,10,4,43,0
2023-10-30,United States,North America,0.925,0.805,1.67,63.86,7.09,1.0774,1.68,52.6,50.3,57.5,1,Middle East Crisis,0.55,Low,18.0,0.82775,0.0490199465473558,0.828,59.13,0,2023,10,4,44,0
2023-11-06,United States,North America,0.903,0.866,2.251,64.92,5.62,1.1546,3.36,45.2,52.7,60.6,1,Middle East Crisis,-0.15,Low,18.0,0.8620000000000001,0.0462528864953672,0.925,63.86,0,2023,11,4,45,0
2023-11-13,United States,North America,0.917,0.824,1.807,64.55,4.69,1.1654,-0.45,43.3,57.8,43.1,1,Middle East Crisis,0.41,Low,18.0,0.89325,0.0462347968322721,0.903,64.92,0,2023,11,4,46,0
2023-11-20,United States,North America,1.029,0.947,1.736,70.96,6.93,1.2304,3.94,51.7,36.2,50.1,1,Middle East Crisis,-0.35,Low,18.0,0.9435,0.0542200677260636,0.917,64.55,0,2023,11,4,47,0
2023-11-27,United States,North America,1.037,0.966,2.259,73.02,9.13,1.289,2.07,53.5,51.5,49.6,1,Middle East Crisis,-0.25,Low,18.0,0.9715,0.0480759549524513,1.029,70.96,0,2023,11,4,48,0
2023-12-04,United States,North America,1.029,0.961,2.171,74.92,4.37,1.3166,0.39,58.6,60.6,34.3,1,Middle East Crisis,0.79,Low,18.0,1.003,0.0492950377408337,1.037,73.02,0,2023,12,4,49,0
2023-12-11,United States,North America,1.068,0.962,2.709,76.43,7.59,1.3224,2.4,48.5,60.8,52.6,1,Middle East Crisis,-0.44,Low,18.0,1.04075,0.0479561859349684,1.029,74.92,0,2023,12,4,50,0
2023-12-18,United States,North America,1.173,1.02,1.96,81.64,6.96,1.3595,3.06,51.2,60.0,34.9,1,Middle East Crisis,-0.94,Low,18.0,1.07675,0.0501444163700336,1.068,76.43,0,2023,12,4,51,0
2023-12-25,United States,North America,1.138,1.003,2.55,79.82,8.17,1.4241,2.72,43.0,53.3,39.0,1,Middle East Crisis,0.07,Low,18.0,1.102,0.0536938068718609,1.173,81.64,0,2023,12,4,52,0
2024-01-01,United States,North America,1.182,1.095,2.653,83.15,6.04,1.4642,-0.16,57.2,48.4,54.9,1,Middle East Crisis,-0.62,Low,18.0,1.14025,0.0513303128822498,1.138,79.82,0,2024,1,1,1,0
2024-01-08,United States,North America,0.868,0.739,1.5,61.28,7.4,1.4985,1.98,56.7,59.6,44.0,1,Middle East Crisis,-0.44,Low,18.0,1.09025,0.1016527825196872,1.182,83.15,0,2024,1,1,2,0
2024-01-15,United States,North America,0.799,0.745,1.556,57.46,8.66,1.5367,-0.22,48.8,41.3,53.6,1,Middle East Crisis,-0.89,Low,18.0,0.99675,0.1043878350867924,0.868,61.28,0,2024,1,1,3,0
2024-01-22,United States,North America,0.888,0.786,1.524,60.61,5.23,1.594,1.43,41.8,57.1,46.7,1,Middle East Crisis,-0.15,Low,18.0,0.93425,0.1038248002732279,0.799,57.46,0,2024,1,1,4,0
2024-01-29,United States,North America,0.964,0.837,2.218,65.53,5.05,1.6645,3.68,55.9,45.8,47.6,1,Middle East Crisis,-0.95,Low,18.0,0.87975,0.1061210613052779,0.888,60.61,0,2024,1,1,5,0
2024-02-05,United States,North America,0.917,0.846,1.764,66.91,5.66,1.7172,1.17,44.5,72.1,52.7,1,Middle East Crisis,-0.33,Low,18.0,0.892,0.1074972859662877,0.964,65.53,0,2024,2,1,6,0
2024-02-12,United States,North America,0.962,0.858,1.885,67.8,5.72,1.7493,0.37,51.3,64.7,55.6,1,Middle East Crisis,-0.03,Low,18.0,0.93275,0.1022538415779481,0.917,66.91,0,2024,2,1,7,0
2024-02-19,United States,North America,0.998,0.871,2.327,69.17,5.54,1.7292,2.44,51.2,51.4,52.2,1,Middle East Crisis,0.18,Low,18.0,0.96025,0.1028213966255913,0.962,67.8,0,2024,2,1,8,0
2024-02-26,United States,North America,0.955,0.902,1.796,68.72,8.49,1.8423,2.99,50.9,55.3,50.9,1,Middle East Crisis,-0.42,Low,18.0,0.958,0.1036365346480174,0.998,69.17,0,2024,2,1,9,0
2024-03-04,United States,North America,1.041,0.925,2.231,75.11,8.12,1.868,4.08,43.9,43.7,59.5,1,Middle East Crisis,0.07,Low,18.0,0.989,0.1064577610309509,0.955,68.72,0,2024,3,1,10,0
2024-03-11,United States,North America,1.034,0.933,1.848,71.63,5.55,1.9096,0.84,51.8,70.3,31.1,1,Middle East Crisis,0.21,Low,18.0,1.007,0.1021987649258765,1.041,75.11,0,2024,3,1,11,0
2024-03-18,United States,North America,0.999,0.9,2.254,69.32,8.29,1.9956,1.11,50.0,42.3,54.0,1,Middle East Crisis,0.22,Low,18.0,1.00725,0.1022934979724915,1.034,71.63,0,2024,3,1,12,0
2024-03-25,United States,North America,0.949,0.829,1.679,66.1,6.96,2.0067,0.69,49.6,57.0,48.2,1,Middle East Crisis,0.39,Low,18.0,1.00575,0.1020210308241499,0.999,69.32,0,2024,3,1,13,0
2024-04-01,United States,North America,0.951,0.885,1.666,68.08,7.25,2.0924,1.72,64.7,39.5,48.6,1,Middle East Crisis,-0.05,Low,18.0,0.98325,0.0638369715660394,0.949,66.1,0,2024,4,2,14,0
2024-04-08,United States,North America,1.012,0.907,1.913,71.5,6.35,2.0866,3.79,52.1,49.9,54.1,1,Middle East Crisis,-0.12,Low,18.0,0.97775,0.0589155140622406,0.951,68.08,0,2024,4,2,15,0
2024-04-15,United States,North America,0.941,0.851,2.395,67.14,7.86,2.1667,0.61,53.8,47.1,59.6,1,Middle East Crisis,-0.36,Low,18.0,0.96325,0.0569968008215832,1.012,71.5,0,2024,4,2,16,0
2024-04-22,United States,North America,0.962,0.863,2.454,69.36,6.48,2.2152,1.98,51.7,42.9,46.1,1,Middle East Crisis,0.25,Low,18.0,0.9665,0.0516750619602588,0.941,67.14,0,2024,4,2,17,0
2024-04-29,United States,North America,0.928,0.831,2.013,67.49,7.83,2.3393,0.77,50.7,45.1,60.6,1,Middle East Crisis,0.55,Low,18.0,0.96075,0.0506346812053369,0.962,69.36,0,2024,4,2,18,0
2024-05-06,United States,North America,0.929,0.853,1.638,65.53,5.92,2.446,1.62,43.0,56.7,41.1,1,Middle East Crisis,0.22,Low,18.0,0.94,0.0484400503406934,0.928,67.49,0,2024,5,2,19,0
2024-05-13,United States,North America,1.021,0.922,1.996,72.14,7.37,2.5457,-0.39,48.0,39.0,39.0,1,Middle East Crisis,-0.41,Low,18.0,0.96,0.0557006038048093,0.929,65.53,0,2024,5,2,20,0
2024-05-20,United States,North America,0.954,0.862,2.379,66.73,7.31,2.5457,4.22,44.6,44.7,46.8,1,Middle East Crisis,0.68,Low,18.0,0.958,0.057748715199647,1.021,72.14,0,2024,5,2,21,0
2024-05-27,United States,North America,0.919,0.828,1.759,65.07,6.14,2.6744,3.95,53.4,41.2,47.2,1,Middle East Crisis,-1.31,Low,18.0,0.95575,0.051293041211735,0.954,66.73,0,2024,5,2,22,0
2024-06-03,United States,North America,0.887,0.825,1.882,64.36,6.98,2.7484,2.78,47.8,44.8,40.2,1,Middle East Crisis,-0.3,Low,18.0,0.94525,0.051811053618268,0.919,65.07,0,2024,6,2,23,0
2024-06-10,United States,North America,0.897,0.812,1.794,62.43,5.23,2.7139,0.35,46.2,33.1,51.2,1,Middle East Crisis,-0.63,Low,18.0,0.91425,0.0516778816294727,0.887,64.36,0,2024,6,2,24,0
2024-06-17,United States,North America,0.848,0.738,1.51,59.14,4.43,2.8066,1.77,47.8,42.4,51.6,1,Middle East Crisis,0.15,Low,18.0,0.88775,0.0520342655128303,0.897,62.43,0,2024,6,2,25,0
2024-06-24,United States,North America,0.853,0.796,1.618,61.5,6.77,2.8751,3.04,33.8,37.9,41.0,1,Middle East Crisis,0.66,Low,18.0,0.87125,0.0521133259608318,0.848,59.14,1,2024,6,2,26,0
2024-07-01,United States,North America,0.833,0.78,1.89,59.9,5.37,2.9824,2.71,43.1,31.1,51.5,1,Middle East Crisis,0.89,Low,18.0,0.85775,0.0470054743633588,0.853,61.5,0,2024,7,3,27,0
2024-07-08,United States,North America,0.788,0.704,1.843,54.99,4.6,3.1443,0.17,60.2,57.6,35.2,1,Middle East Crisis,0.07,Low,18.0,0.8304999999999999,0.0454934693721946,0.833,59.9,0,2024,7,3,28,0
2024-07-15,United States,North America,0.755,0.673,1.5,52.98,4.29,3.2962,3.34,34.3,43.7,42.9,1,Middle East Crisis,0.1,Low,18.0,0.80725,0.0446333387688888,0.788,54.99,1,2024,7,3,29,0
2024-07-22,United States,North America,0.757,0.698,1.719,54.18,5.5,3.3567,0.97,54.2,38.0,34.9,1,Middle East Crisis,-1.34,Low,18.0,0.78325,0.0447235709031109,0.755,52.98,0,2024,7,3,30,0
2024-07-29,United States,North America,0.702,0.637,1.5,49.73,4.43,3.4018,3.11,43.9,50.8,52.4,1,Middle East Crisis,-0.05,Low,18.0,0.7505,0.0471722566867704,0.757,54.18,0,2024,7,3,31,0
2024-08-05,United States,North America,0.782,0.727,1.731,55.07,6.28,3.5797,1.55,57.5,44.7,51.0,1,Middle East Crisis,0.64,Low,18.0,0.749,0.0507200186139839,0.702,49.73,0,2024,8,3,32,0
2024-08-12,United States,North America,0.775,0.749,1.909,56.2,3.99,3.6364,-0.07,48.0,37.5,39.3,1,Middle East Crisis,-0.25,Low,18.0,0.754,0.0487713178246362,0.782,55.07,0,2024,8,3,33,0
2024-08-19,United States,North America,0.668,0.636,1.675,50.04,8.46,3.7177,0.68,48.0,45.4,48.5,1,Middle East Crisis,-0.3,Low,18.0,0.73175,0.0601197879063927,0.775,56.2,0,2024,8,3,34,0
2024-08-26,United States,North America,0.74,0.629,1.613,50.48,6.97,3.8941,1.33,50.8,51.3,35.6,1,Middle East Crisis,0.34,Low,18.0,0.7412500000000001,0.0710137914361171,0.668,50.04,0,2024,8,3,35,0
2024-09-02,United States,North America,0.733,0.655,1.779,50.14,4.94,4.0505,3.15,45.3,56.9,34.6,1,Middle East Crisis,0.1,Low,18.0,0.7290000000000001,0.0706293631899279,0.74,50.48,0,2024,9,3,36,0
2024-09-09,United States,North America,0.704,0.628,1.5,49.78,4.09,3.9752,4.27,48.4,50.7,32.8,1,Middle East Crisis,-0.18,Low,18.0,0.7112499999999999,0.0699803398458886,0.733,50.14,0,2024,9,3,37,0
2024-09-16,United States,North America,0.685,0.615,1.674,48.74,5.08,4.2078,1.4,44.7,40.6,49.1,1,Middle East Crisis,-0.47,Low,18.0,0.7155,0.0698105417174269,0.704,49.78,0,2024,9,3,38,0
2024-09-23,United States,North America,0.703,0.636,1.588,49.48,7.02,4.3269,2.52,39.5,55.2,41.0,1,Middle East Crisis,-0.04,Low,18.0,0.7062499999999999,0.0707898330331081,0.685,48.74,1,2024,9,3,39,0
2024-09-30,United States,North America,0.716,0.635,1.514,50.05,6.71,4.4777,0.92,37.6,40.6,40.9,1,Middle East Crisis,0.06,Low,18.0,0.702,0.0699426055560999,0.703,49.48,1,2024,9,3,40,0
2024-10-07,United States,North America,0.715,0.636,1.5,49.72,2.53,4.4365,2.72,41.2,50.4,29.4,0,No Event,0.07,Low,18.0,0.70475,0.0690090438315888,0.716,50.05,0,2024,10,4,41,0
2024-10-14,United States,North America,0.707,0.627,1.5,50.86,2.64,4.4663,3.16,46.8,44.8,26.5,0,No Event,0.56,Low,18.0,0.7102499999999999,0.0690339582640168,0.715,49.72,0,2024,10,4,42,0
2024-10-21,United States,North America,0.698,0.656,1.5,50.11,2.91,4.3889,0.26,43.5,62.1,20.2,0,No Event,-0.15,Low,18.0,0.709,0.0656600033540241,0.707,50.86,0,2024,10,4,43,0
2024-10-28,United States,North America,0.767,0.692,1.605,52.64,3.13,4.5467,0.75,42.7,52.2,28.8,0,No Event,0.43,Low,18.0,0.7217499999999999,0.063414587996398,0.698,50.11,0,2024,10,4,44,0
2024-11-04,United States,North America,0.746,0.663,1.734,51.54,1.75,4.4727,-0.07,33.8,55.4,24.1,0,No Event,-0.44,Low,18.0,0.7295,0.0638792384918552,0.767,52.64,1,2024,11,4,45,0
2024-11-11,United States,North America,0.735,0.681,1.5,52.65,3.25,4.5399,2.44,52.6,53.4,25.4,0,No Event,-0.2,Low,18.0,0.7365,0.0477590508896739,0.746,51.54,0,2024,11,4,46,0
2024-11-18,United States,North America,0.747,0.681,1.867,54.37,2.53,4.4626,2.31,43.2,50.2,20.6,0,No Event,-0.38,Low,18.0,0.74875,0.0365411335570019,0.735,52.65,0,2024,11,4,47,0
2024-11-25,United States,North America,0.804,0.693,1.944,56.37,1.8,4.5337,2.12,60.5,61.7,20.1,0,No Event,-0.1,Low,18.0,0.758,0.0421814362058269,0.747,54.37,0,2024,11,4,48,0
2024-12-02,United States,North America,0.807,0.675,1.669,55.16,3.21,4.524,0.57,62.7,60.4,21.5,0,No Event,-0.58,Low,18.0,0.7732500000000001,0.0394583251584792,0.804,56.37,0,2024,12,4,49,0
2024-12-09,United States,North America,0.819,0.74,1.651,56.89,3.16,4.4597,1.63,45.9,54.9,28.5,0,No Event,-0.13,Low,18.0,0.79425,0.0374867206934688,0.807,55.16,0,2024,12,4,50,0
2024-12-16,United States,North America,0.864,0.802,1.974,61.51,2.43,4.5573,-0.43,43.8,59.3,24.6,0,No Event,0.79,Low,18.0,0.8235,0.0391062693838272,0.819,56.89,0,2024,12,4,51,0
2024-12-23,United States,North America,0.823,0.711,1.727,56.74,2.55,4.5071,-1.11,35.9,57.1,22.1,0,No Event,-0.65,Low,18.0,0.82825,0.0434268115130297,0.864,61.51,1,2024,12,4,52,0
2024-12-30,United States,North America,0.87,0.795,1.926,63.27,1.95,4.5816,1.3,47.4,53.6,24.1,0,No Event,-0.27,Low,18.0,0.844,0.0449797482611568,0.823,56.74,0,2024,12,4,1,0
2025-01-06,United States,North America,0.939,0.803,1.729,63.96,3.29,4.5172,1.99,42.2,47.9,27.1,0,No Event,0.05,Low,18.0,0.8739999999999999,0.0472809650620201,0.87,63.27,0,2025,1,1,2,0
2025-01-13,United States,North America,0.908,0.855,1.824,65.65,2.12,4.4989,1.88,50.8,52.3,26.6,0,No Event,0.22,Low,18.0,0.885,0.0490781050511348,0.939,63.96,0,2025,1,1,3,0
2025-01-20,United States,North America,0.911,0.856,2.239,63.72,2.51,4.5124,1.23,59.9,48.1,25.0,0,No Event,0.85,Low,18.0,0.907,0.0430793024088253,0.908,65.65,0,2025,1,1,4,0
2025-01-27,United States,North America,0.883,0.792,2.006,62.76,3.46,4.6113,3.42,51.4,54.8,26.9,0,No Event,0.52,Low,18.0,0.91025,0.0433911589510462,0.911,63.72,0,2025,1,1,5,0
2025-02-03,United States,North America,0.91,0.826,2.245,65.3,2.36,4.5092,1.0,65.8,48.9,22.8,0,No Event,-0.37,Low,18.0,0.903,0.0425310345220733,0.883,62.76,0,2025,2,1,6,0
2025-02-10,United States,North America,0.928,0.869,1.943,67.71,2.99,4.4828,4.54,66.1,40.5,20.5,0,No Event,1.76,Low,18.0,0.908,0.0425246598989917,0.91,65.3,0,2025,2,1,7,0
2025-02-17,United States,North America,0.966,0.852,2.399,67.58,2.75,4.5433,1.38,58.4,44.2,24.9,0,No Event,0.03,Low,18.0,0.92175,0.0393004400120226,0.928,67.71,0,2025,2,1,8,0
2025-02-24,United States,North America,0.957,0.865,1.963,68.2,3.16,4.493,1.21,48.7,55.5,24.1,0,No Event,0.58,Low,18.0,0.94025,0.0398508410145582,0.966,67.58,0,2025,2,1,9,0
2025-03-03,United States,North America,1.004,0.91,2.179,72.75,4.31,4.5889,1.39,56.5,57.5,20.6,0,No Event,-0.36,Low,18.0,0.96375,0.0410465666047347,0.957,68.2,0,2025,3,1,10,0
2025-03-10,United States,North America,0.886,0.822,1.64,64.28,2.46,4.5019,4.38,53.7,50.1,29.9,0,No Event,0.24,Low,18.0,0.95325,0.0547857303256487,1.004,72.75,0,2025,3,1,11,0
2025-03-17,United States,North America,1.017,0.918,2.475,72.47,2.37,4.642,3.94,44.7,56.0,23.6,0,No Event,0.45,Low,18.0,0.966,0.0661105948442597,0.886,64.28,0,2025,3,1,12,0
2025-03-24,United States,North America,0.973,0.843,1.944,67.74,3.61,4.5588,0.76,45.0,62.8,25.1,0,No Event,0.05,Low,18.0,0.97,0.0672978789121363,1.017,72.47,0,2025,3,1,13,0
2025-03-31,United States,North America,1.008,0.915,1.717,70.85,2.85,4.6636,2.35,56.0,43.4,20.4,0,No Event,0.41,Low,18.0,0.971,0.064424796133873,0.973,67.74,0,2025,3,1,14,0
2025-04-07,United States,North America,0.976,0.916,2.075,69.0,3.62,4.6462,2.45,57.0,43.1,25.7,0,No Event,0.65,Low,18.0,0.9935,0.0643527664714128,1.008,70.85,0,2025,4,2,15,0
2025-04-14,United States,North America,0.95,0.847,2.109,67.97,2.76,4.5512,1.25,54.2,56.2,26.9,0,No Event,0.54,Low,18.0,0.97675,0.065123636497185,0.976,69.0,0,2025,4,2,16,0
2025-04-21,United States,North America,0.957,0.882,2.431,67.96,2.77,4.5361,1.58,54.4,44.4,25.8,0,No Event,-0.12,Low,18.0,0.97275,0.0641218508376173,0.95,67.97,0,2025,4,2,17,0
2025-04-28,United States,North America,1.035,0.95,2.279,72.01,3.71,4.5827,3.31,70.8,50.7,22.2,0,No Event,-0.43,Low,18.0,0.9795,0.0673149912774421,0.957,67.96,0,2025,4,2,18,0
2025-05-05,United States,North America,0.976,0.916,2.088,68.84,2.23,4.5739,2.16,50.3,44.0,25.9,0,No Event,0.16,Low,18.0,0.9795,0.0701833497839772,1.035,72.01,0,2025,5,2,19,0
2025-05-12,United States,North America,0.942,0.868,2.105,67.22,2.55,4.5896,0.95,55.3,44.3,23.1,0,No Event,-0.39,Low,18.0,0.9775,0.0702053773529759,0.976,68.84,0,2025,5,2,20,0
2025-05-19,United States,North America,0.916,0.841,1.78,65.23,2.28,4.4993,-0.86,59.0,54.8,28.5,0,No Event,0.16,Low,18.0,0.96725,0.070626021078569,0.942,67.22,0,2025,5,2,21,0
2025-05-26,United States,North America,0.912,0.848,2.048,66.74,3.03,4.6258,3.48,66.2,49.5,20.7,0,No Event,-0.47,Low,18.0,0.9365,0.068812871993259,0.916,65.23,0,2025,5,2,22,0
2025-06-02,United States,North America,0.942,0.881,1.866,66.77,2.01,4.5155,3.31,62.5,54.7,26.5,0,No Event,1.03,Low,18.0,0.928,0.0597210718339102,0.912,66.74,0,2025,6,2,23,0
2025-06-09,United States,North America,0.833,0.759,1.594,58.98,3.67,4.5321,1.1,42.3,30.1,25.1,0,No Event,0.43,Low,18.0,0.90075,0.0508936130358401,0.942,66.77,0,2025,6,2,24,0
2025-06-16,United States,North America,0.877,0.744,1.655,59.93,3.65,4.5633,1.9,72.4,31.7,23.7,0,No Event,-0.06,Low,18.0,0.891,0.0535792951763939,0.833,58.98,0,2025,6,2,25,0
2025-06-23,United States,North America,0.876,0.805,1.855,62.2,2.86,4.4455,2.26,34.5,53.8,21.1,0,No Event,-0.47,Low,18.0,0.882,0.0519006909710767,0.877,59.93,1,2025,6,2,26,0
2025-06-30,United States,North America,0.85,0.802,1.532,60.59,2.87,4.506,2.71,55.0,41.3,23.2,0,No Event,-0.02,Low,18.0,0.859,0.0518267257417657,0.876,62.2,0,2025,6,2,27,0
2025-07-07,United States,North America,0.829,0.779,2.06,60.9,3.37,4.4378,1.16,49.3,50.9,29.5,0,No Event,0.26,Low,18.0,0.858,0.0517739479960763,0.85,60.59,0,2025,7,3,28,0
2025-07-14,United States,North America,0.776,0.702,1.668,55.49,3.73,4.5164,-0.48,46.3,41.3,21.3,0,No Event,0.24,Low,18.0,0.8327499999999999,0.053652009917377,0.829,60.9,0,2025,7,3,29,0
2025-07-21,United States,North America,0.767,0.751,1.911,57.19,2.69,4.4651,3.18,55.1,40.7,24.7,0,No Event,-0.39,Low,18.0,0.8055,0.0441665663668369,0.776,55.49,0,2025,7,3,30,0
2025-07-28,United States,North America,0.76,0.695,1.5,54.09,3.03,4.4745,0.22,63.1,45.7,27.0,0,No Event,0.02,Low,18.0,0.7829999999999999,0.0430363130993682,0.767,57.19,0,2025,7,3,31,0
2025-08-04,United States,North America,0.792,0.716,1.737,56.2,3.37,4.5209,1.04,55.2,40.7,22.9,0,No Event,-0.18,Low,18.0,0.77375,0.0461994641739318,0.76,54.09,0,2025,8,3,32,0
2025-08-11,United States,North America,0.763,0.702,1.673,54.87,3.41,4.4705,-0.97,42.7,66.1,29.9,0,No Event,0.5,Low,18.0,0.7705,0.046524664692224,0.792,56.2,0,2025,8,3,33,0
2025-08-18,United States,North America,0.774,0.701,1.575,54.33,3.01,4.5706,4.36,52.0,48.3,22.7,0,No Event,0.74,Low,18.0,0.77225,0.0471926505313906,0.763,54.87,0,2025,8,3,34,0
2025-08-25,United States,North America,0.726,0.671,1.5,50.12,2.88,4.4464,4.61,46.3,33.5,24.1,0,No Event,-1.14,Low,18.0,0.76375,0.0468408648771742,0.774,54.33,0,2025,8,3,35,0
2025-09-01,United States,North America,0.761,0.646,1.5,50.59,2.51,4.4768,4.46,54.0,54.7,26.4,0,No Event,0.64,Low,18.0,0.756,0.0399192883617089,0.726,50.12,0,2025,9,3,36,0
2025-09-08,United States,North America,0.716,0.631,1.5,50.31,2.58,4.4548,1.72,42.3,43.8,28.0,0,No Event,0.01,Low,18.0,0.74425,0.0377490586784996,0.761,50.59,0,2025,9,3,37,0
2025-09-15,United States,North America,0.688,0.644,1.622,50.03,2.71,4.5072,3.45,52.5,52.9,20.9,0,No Event,0.91,Low,18.0,0.72275,0.0379714888183746,0.716,50.31,0,2025,9,3,38,0
2025-09-22,United States,North America,0.721,0.635,1.769,50.25,4.3,4.5144,2.0,38.5,58.2,25.8,0,No Event,-0.33,Low,18.0,0.7215,0.0423934057650258,0.688,50.03,1,2025,9,3,39,0
2025-09-29,United States,North America,0.748,0.677,1.603,52.76,2.66,4.5244,2.72,42.8,49.3,28.9,0,No Event,-0.35,Low,18.0,0.7182499999999999,0.0445479712475165,0.721,50.25,0,2025,9,3,40,0
2025-10-06,United States,North America,0.771,0.695,1.788,54.49,3.47,4.4495,1.88,45.0,51.1,26.9,0,No Event,-0.53,Low,18.0,0.732,0.0419771121455998,0.748,52.76,0,2025,10,4,41,0
2025-10-13,United States,North America,0.792,0.712,1.636,54.79,3.08,4.4817,-0.08,43.5,50.5,26.3,0,No Event,-0.53,Low,18.0,0.758,0.0424726532415869,0.771,54.49,0,2025,10,4,42,0
2025-10-20,United States,North America,0.739,0.643,1.699,51.01,2.83,4.4892,1.8,37.0,68.2,26.3,0,No Event,-0.49,Low,18.0,0.7625,0.047064343632617,0.792,54.79,1,2025,10,4,43,0
2025-10-27,United States,North America,0.766,0.706,1.757,54.95,2.11,4.4521,4.2,39.5,42.8,25.4,0,No Event,-0.06,Low,18.0,0.767,0.0466227338541159,0.739,51.01,1,2025,10,4,44,0
2025-11-03,United States,North America,0.747,0.678,1.645,52.52,3.45,4.4384,1.45,56.0,53.8,25.5,0,No Event,0.7,Low,18.0,0.761,0.0459398237115912,0.766,54.95,0,2025,11,4,45,0
2025-11-10,United States,North America,0.724,0.65,1.737,50.86,2.22,4.4714,4.51,47.0,50.4,27.3,0,No Event,-0.51,Low,18.0,0.744,0.0464308473630994,0.747,52.52,0,2025,11,4,46,0
2025-11-17,United States,North America,0.728,0.662,1.618,52.76,3.8,4.5305,4.18,37.0,47.1,28.8,0,No Event,0.97,Low,18.0,0.74125,0.0427821094239576,0.724,50.86,1,2025,11,4,47,0
2025-11-24,United States,North America,0.748,0.681,1.687,52.17,2.81,4.5786,1.49,59.9,48.1,22.1,0,No Event,0.03,Low,18.0,0.73675,0.041090590914078,0.728,52.76,0,2025,11,4,48,0
2025-12-01,United States,North America,0.772,0.731,1.934,56.68,4.09,4.4978,2.56,55.4,61.4,22.0,0,No Event,0.16,Low,18.0,0.743,0.0375754914693097,0.748,52.17,0,2025,12,4,49,0
2025-12-08,United States,North America,0.857,0.781,1.729,59.56,3.14,4.5461,1.07,41.8,81.1,28.1,0,No Event,0.68,Low,18.0,0.77625,0.0449194572774922,0.772,56.68,0,2025,12,4,50,0
2025-12-15,United States,North America,0.899,0.801,2.03,62.77,3.01,4.4524,3.48,47.5,60.3,23.8,0,No Event,0.05,Low,18.0,0.8190000000000001,0.0449807579672441,0.857,59.56,0,2025,12,4,51,0
2025-12-22,United States,North America,0.882,0.826,2.187,61.81,2.22,4.3883,0.84,61.5,47.8,20.2,0,No Event,0.51,Low,18.0,0.8525,0.0458665911453663,0.899,62.77,0,2025,12,4,52,0
2025-12-29,United States,North America,0.859,0.762,1.607,59.99,2.51,4.5356,-0.11,51.9,45.1,26.7,0,No Event,0.15,Low,18.0,0.87425,0.0469871969140994,0.882,61.81,0,2025,12,4,1,0
2026-01-05,United States,North America,0.913,0.8,1.957,64.52,3.42,4.6043,3.21,51.5,72.5,24.0,0,No Event,-0.24,Low,18.0,0.88825,0.0492439845148513,0.859,59.99,0,2026,1,1,2,0
2026-01-12,United States,North America,0.875,0.787,2.014,62.12,3.35,4.5012,0.47,43.3,63.1,22.3,0,No Event,-0.67,Low,18.0,0.88225,0.0459419786820147,0.913,64.52,0,2026,1,1,3,0
2026-01-19,United States,North America,0.932,0.822,1.934,65.83,2.53,4.5428,0.49,55.2,57.1,22.6,0,No Event,-0.15,Low,18.0,0.89475,0.0478567911635558,0.875,62.12,0,2026,1,1,4,0
2026-01-26,United States,North America,0.974,0.856,2.264,67.06,3.97,4.4575,2.04,60.0,49.8,26.9,0,No Event,0.15,Low,18.0,0.9235,0.0464722347779839,0.932,65.83,0,2026,1,1,5,0
2026-02-02,United States,North America,0.908,0.819,2.024,64.51,2.8,4.5416,2.03,35.1,52.8,21.8,0,No Event,1.06,Low,18.0,0.92225,0.0513549487742274,0.974,67.06,1,2026,2,1,6,0
2026-02-09,United States,North America,0.951,0.891,2.068,67.39,3.18,4.5576,1.72,58.9,46.4,26.1,0,No Event,-0.25,Low,18.0,0.94125,0.0516839066016254,0.908,64.51,0,2026,2,1,7,0
2026-02-16,United States,North America,1.083,0.937,2.297,72.97,2.88,4.6534,1.8,43.2,54.7,24.0,0,No Event,-0.79,Low,18.0,0.979,0.0614806931052699,0.951,67.39,0,2026,2,1,8,0
2026-02-23,United States,North America,0.999,0.892,2.424,69.89,2.72,4.6284,1.72,59.1,50.2,24.4,0,No Event,0.31,Low,18.0,0.98525,0.0692826691125335,1.083,72.97,0,2026,2,1,9,0
2026-03-02,United States,North America,1.016,0.915,2.039,72.38,2.59,4.5533,-1.07,51.6,51.5,29.5,0,No Event,0.67,Low,18.0,1.01225,0.0637388976084058,0.999,69.89,0,2026,3,1,10,0
2026-03-09,United States,North America,1.108,0.991,2.509,77.52,2.63,4.5467,3.78,57.3,52.9,25.3,0,No Event,-0.58,Low,18.0,1.0515,0.0667454352510693,1.016,72.38,0,2026,3,1,11,0
2026-03-16,United States,North America,1.042,0.96,2.11,73.2,3.12,4.5351,1.79,50.8,60.6,27.4,0,No Event,-0.86,Low,18.0,1.04125,0.0698367151988156,1.108,77.52,0,2026,3,1,12,0
2026-03-23,United States,North America,0.99,0.938,2.159,71.68,2.83,4.537,2.57,50.3,38.1,23.8,0,No Event,-0.02,Low,18.0,1.039,0.0714671908017885,1.042,73.2,0,2026,3,1,13,0
